{"targets": {"/home/illy/Documents/CompileStuff/polkitbugfixin/policykit-1-124/obj-x86_64-linux-gnu/actions/org.freedesktop.policykit.policy": {"destination": "{datadir}/polkit-1/actions/org.freedesktop.policykit.policy", "tag": null, "subproject": null}, "/home/illy/Documents/CompileStuff/polkitbugfixin/policykit-1-124/obj-x86_64-linux-gnu/src/polkit/polkitenumtypes.h": {"destination": "{includedir}/polkit-1/polkit/polkitenumtypes.h", "tag": "devel", "subproject": null}, "/home/illy/Documents/CompileStuff/polkitbugfixin/policykit-1-124/obj-x86_64-linux-gnu/src/polkit/libpolkit-gobject-1.so.0.0.0": {"destination": "{libdir_shared}/libpolkit-gobject-1.so.0.0.0", "tag": "runtime", "subproject": null}, "/home/illy/Documents/CompileStuff/polkitbugfixin/policykit-1-124/obj-x86_64-linux-gnu/src/polkit/Polkit-1.0.gir": {"destination": "{prefix}/share/gir-1.0/Polkit-1.0.gir", "tag": "devel", "subproject": null}, "/home/illy/Documents/CompileStuff/polkitbugfixin/policykit-1-124/obj-x86_64-linux-gnu/src/polkit/Polkit-1.0.typelib": {"destination": "{prefix}/lib/x86_64-linux-gnu/girepository-1.0/Polkit-1.0.typelib", "tag": "typelib", "subproject": null}, "/home/illy/Documents/CompileStuff/polkitbugfixin/policykit-1-124/obj-x86_64-linux-gnu/src/polkitbackend/polkitd": {"destination": "{prefix}/lib/polkit-1/polkitd", "tag": "runtime", "subproject": null}, "/home/illy/Documents/CompileStuff/polkitbugfixin/policykit-1-124/obj-x86_64-linux-gnu/src/polkitagent/polkitagentenumtypes.h": {"destination": "{includedir}/polkit-1/polkitagent/polkitagentenumtypes.h", "tag": "devel", "subproject": null}, "/home/illy/Documents/CompileStuff/polkitbugfixin/policykit-1-124/obj-x86_64-linux-gnu/src/polkitagent/libpolkit-agent-1.so.0.0.0": {"destination": "{libdir_shared}/libpolkit-agent-1.so.0.0.0", "tag": "runtime", "subproject": null}, "/home/illy/Documents/CompileStuff/polkitbugfixin/policykit-1-124/obj-x86_64-linux-gnu/src/polkitagent/PolkitAgent-1.0.gir": {"destination": "{prefix}/share/gir-1.0/PolkitAgent-1.0.gir", "tag": "devel", "subproject": null}, "/home/illy/Documents/CompileStuff/polkitbugfixin/policykit-1-124/obj-x86_64-linux-gnu/src/polkitagent/PolkitAgent-1.0.typelib": {"destination": "{prefix}/lib/x86_64-linux-gnu/girepository-1.0/PolkitAgent-1.0.typelib", "tag": "typelib", "subproject": null}, "/home/illy/Documents/CompileStuff/polkitbugfixin/policykit-1-124/obj-x86_64-linux-gnu/src/polkitagent/polkit-agent-helper-1": {"destination": "{prefix}/lib/polkit-1/polkit-agent-helper-1", "tag": "runtime", "subproject": null}, "/home/illy/Documents/CompileStuff/polkitbugfixin/policykit-1-124/obj-x86_64-linux-gnu/src/programs/pkexec": {"destination": "{bindir}/pkexec", "tag": "runtime", "subproject": null}, "/home/illy/Documents/CompileStuff/polkitbugfixin/policykit-1-124/obj-x86_64-linux-gnu/src/programs/pkcheck": {"destination": "{bindir}/pkcheck", "tag": "runtime", "subproject": null}, "/home/illy/Documents/CompileStuff/polkitbugfixin/policykit-1-124/obj-x86_64-linux-gnu/src/programs/pkaction": {"destination": "{bindir}/pkaction", "tag": "runtime", "subproject": null}, "/home/illy/Documents/CompileStuff/polkitbugfixin/policykit-1-124/obj-x86_64-linux-gnu/src/programs/pkttyagent": {"destination": "{bindir}/pkttyagent", "tag": "runtime", "subproject": null}, "/home/illy/Documents/CompileStuff/polkitbugfixin/policykit-1-124/obj-x86_64-linux-gnu/docs/man/polkit.8": {"destination": "{mandir}/man8/polkit.8", "tag": null, "subproject": null}, "/home/illy/Documents/CompileStuff/polkitbugfixin/policykit-1-124/obj-x86_64-linux-gnu/docs/man/polkitd.8": {"destination": "{mandir}/man8/polkitd.8", "tag": null, "subproject": null}, "/home/illy/Documents/CompileStuff/polkitbugfixin/policykit-1-124/obj-x86_64-linux-gnu/docs/man/pkexec.1": {"destination": "{mandir}/man1/pkexec.1", "tag": null, "subproject": null}, "/home/illy/Documents/CompileStuff/polkitbugfixin/policykit-1-124/obj-x86_64-linux-gnu/docs/man/pkcheck.1": {"destination": "{mandir}/man1/pkcheck.1", "tag": null, "subproject": null}, "/home/illy/Documents/CompileStuff/polkitbugfixin/policykit-1-124/obj-x86_64-linux-gnu/docs/man/pkaction.1": {"destination": "{mandir}/man1/pkaction.1", "tag": null, "subproject": null}, "/home/illy/Documents/CompileStuff/polkitbugfixin/policykit-1-124/obj-x86_64-linux-gnu/docs/man/pkttyagent.1": {"destination": "{mandir}/man1/pkttyagent.1", "tag": null, "subproject": null}, "/home/illy/Documents/CompileStuff/polkitbugfixin/policykit-1-124/obj-x86_64-linux-gnu/po/cs/LC_MESSAGES/polkit-1.mo": {"destination": "{prefix}/share/locale/cs/LC_MESSAGES/polkit-1.mo", "tag": "i18n", "subproject": null}, "/home/illy/Documents/CompileStuff/polkitbugfixin/policykit-1-124/obj-x86_64-linux-gnu/po/da/LC_MESSAGES/polkit-1.mo": {"destination": "{prefix}/share/locale/da/LC_MESSAGES/polkit-1.mo", "tag": "i18n", "subproject": null}, "/home/illy/Documents/CompileStuff/polkitbugfixin/policykit-1-124/obj-x86_64-linux-gnu/po/de/LC_MESSAGES/polkit-1.mo": {"destination": "{prefix}/share/locale/de/LC_MESSAGES/polkit-1.mo", "tag": "i18n", "subproject": null}, "/home/illy/Documents/CompileStuff/polkitbugfixin/policykit-1-124/obj-x86_64-linux-gnu/po/hr/LC_MESSAGES/polkit-1.mo": {"destination": "{prefix}/share/locale/hr/LC_MESSAGES/polkit-1.mo", "tag": "i18n", "subproject": null}, "/home/illy/Documents/CompileStuff/polkitbugfixin/policykit-1-124/obj-x86_64-linux-gnu/po/hu/LC_MESSAGES/polkit-1.mo": {"destination": "{prefix}/share/locale/hu/LC_MESSAGES/polkit-1.mo", "tag": "i18n", "subproject": null}, "/home/illy/Documents/CompileStuff/polkitbugfixin/policykit-1-124/obj-x86_64-linux-gnu/po/id/LC_MESSAGES/polkit-1.mo": {"destination": "{prefix}/share/locale/id/LC_MESSAGES/polkit-1.mo", "tag": "i18n", "subproject": null}, "/home/illy/Documents/CompileStuff/polkitbugfixin/policykit-1-124/obj-x86_64-linux-gnu/po/it/LC_MESSAGES/polkit-1.mo": {"destination": "{prefix}/share/locale/it/LC_MESSAGES/polkit-1.mo", "tag": "i18n", "subproject": null}, "/home/illy/Documents/CompileStuff/polkitbugfixin/policykit-1-124/obj-x86_64-linux-gnu/po/ka/LC_MESSAGES/polkit-1.mo": {"destination": "{prefix}/share/locale/ka/LC_MESSAGES/polkit-1.mo", "tag": "i18n", "subproject": null}, "/home/illy/Documents/CompileStuff/polkitbugfixin/policykit-1-124/obj-x86_64-linux-gnu/po/nl/LC_MESSAGES/polkit-1.mo": {"destination": "{prefix}/share/locale/nl/LC_MESSAGES/polkit-1.mo", "tag": "i18n", "subproject": null}, "/home/illy/Documents/CompileStuff/polkitbugfixin/policykit-1-124/obj-x86_64-linux-gnu/po/nn/LC_MESSAGES/polkit-1.mo": {"destination": "{prefix}/share/locale/nn/LC_MESSAGES/polkit-1.mo", "tag": "i18n", "subproject": null}, "/home/illy/Documents/CompileStuff/polkitbugfixin/policykit-1-124/obj-x86_64-linux-gnu/po/pl/LC_MESSAGES/polkit-1.mo": {"destination": "{prefix}/share/locale/pl/LC_MESSAGES/polkit-1.mo", "tag": "i18n", "subproject": null}, "/home/illy/Documents/CompileStuff/polkitbugfixin/policykit-1-124/obj-x86_64-linux-gnu/po/pt/LC_MESSAGES/polkit-1.mo": {"destination": "{prefix}/share/locale/pt/LC_MESSAGES/polkit-1.mo", "tag": "i18n", "subproject": null}, "/home/illy/Documents/CompileStuff/polkitbugfixin/policykit-1-124/obj-x86_64-linux-gnu/po/pt_BR/LC_MESSAGES/polkit-1.mo": {"destination": "{prefix}/share/locale/pt_BR/LC_MESSAGES/polkit-1.mo", "tag": "i18n", "subproject": null}, "/home/illy/Documents/CompileStuff/polkitbugfixin/policykit-1-124/obj-x86_64-linux-gnu/po/ro/LC_MESSAGES/polkit-1.mo": {"destination": "{prefix}/share/locale/ro/LC_MESSAGES/polkit-1.mo", "tag": "i18n", "subproject": null}, "/home/illy/Documents/CompileStuff/polkitbugfixin/policykit-1-124/obj-x86_64-linux-gnu/po/ru/LC_MESSAGES/polkit-1.mo": {"destination": "{prefix}/share/locale/ru/LC_MESSAGES/polkit-1.mo", "tag": "i18n", "subproject": null}, "/home/illy/Documents/CompileStuff/polkitbugfixin/policykit-1-124/obj-x86_64-linux-gnu/po/sk/LC_MESSAGES/polkit-1.mo": {"destination": "{prefix}/share/locale/sk/LC_MESSAGES/polkit-1.mo", "tag": "i18n", "subproject": null}, "/home/illy/Documents/CompileStuff/polkitbugfixin/policykit-1-124/obj-x86_64-linux-gnu/po/sv/LC_MESSAGES/polkit-1.mo": {"destination": "{prefix}/share/locale/sv/LC_MESSAGES/polkit-1.mo", "tag": "i18n", "subproject": null}, "/home/illy/Documents/CompileStuff/polkitbugfixin/policykit-1-124/obj-x86_64-linux-gnu/po/tr/LC_MESSAGES/polkit-1.mo": {"destination": "{prefix}/share/locale/tr/LC_MESSAGES/polkit-1.mo", "tag": "i18n", "subproject": null}, "/home/illy/Documents/CompileStuff/polkitbugfixin/policykit-1-124/obj-x86_64-linux-gnu/po/uk/LC_MESSAGES/polkit-1.mo": {"destination": "{prefix}/share/locale/uk/LC_MESSAGES/polkit-1.mo", "tag": "i18n", "subproject": null}, "/home/illy/Documents/CompileStuff/polkitbugfixin/policykit-1-124/obj-x86_64-linux-gnu/po/zh_CN/LC_MESSAGES/polkit-1.mo": {"destination": "{prefix}/share/locale/zh_CN/LC_MESSAGES/polkit-1.mo", "tag": "i18n", "subproject": null}, "/home/illy/Documents/CompileStuff/polkitbugfixin/policykit-1-124/obj-x86_64-linux-gnu/po/zh_TW/LC_MESSAGES/polkit-1.mo": {"destination": "{prefix}/share/locale/zh_TW/LC_MESSAGES/polkit-1.mo", "tag": "i18n", "subproject": null}}, "data": {"/home/illy/Documents/CompileStuff/polkitbugfixin/policykit-1-124/gettext/its/polkit.its": {"destination": "{datadir}/gettext/its/polkit.its", "tag": null, "subproject": null}, "/home/illy/Documents/CompileStuff/polkitbugfixin/policykit-1-124/gettext/its/polkit.loc": {"destination": "{datadir}/gettext/its/polkit.loc", "tag": null, "subproject": null}, "/home/illy/Documents/CompileStuff/polkitbugfixin/policykit-1-124/data/policyconfig-1.dtd": {"destination": "{datadir}/polkit-1/policyconfig-1.dtd", "tag": null, "subproject": null}, "/home/illy/Documents/CompileStuff/polkitbugfixin/policykit-1-124/obj-x86_64-linux-gnu/meson-private/polkit-gobject-1.pc": {"destination": "{libdir}/pkgconfig/polkit-gobject-1.pc", "tag": "devel", "subproject": null}, "/home/illy/Documents/CompileStuff/polkitbugfixin/policykit-1-124/src/polkitbackend/50-default.rules": {"destination": "{datadir}/polkit-1/rules.d/50-default.rules", "tag": null, "subproject": null}, "/home/illy/Documents/CompileStuff/polkitbugfixin/policykit-1-124/obj-x86_64-linux-gnu/meson-private/polkit-agent-1.pc": {"destination": "{libdir}/pkgconfig/polkit-agent-1.pc", "tag": "devel", "subproject": null}}, "configure": {"/home/illy/Documents/CompileStuff/polkitbugfixin/policykit-1-124/obj-x86_64-linux-gnu/data/org.freedesktop.PolicyKit1.service": {"destination": "{prefix}/share/dbus-1/system-services/org.freedesktop.PolicyKit1.service", "tag": null, "subproject": null}, "/home/illy/Documents/CompileStuff/polkitbugfixin/policykit-1-124/obj-x86_64-linux-gnu/data/org.freedesktop.PolicyKit1.conf": {"destination": "{prefix}/share/dbus-1/system.d/org.freedesktop.PolicyKit1.conf", "tag": null, "subproject": null}, "/home/illy/Documents/CompileStuff/polkitbugfixin/policykit-1-124/obj-x86_64-linux-gnu/data/polkit-1": {"destination": "{prefix}/lib/pam.d/polkit-1", "tag": null, "subproject": null}, "/home/illy/Documents/CompileStuff/polkitbugfixin/policykit-1-124/obj-x86_64-linux-gnu/data/polkit.service": {"destination": "/usr/lib/systemd/system/polkit.service", "tag": null, "subproject": null}, "/home/illy/Documents/CompileStuff/polkitbugfixin/policykit-1-124/obj-x86_64-linux-gnu/data/polkit.conf": {"destination": "/usr/lib/sysusers.d/polkit.conf", "tag": null, "subproject": null}}, "headers": {"/home/illy/Documents/CompileStuff/polkitbugfixin/policykit-1-124/src/polkit/polkitauthorityfeatures.h": {"destination": "include/polkit-1/polkit/polkitauthorityfeatures.h", "tag": "devel", "subproject": null}, "/home/illy/Documents/CompileStuff/polkitbugfixin/policykit-1-124/src/polkit/polkitcheckauthorizationflags.h": {"destination": "include/polkit-1/polkit/polkitcheckauthorizationflags.h", "tag": "devel", "subproject": null}, "/home/illy/Documents/CompileStuff/polkitbugfixin/policykit-1-124/src/polkit/polkiterror.h": {"destination": "include/polkit-1/polkit/polkiterror.h", "tag": "devel", "subproject": null}, "/home/illy/Documents/CompileStuff/polkitbugfixin/policykit-1-124/src/polkit/polkitimplicitauthorization.h": {"destination": "include/polkit-1/polkit/polkitimplicitauthorization.h", "tag": "devel", "subproject": null}, "/home/illy/Documents/CompileStuff/polkitbugfixin/policykit-1-124/src/polkit/polkitactiondescription.h": {"destination": "include/polkit-1/polkit/polkitactiondescription.h", "tag": "devel", "subproject": null}, "/home/illy/Documents/CompileStuff/polkitbugfixin/policykit-1-124/src/polkit/polkitauthority.h": {"destination": "include/polkit-1/polkit/polkitauthority.h", "tag": "devel", "subproject": null}, "/home/illy/Documents/CompileStuff/polkitbugfixin/policykit-1-124/src/polkit/polkitauthorizationresult.h": {"destination": "include/polkit-1/polkit/polkitauthorizationresult.h", "tag": "devel", "subproject": null}, "/home/illy/Documents/CompileStuff/polkitbugfixin/policykit-1-124/src/polkit/polkitdetails.h": {"destination": "include/polkit-1/polkit/polkitdetails.h", "tag": "devel", "subproject": null}, "/home/illy/Documents/CompileStuff/polkitbugfixin/policykit-1-124/src/polkit/polkit.h": {"destination": "include/polkit-1/polkit/polkit.h", "tag": "devel", "subproject": null}, "/home/illy/Documents/CompileStuff/polkitbugfixin/policykit-1-124/src/polkit/polkitidentity.h": {"destination": "include/polkit-1/polkit/polkitidentity.h", "tag": "devel", "subproject": null}, "/home/illy/Documents/CompileStuff/polkitbugfixin/policykit-1-124/src/polkit/polkitpermission.h": {"destination": "include/polkit-1/polkit/polkitpermission.h", "tag": "devel", "subproject": null}, "/home/illy/Documents/CompileStuff/polkitbugfixin/policykit-1-124/src/polkit/polkitsubject.h": {"destination": "include/polkit-1/polkit/polkitsubject.h", "tag": "devel", "subproject": null}, "/home/illy/Documents/CompileStuff/polkitbugfixin/policykit-1-124/src/polkit/polkitsystembusname.h": {"destination": "include/polkit-1/polkit/polkitsystembusname.h", "tag": "devel", "subproject": null}, "/home/illy/Documents/CompileStuff/polkitbugfixin/policykit-1-124/src/polkit/polkittemporaryauthorization.h": {"destination": "include/polkit-1/polkit/polkittemporaryauthorization.h", "tag": "devel", "subproject": null}, "/home/illy/Documents/CompileStuff/polkitbugfixin/policykit-1-124/src/polkit/polkitunixgroup.h": {"destination": "include/polkit-1/polkit/polkitunixgroup.h", "tag": "devel", "subproject": null}, "/home/illy/Documents/CompileStuff/polkitbugfixin/policykit-1-124/src/polkit/polkitunixnetgroup.h": {"destination": "include/polkit-1/polkit/polkitunixnetgroup.h", "tag": "devel", "subproject": null}, "/home/illy/Documents/CompileStuff/polkitbugfixin/policykit-1-124/src/polkit/polkitunixprocess.h": {"destination": "include/polkit-1/polkit/polkitunixprocess.h", "tag": "devel", "subproject": null}, "/home/illy/Documents/CompileStuff/polkitbugfixin/policykit-1-124/src/polkit/polkitunixsession.h": {"destination": "include/polkit-1/polkit/polkitunixsession.h", "tag": "devel", "subproject": null}, "/home/illy/Documents/CompileStuff/polkitbugfixin/policykit-1-124/src/polkit/polkitunixuser.h": {"destination": "include/polkit-1/polkit/polkitunixuser.h", "tag": "devel", "subproject": null}, "/home/illy/Documents/CompileStuff/polkitbugfixin/policykit-1-124/src/polkit/polkitprivate.h": {"destination": "include/polkit-1/polkit/polkitprivate.h", "tag": "devel", "subproject": null}, "/home/illy/Documents/CompileStuff/polkitbugfixin/policykit-1-124/src/polkit/polkittypes.h": {"destination": "include/polkit-1/polkit/polkittypes.h", "tag": "devel", "subproject": null}, "/home/illy/Documents/CompileStuff/polkitbugfixin/policykit-1-124/src/polkitagent/polkitagentlistener.h": {"destination": "include/polkit-1/polkitagent/polkitagentlistener.h", "tag": "devel", "subproject": null}, "/home/illy/Documents/CompileStuff/polkitbugfixin/policykit-1-124/src/polkitagent/polkitagent.h": {"destination": "include/polkit-1/polkitagent/polkitagent.h", "tag": "devel", "subproject": null}, "/home/illy/Documents/CompileStuff/polkitbugfixin/policykit-1-124/src/polkitagent/polkitagentsession.h": {"destination": "include/polkit-1/polkitagent/polkitagentsession.h", "tag": "devel", "subproject": null}, "/home/illy/Documents/CompileStuff/polkitbugfixin/policykit-1-124/src/polkitagent/polkitagenttextlistener.h": {"destination": "include/polkit-1/polkitagent/polkitagenttextlistener.h", "tag": "devel", "subproject": null}, "/home/illy/Documents/CompileStuff/polkitbugfixin/policykit-1-124/src/polkitagent/polkitagenttypes.h": {"destination": "include/polkit-1/polkitagent/polkitagenttypes.h", "tag": "devel", "subproject": null}}}