[{"name": "gio-2.0", "type": "pkgconfig", "version": "2.78.4", "compile_args": ["-I/usr/include/glib-2.0", "-I/usr/lib/x86_64-linux-gnu/glib-2.0/include", "-pthread", "-I/usr/include/libmount", "-I/usr/include/blkid"], "link_args": ["/usr/lib/x86_64-linux-gnu/libgio-2.0.so", "/usr/lib/x86_64-linux-gnu/libgobject-2.0.so", "/usr/lib/x86_64-linux-gnu/libglib-2.0.so"], "include_directories": [], "sources": [], "extra_files": [], "dependencies": [], "depends": [], "meson_variables": ["gio_dep"]}, {"name": "gio-unix-2.0", "type": "pkgconfig", "version": "2.78.4", "compile_args": ["-I/usr/include/gio-unix-2.0", "-I/usr/include/glib-2.0", "-I/usr/lib/x86_64-linux-gnu/glib-2.0/include", "-pthread", "-I/usr/include/libmount", "-I/usr/include/blkid"], "link_args": ["/usr/lib/x86_64-linux-gnu/libgio-2.0.so", "/usr/lib/x86_64-linux-gnu/libgobject-2.0.so", "/usr/lib/x86_64-linux-gnu/libglib-2.0.so"], "include_directories": [], "sources": [], "extra_files": [], "dependencies": [], "depends": [], "meson_variables": ["gio_unix_dep"]}, {"name": "glib-2.0", "type": "pkgconfig", "version": "2.78.4", "compile_args": ["-I/usr/include/glib-2.0", "-I/usr/lib/x86_64-linux-gnu/glib-2.0/include"], "link_args": ["/usr/lib/x86_64-linux-gnu/libglib-2.0.so"], "include_directories": [], "sources": [], "extra_files": [], "dependencies": [], "depends": [], "meson_variables": ["glib_dep"]}, {"name": "gobject-2.0", "type": "pkgconfig", "version": "2.78.4", "compile_args": ["-I/usr/include/glib-2.0", "-I/usr/lib/x86_64-linux-gnu/glib-2.0/include"], "link_args": ["/usr/lib/x86_64-linux-gnu/libgobject-2.0.so", "/usr/lib/x86_64-linux-gnu/libglib-2.0.so"], "include_directories": [], "sources": [], "extra_files": [], "dependencies": [], "depends": [], "meson_variables": ["gobject_dep"]}, {"name": "expat", "type": "pkgconfig", "version": "2.5.0", "compile_args": [], "link_args": ["/usr/lib/x86_64-linux-gnu/libexpat.so"], "include_directories": [], "sources": [], "extra_files": [], "dependencies": [], "depends": [], "meson_variables": ["expat_dep"]}, {"name": "duktape", "type": "pkgconfig", "version": "2.2.0", "compile_args": [], "link_args": ["/usr/lib/x86_64-linux-gnu/libduktape.so"], "include_directories": [], "sources": [], "extra_files": [], "dependencies": [], "depends": [], "meson_variables": ["js_dep"]}, {"name": "threads", "type": "system", "version": "unknown", "compile_args": ["-pthread"], "link_args": ["-pthread"], "include_directories": [], "sources": [], "extra_files": [], "dependencies": [], "depends": [], "meson_variables": ["thread_dep"]}, {"name": "libsystemd", "type": "pkgconfig", "version": "255", "compile_args": [], "link_args": ["/usr/lib/x86_64-linux-gnu/libsystemd.so"], "include_directories": [], "sources": [], "extra_files": [], "dependencies": [], "depends": [], "meson_variables": ["logind_dep"]}, {"name": "systemd", "type": "pkgconfig", "version": "255", "compile_args": [], "link_args": [], "include_directories": [], "sources": [], "extra_files": [], "dependencies": [], "depends": [], "meson_variables": ["systemd_dep"]}, {"name": "gobject-introspection-1.0", "type": "pkgconfig", "version": "1.78.1", "compile_args": ["-I/usr/include/gobject-introspection-1.0", "-I/usr/include/glib-2.0", "-I/usr/lib/x86_64-linux-gnu/glib-2.0/include"], "link_args": ["/usr/lib/x86_64-linux-gnu/libgirepository-1.0.so", "/usr/lib/x86_64-linux-gnu/libgobject-2.0.so", "/usr/lib/x86_64-linux-gnu/libglib-2.0.so"], "include_directories": [], "sources": [], "extra_files": [], "dependencies": [], "depends": [], "meson_variables": []}, {"name": "m", "type": "library", "version": "unknown", "compile_args": [], "link_args": ["-lm"], "include_directories": [], "sources": [], "extra_files": [], "dependencies": [], "depends": [], "meson_variables": ["libm_dep"]}, {"name": "pam", "type": "library", "version": "unknown", "compile_args": [], "link_args": ["-lpam"], "include_directories": [], "sources": [], "extra_files": [], "dependencies": [], "depends": [], "meson_variables": ["pam_dep"]}, {"name": "dep139631599018384", "type": "internal", "version": "124", "compile_args": [], "link_args": [], "include_directories": ["/home/illy/Documents/CompileStuff/polkitbugfixin/policykit-1-124/src/."], "sources": ["polkitenumtypes.h"], "extra_files": [], "dependencies": ["gio-2.0", "gio-unix-2.0", "glib-2.0"], "depends": ["4007237@@polkit-gobject-1@sha"], "meson_variables": ["libpolkit_gobject_dep"]}, {"name": "dep139631597266576", "type": "internal", "version": "124", "compile_args": [], "link_args": [], "include_directories": ["/home/illy/Documents/CompileStuff/polkitbugfixin/policykit-1-124/src/polkitagent/."], "sources": ["polkitagentenumtypes.h"], "extra_files": [], "dependencies": ["dep139631599018384"], "depends": ["2985d0a@@polkit-agent-1@sha"], "meson_variables": ["libpolkit_agent_dep"]}, {"name": "dep139631598161808", "type": "internal", "version": "124", "compile_args": [], "link_args": [], "include_directories": ["/home/illy/Documents/CompileStuff/polkitbugfixin/policykit-1-124/test/."], "sources": [], "extra_files": [], "dependencies": ["glib-2.0"], "depends": ["9f86d08@@polkit-test-helper@sta"], "meson_variables": ["libpolkit_test_helper_dep"]}]