[{"name": "org.freedesktop.policykit.policy", "id": "2b0dcdd@@org.freedesktop.policykit.policy@cus", "type": "custom", "defined_in": "/home/illy/Documents/CompileStuff/polkitbugfixin/policykit-1-124/actions/meson.build", "filename": ["/home/illy/Documents/CompileStuff/polkitbugfixin/policykit-1-124/obj-x86_64-linux-gnu/actions/org.freedesktop.policykit.policy"], "build_by_default": true, "target_sources": [{"language": "unknown", "compiler": ["/usr/bin/meson", "--internal", "msgfmthelper", "--msgfmt=/usr/bin/msgfmt", "--datadirs=/home/illy/Documents/CompileStuff/polkitbugfixin/policykit-1-124/gettext", "@INPUT@", "@OUTPUT@", "xml", "/home/illy/Documents/CompileStuff/polkitbugfixin/policykit-1-124/po"], "parameters": [], "sources": ["/home/illy/Documents/CompileStuff/polkitbugfixin/policykit-1-124/org.freedesktop.policykit.policy.in"], "generated_sources": []}], "extra_files": [], "subproject": null, "dependencies": [], "depends": [], "installed": true, "install_filename": ["/usr/share/polkit-1/actions/org.freedesktop.policykit.policy"]}, {"name": "polkitenumtypes.c", "id": "4007237@@polkitenumtypes.c@cus", "type": "custom", "defined_in": "/home/illy/Documents/CompileStuff/polkitbugfixin/policykit-1-124/src/polkit/meson.build", "filename": ["/home/illy/Documents/CompileStuff/polkitbugfixin/policykit-1-124/obj-x86_64-linux-gnu/src/polkit/polkitenumtypes.c"], "build_by_default": false, "target_sources": [{"language": "unknown", "compiler": ["/usr/bin/glib-mkenums", "--fhead", "#include \"polkitenumtypes.h\"\n#include \"polkitauthorityfeatures.h\"\n#include \"polkitcheckauthorizationflags.h\"\n#include \"polkiterror.h\"\n#include \"polkitimplicitauthorization.h\"\n\n#define C_ENUM(v) ((gint) v)\n#define C_FLAGS(v) ((guint) v)\n", "--fprod", "\n/* enumerations from \"@basename@\" */\n", "--vhead", "\nGType\n@enum_name@_get_type (void)\n{\nstatic gsize gtype_id = 0;\nstatic const G@Type@Value values[] = {", "--vprod", "    { C_@TYPE@(@VALUENAME@), \"@VALUENAME@\", \"@valuenick@\" },", "--vtail", "{ 0, NULL, NULL }\n        };\n        if (g_once_init_enter (&gtype_id)) {\n            GType new_type = g_@type@_register_static (g_intern_static_string (\"@EnumName@\"), values);\n            g_once_init_leave (&gtype_id, new_type);\n        }\n        return (GType) gtype_id;\n        }", "@INPUT@"], "parameters": [], "sources": ["/home/illy/Documents/CompileStuff/polkitbugfixin/policykit-1-124/src/polkit/polkitauthorityfeatures.h", "/home/illy/Documents/CompileStuff/polkitbugfixin/policykit-1-124/src/polkit/polkitcheckauthorizationflags.h", "/home/illy/Documents/CompileStuff/polkitbugfixin/policykit-1-124/src/polkit/polkiterror.h", "/home/illy/Documents/CompileStuff/polkitbugfixin/policykit-1-124/src/polkit/polkitimplicitauthorization.h"], "generated_sources": []}], "extra_files": [], "subproject": null, "dependencies": [], "depends": [], "installed": false}, {"name": "polkitenumtypes.h", "id": "4007237@@polkitenumtypes.h@cus", "type": "custom", "defined_in": "/home/illy/Documents/CompileStuff/polkitbugfixin/policykit-1-124/src/polkit/meson.build", "filename": ["/home/illy/Documents/CompileStuff/polkitbugfixin/policykit-1-124/obj-x86_64-linux-gnu/src/polkit/polkitenumtypes.h"], "build_by_default": true, "target_sources": [{"language": "unknown", "compiler": ["/usr/bin/glib-mkenums", "--fhead", "#pragma once\n\n            #include <glib-object.h>\n\n\n            G_BEGIN_DECLS\n", "--fprod", "\n/* enumerations from \"@basename@\" */\n", "--vhead", "\n\nGType @enum_name@_get_type (void);\n#define @ENUMPREFIX@_TYPE_@ENUMSHORT@ (@enum_name@_get_type())", "--ftail", "\nG_END_DECLS", "@INPUT@"], "parameters": [], "sources": ["/home/illy/Documents/CompileStuff/polkitbugfixin/policykit-1-124/src/polkit/polkitauthorityfeatures.h", "/home/illy/Documents/CompileStuff/polkitbugfixin/policykit-1-124/src/polkit/polkitcheckauthorizationflags.h", "/home/illy/Documents/CompileStuff/polkitbugfixin/policykit-1-124/src/polkit/polkiterror.h", "/home/illy/Documents/CompileStuff/polkitbugfixin/policykit-1-124/src/polkit/polkitimplicitauthorization.h"], "generated_sources": []}], "extra_files": [], "subproject": null, "dependencies": [], "depends": [], "installed": true, "install_filename": ["/usr/include/polkit-1/polkit/polkitenumtypes.h"]}, {"name": "polkit-gobject-1", "id": "4007237@@polkit-gobject-1@sha", "type": "shared library", "defined_in": "/home/illy/Documents/CompileStuff/polkitbugfixin/policykit-1-124/src/polkit/meson.build", "filename": ["/home/illy/Documents/CompileStuff/polkitbugfixin/policykit-1-124/obj-x86_64-linux-gnu/src/polkit/libpolkit-gobject-1.so.0.0.0"], "build_by_default": true, "target_sources": [{"language": "c", "compiler": ["cc"], "parameters": ["-I/home/illy/Documents/CompileStuff/polkitbugfixin/policykit-1-124/obj-x86_64-linux-gnu/src/polkit/libpolkit-gobject-1.so.0.0.0.p", "-I/home/illy/Documents/CompileStuff/polkitbugfixin/policykit-1-124/obj-x86_64-linux-gnu/src/polkit", "-I/home/illy/Documents/CompileStuff/polkitbugfixin/policykit-1-124/src/polkit", "-I/home/illy/Documents/CompileStuff/polkitbugfixin/policykit-1-124/obj-x86_64-linux-gnu", "-I/home/illy/Documents/CompileStuff/polkitbugfixin/policykit-1-124", "-I/home/illy/Documents/CompileStuff/polkitbugfixin/policykit-1-124/obj-x86_64-linux-gnu/src", "-I/home/illy/Documents/CompileStuff/polkitbugfixin/policykit-1-124/src", "-I/usr/include/glib-2.0", "-I/usr/lib/x86_64-linux-gnu/glib-2.0/include", "-I/usr/include/libmount", "-I/usr/include/blkid", "-I/usr/include/gio-unix-2.0", "-fdiagnostics-color=always", "-D_FILE_OFFSET_BITS=64", "-Wall", "-Winvalid-pch", "-std=c99", "-DHAVE_CONFIG_H", "-g", "-O2", "-ffile-prefix-map=/home/illy/Documents/CompileStuff/polkitbugfixin/policykit-1-124=.", "-fstack-protector-strong", "-fstack-clash-protection", "-Wformat", "-Werror=format-security", "-fcf-protection", "-Wdate-time", "-D_FORTIFY_SOURCE=2", "-fPIC", "-pthread", "-D_POLKIT_COMPILATION"], "sources": ["/home/illy/Documents/CompileStuff/polkitbugfixin/policykit-1-124/src/polkit/polkitactiondescription.c", "/home/illy/Documents/CompileStuff/polkitbugfixin/policykit-1-124/src/polkit/polkitauthority.c", "/home/illy/Documents/CompileStuff/polkitbugfixin/policykit-1-124/src/polkit/polkitauthorityfeatures.c", "/home/illy/Documents/CompileStuff/polkitbugfixin/policykit-1-124/src/polkit/polkitauthorizationresult.c", "/home/illy/Documents/CompileStuff/polkitbugfixin/policykit-1-124/src/polkit/polkitcheckauthorizationflags.c", "/home/illy/Documents/CompileStuff/polkitbugfixin/policykit-1-124/src/polkit/polkitdetails.c", "/home/illy/Documents/CompileStuff/polkitbugfixin/policykit-1-124/src/polkit/polkiterror.c", "/home/illy/Documents/CompileStuff/polkitbugfixin/policykit-1-124/src/polkit/polkitidentity.c", "/home/illy/Documents/CompileStuff/polkitbugfixin/policykit-1-124/src/polkit/polkitimplicitauthorization.c", "/home/illy/Documents/CompileStuff/polkitbugfixin/policykit-1-124/src/polkit/polkitpermission.c", "/home/illy/Documents/CompileStuff/polkitbugfixin/policykit-1-124/src/polkit/polkitsubject.c", "/home/illy/Documents/CompileStuff/polkitbugfixin/policykit-1-124/src/polkit/polkitsystembusname.c", "/home/illy/Documents/CompileStuff/polkitbugfixin/policykit-1-124/src/polkit/polkittemporaryauthorization.c", "/home/illy/Documents/CompileStuff/polkitbugfixin/policykit-1-124/src/polkit/polkitunixgroup.c", "/home/illy/Documents/CompileStuff/polkitbugfixin/policykit-1-124/src/polkit/polkitunixnetgroup.c", "/home/illy/Documents/CompileStuff/polkitbugfixin/policykit-1-124/src/polkit/polkitunixprocess.c", "/home/illy/Documents/CompileStuff/polkitbugfixin/policykit-1-124/src/polkit/polkitunixuser.c", "/home/illy/Documents/CompileStuff/polkitbugfixin/policykit-1-124/src/polkit/polkitunixsession-systemd.c"], "generated_sources": ["/home/illy/Documents/CompileStuff/polkitbugfixin/policykit-1-124/obj-x86_64-linux-gnu/src/polkit/polkitenumtypes.c"], "unity_sources": []}, {"linker": ["cc"], "parameters": ["-Wl,--as-needed", "-Wl,--no-undefined", "-shared", "-fPIC", "-Wl,--start-group", "-Wl,--start-group", "-Wl,-soname,libpolkit-gobject-1.so.0", "-Wl,-z,relro", "-Wl,-z,now", "-g", "-O2", "-ffile-prefix-map=/home/illy/Documents/CompileStuff/polkitbugfixin/policykit-1-124=.", "-fstack-protector-strong", "-fstack-clash-protection", "-Wformat", "-Werror=format-security", "-fcf-protection", "-Wdate-time", "-D_FORTIFY_SOURCE=2", "-Wl,--version-script,/home/illy/Documents/CompileStuff/polkitbugfixin/policykit-1-124/src/symbol.map", "/usr/lib/x86_64-linux-gnu/libgio-2.0.so", "/usr/lib/x86_64-linux-gnu/libgobject-2.0.so", "/usr/lib/x86_64-linux-gnu/libglib-2.0.so", "/usr/lib/x86_64-linux-gnu/libsystemd.so", "-Wl,--end-group", "-Wl,--end-group"]}], "extra_files": [], "subproject": null, "dependencies": ["gio-2.0", "gio-unix-2.0", "glib-2.0", "libsystemd"], "depends": [], "installed": true, "install_filename": ["/usr/lib/x86_64-linux-gnu/libpolkit-gobject-1.so.0.0.0", "/usr/lib/x86_64-linux-gnu/libpolkit-gobject-1.so.0", "/usr/lib/x86_64-linux-gnu/libpolkit-gobject-1.so"]}, {"name": "Polkit-1.0.gir", "id": "4007237@@Polkit-1.0.gir@cus", "type": "custom", "defined_in": "/home/illy/Documents/CompileStuff/polkitbugfixin/policykit-1-124/src/polkit/meson.build", "filename": ["/home/illy/Documents/CompileStuff/polkitbugfixin/policykit-1-124/obj-x86_64-linux-gnu/src/polkit/Polkit-1.0.gir"], "build_by_default": true, "target_sources": [{"language": "unknown", "compiler": ["/usr/bin/x86_64-linux-gnu-g-ir-scanner", "--quiet", "--no-libtool", "--namespace=Polkit", "--nsversion=1.0", "--warn-all", "--output", "@OUTPUT@", "--c-include=polkit/polkit.h", "-D_POLKIT_COMPILATION", "-I/home/illy/Documents/CompileStuff/polkitbugfixin/policykit-1-124/src/polkit", "-I/home/illy/Documents/CompileStuff/polkitbugfixin/policykit-1-124/obj-x86_64-linux-gnu/src/polkit", "-I/home/illy/Documents/CompileStuff/polkitbugfixin/policykit-1-124/.", "-I/home/illy/Documents/CompileStuff/polkitbugfixin/policykit-1-124/obj-x86_64-linux-gnu/.", "-I/home/illy/Documents/CompileStuff/polkitbugfixin/policykit-1-124/src/.", "-I/home/illy/Documents/CompileStuff/polkitbugfixin/policykit-1-124/obj-x86_64-linux-gnu/src/.", "--filelist=/home/illy/Documents/CompileStuff/polkitbugfixin/policykit-1-124/obj-x86_64-linux-gnu/src/polkit/libpolkit-gobject-1.so.0.0.0.p/Polkit_1.0_gir_filelist", "--include=Gio-2.0", "--pkg-export=polkit-gobject-1", "--cflags-begin", "-DHAVE_CONFIG_H", "-I/home/illy/Documents/CompileStuff/polkitbugfixin/policykit-1-124/.", "-I/home/illy/Documents/CompileStuff/polkitbugfixin/policykit-1-124/obj-x86_64-linux-gnu/.", "-I/home/illy/Documents/CompileStuff/polkitbugfixin/policykit-1-124/src/.", "-I/home/illy/Documents/CompileStuff/polkitbugfixin/policykit-1-124/obj-x86_64-linux-gnu/src/.", "-I/usr/include/glib-2.0", "-I/usr/lib/x86_64-linux-gnu/glib-2.0/include", "-I/usr/include/libmount", "-I/usr/include/blkid", "-I/usr/include/gio-unix-2.0", "-I/usr/include/gobject-introspection-1.0", "--cflags-end", "--add-include-path=/usr/share/gir-1.0", "-L/home/illy/Documents/CompileStuff/polkitbugfixin/policykit-1-124/obj-x86_64-linux-gnu/src/polkit", "--library", "polkit-gobject-1", "--extra-library=gio-2.0", "--extra-library=gobject-2.0", "--extra-library=glib-2.0", "--extra-library=systemd", "--extra-library=girepository-1.0", "--sources-top-dirs", "/home/illy/Documents/CompileStuff/polkitbugfixin/policykit-1-124/", "--sources-top-dirs", "/home/illy/Documents/CompileStuff/polkitbugfixin/policykit-1-124/obj-x86_64-linux-gnu/"], "parameters": [], "sources": ["/home/illy/Documents/CompileStuff/polkitbugfixin/policykit-1-124/obj-x86_64-linux-gnu/src/polkit/polkitenumtypes.c", "/home/illy/Documents/CompileStuff/polkitbugfixin/policykit-1-124/obj-x86_64-linux-gnu/src/polkit/polkitenumtypes.h"], "generated_sources": []}], "extra_files": [], "subproject": null, "dependencies": [], "depends": [], "installed": true, "install_filename": ["/usr/share/gir-1.0/Polkit-1.0.gir"]}, {"name": "Polkit-1.0.typelib", "id": "4007237@@Polkit-1.0.typelib@cus", "type": "custom", "defined_in": "/home/illy/Documents/CompileStuff/polkitbugfixin/policykit-1-124/src/polkit/meson.build", "filename": ["/home/illy/Documents/CompileStuff/polkitbugfixin/policykit-1-124/obj-x86_64-linux-gnu/src/polkit/Polkit-1.0.typelib"], "build_by_default": true, "target_sources": [{"language": "unknown", "compiler": ["/usr/bin/x86_64-linux-gnu-g-ir-compiler", "Polkit-1.0.gir", "--output", "@OUTPUT@", "--includedir=/usr/share/gir-1.0"], "parameters": [], "sources": ["/home/illy/Documents/CompileStuff/polkitbugfixin/policykit-1-124/obj-x86_64-linux-gnu/src/polkit/polkitenumtypes.c", "/home/illy/Documents/CompileStuff/polkitbugfixin/policykit-1-124/obj-x86_64-linux-gnu/src/polkit/polkitenumtypes.h"], "generated_sources": []}], "extra_files": [], "subproject": null, "dependencies": [], "depends": ["4007237@@Polkit-1.0.gir@cus"], "installed": true, "install_filename": ["/usr/lib/x86_64-linux-gnu/girepository-1.0/Polkit-1.0.typelib"]}, {"name": "initjs.h", "id": "c660c49@@initjs.h@cus", "type": "custom", "defined_in": "/home/illy/Documents/CompileStuff/polkitbugfixin/policykit-1-124/src/polkitbackend/meson.build", "filename": ["/home/illy/Documents/CompileStuff/polkitbugfixin/policykit-1-124/obj-x86_64-linux-gnu/src/polkitbackend/initjs.h"], "build_by_default": false, "target_sources": [{"language": "unknown", "compiler": ["/usr/bin/perl", "/home/illy/Documents/CompileStuff/polkitbugfixin/policykit-1-124/src/polkitbackend/toarray.pl", "@INPUT@", "init_js"], "parameters": [], "sources": ["/home/illy/Documents/CompileStuff/polkitbugfixin/policykit-1-124/src/polkitbackend/init.js"], "generated_sources": []}], "extra_files": [], "subproject": null, "dependencies": [], "depends": [], "installed": false}, {"name": "polkit-backend-1", "id": "c660c49@@polkit-backend-1@sta", "type": "static library", "defined_in": "/home/illy/Documents/CompileStuff/polkitbugfixin/policykit-1-124/src/polkitbackend/meson.build", "filename": ["/home/illy/Documents/CompileStuff/polkitbugfixin/policykit-1-124/obj-x86_64-linux-gnu/src/polkitbackend/libpolkit-backend-1.a"], "build_by_default": true, "target_sources": [{"language": "c", "compiler": ["cc"], "parameters": ["-I/home/illy/Documents/CompileStuff/polkitbugfixin/policykit-1-124/obj-x86_64-linux-gnu/src/polkitbackend/libpolkit-backend-1.a.p", "-I/home/illy/Documents/CompileStuff/polkitbugfixin/policykit-1-124/obj-x86_64-linux-gnu/src/polkitbackend", "-I/home/illy/Documents/CompileStuff/polkitbugfixin/policykit-1-124/src/polkitbackend", "-I/home/illy/Documents/CompileStuff/polkitbugfixin/policykit-1-124/obj-x86_64-linux-gnu", "-I/home/illy/Documents/CompileStuff/polkitbugfixin/policykit-1-124", "-I/home/illy/Documents/CompileStuff/polkitbugfixin/policykit-1-124/obj-x86_64-linux-gnu/src", "-I/home/illy/Documents/CompileStuff/polkitbugfixin/policykit-1-124/src", "-I/home/illy/Documents/CompileStuff/polkitbugfixin/policykit-1-124/obj-x86_64-linux-gnu/src/polkit", "-I/usr/include/glib-2.0", "-I/usr/lib/x86_64-linux-gnu/glib-2.0/include", "-I/usr/include/libmount", "-I/usr/include/blkid", "-I/usr/include/gio-unix-2.0", "-fdiagnostics-color=always", "-D_FILE_OFFSET_BITS=64", "-Wall", "-Winvalid-pch", "-std=c99", "-DHAVE_CONFIG_H", "-g", "-O2", "-ffile-prefix-map=/home/illy/Documents/CompileStuff/polkitbugfixin/policykit-1-124=.", "-fstack-protector-strong", "-fstack-clash-protection", "-Wformat", "-Werror=format-security", "-fcf-protection", "-Wdate-time", "-D_FORTIFY_SOURCE=2", "-fPIC", "-pthread", "-D_POLKIT_COMPILATION", "-D_POLKIT_BACKEND_COMPILATION", "-DPACKAGE_DATA_DIR=\"/usr/share\"", "-DPACKAGE_SYSCONF_DIR=\"/etc\"", "-D_XOPEN_SOURCE=700", "-D_GNU_SOURCE=1"], "sources": ["/home/illy/Documents/CompileStuff/polkitbugfixin/policykit-1-124/src/polkitbackend/polkitbackendactionlookup.c", "/home/illy/Documents/CompileStuff/polkitbugfixin/policykit-1-124/src/polkitbackend/polkitbackendactionpool.c", "/home/illy/Documents/CompileStuff/polkitbugfixin/policykit-1-124/src/polkitbackend/polkitbackendauthority.c", "/home/illy/Documents/CompileStuff/polkitbugfixin/policykit-1-124/src/polkitbackend/polkitbackendcommon.c", "/home/illy/Documents/CompileStuff/polkitbugfixin/policykit-1-124/src/polkitbackend/polkitbackendinteractiveauthority.c", "/home/illy/Documents/CompileStuff/polkitbugfixin/policykit-1-124/src/polkitbackend/polkitbackendduktapeauthority.c", "/home/illy/Documents/CompileStuff/polkitbugfixin/policykit-1-124/src/polkitbackend/polkitbackendsessionmonitor-systemd.c"], "generated_sources": [], "unity_sources": []}, {"linker": ["gcc-ar"], "parameters": ["csrDT"]}], "extra_files": [], "subproject": null, "dependencies": ["expat", "gio-2.0", "gio-unix-2.0", "glib-2.0", "duktape", "m", "threads", "libsystemd"], "depends": [], "installed": false}, {"name": "polkitd", "id": "c660c49@@polkitd@exe", "type": "executable", "defined_in": "/home/illy/Documents/CompileStuff/polkitbugfixin/policykit-1-124/src/polkitbackend/meson.build", "filename": ["/home/illy/Documents/CompileStuff/polkitbugfixin/policykit-1-124/obj-x86_64-linux-gnu/src/polkitbackend/polkitd"], "build_by_default": true, "target_sources": [{"language": "c", "compiler": ["cc"], "parameters": ["-I/home/illy/Documents/CompileStuff/polkitbugfixin/policykit-1-124/obj-x86_64-linux-gnu/src/polkitbackend/polkitd.p", "-I/home/illy/Documents/CompileStuff/polkitbugfixin/policykit-1-124/obj-x86_64-linux-gnu/src/polkitbackend", "-I/home/illy/Documents/CompileStuff/polkitbugfixin/policykit-1-124/src/polkitbackend", "-I/home/illy/Documents/CompileStuff/polkitbugfixin/policykit-1-124/obj-x86_64-linux-gnu", "-I/home/illy/Documents/CompileStuff/polkitbugfixin/policykit-1-124", "-I/home/illy/Documents/CompileStuff/polkitbugfixin/policykit-1-124/obj-x86_64-linux-gnu/src", "-I/home/illy/Documents/CompileStuff/polkitbugfixin/policykit-1-124/src", "-I/home/illy/Documents/CompileStuff/polkitbugfixin/policykit-1-124/obj-x86_64-linux-gnu/src/polkit", "-I/usr/include/glib-2.0", "-I/usr/lib/x86_64-linux-gnu/glib-2.0/include", "-I/usr/include/libmount", "-I/usr/include/blkid", "-I/usr/include/gio-unix-2.0", "-fdiagnostics-color=always", "-D_FILE_OFFSET_BITS=64", "-Wall", "-Winvalid-pch", "-std=c99", "-DHAVE_CONFIG_H", "-g", "-O2", "-ffile-prefix-map=/home/illy/Documents/CompileStuff/polkitbugfixin/policykit-1-124=.", "-fstack-protector-strong", "-fstack-clash-protection", "-Wformat", "-Werror=format-security", "-fcf-protection", "-Wdate-time", "-D_FORTIFY_SOURCE=2", "-pthread", "-DG_LOG_DOMAIN=\"polkitd-1\"", "-DPOLKIT_BACKEND_I_KNOW_API_IS_SUBJECT_TO_CHANGE"], "sources": ["/home/illy/Documents/CompileStuff/polkitbugfixin/policykit-1-124/src/polkitbackend/polkitd.c"], "generated_sources": [], "unity_sources": []}, {"linker": ["cc"], "parameters": ["-Wl,--as-needed", "-Wl,--no-undefined", "-Wl,-z,relro", "-Wl,-z,now", "-g", "-O2", "-ffile-prefix-map=/home/illy/Documents/CompileStuff/polkitbugfixin/policykit-1-124=.", "-fstack-protector-strong", "-fstack-clash-protection", "-Wformat", "-Werror=format-security", "-fcf-protection", "-Wdate-time", "-D_FORTIFY_SOURCE=2", "-Wl,-rpath,$ORIGIN/../polkit", "-Wl,-rpath-link,/home/illy/Documents/CompileStuff/polkitbugfixin/policykit-1-124/obj-x86_64-linux-gnu/src/polkit", "-Wl,--start-group", "-Wl,--start-group", "src/polkitbackend/libpolkit-backend-1.a", "src/polkit/libpolkit-gobject-1.so.0.0.0", "/usr/lib/x86_64-linux-gnu/libgio-2.0.so", "/usr/lib/x86_64-linux-gnu/libgobject-2.0.so", "/usr/lib/x86_64-linux-gnu/libglib-2.0.so", "/usr/lib/x86_64-linux-gnu/libexpat.so", "/usr/lib/x86_64-linux-gnu/libduktape.so", "-lm", "-pthread", "/usr/lib/x86_64-linux-gnu/libsystemd.so", "-Wl,--end-group", "-Wl,--end-group"]}], "extra_files": [], "subproject": null, "dependencies": ["gio-2.0", "gio-unix-2.0", "glib-2.0"], "depends": [], "win_subsystem": "console", "installed": true, "install_filename": ["/usr/lib/polkit-1/polkitd"]}, {"name": "polkitagentenumtypes.c", "id": "2985d0a@@polkitagentenumtypes.c@cus", "type": "custom", "defined_in": "/home/illy/Documents/CompileStuff/polkitbugfixin/policykit-1-124/src/polkitagent/meson.build", "filename": ["/home/illy/Documents/CompileStuff/polkitbugfixin/policykit-1-124/obj-x86_64-linux-gnu/src/polkitagent/polkitagentenumtypes.c"], "build_by_default": false, "target_sources": [{"language": "unknown", "compiler": ["/usr/bin/glib-mkenums", "--fhead", "#include \"polkitagentenumtypes.h\"\n#include \"polkitagentlistener.h\"\n\n#define C_ENUM(v) ((gint) v)\n#define C_FLAGS(v) ((guint) v)\n", "--fprod", "\n/* enumerations from \"@basename@\" */\n", "--vhead", "\nGType\n@enum_name@_get_type (void)\n{\nstatic gsize gtype_id = 0;\nstatic const G@Type@Value values[] = {", "--vprod", "    { C_@TYPE@(@VALUENAME@), \"@VALUENAME@\", \"@valuenick@\" },", "--vtail", "{ 0, NULL, NULL }\n        };\n        if (g_once_init_enter (&gtype_id)) {\n            GType new_type = g_@type@_register_static (g_intern_static_string (\"@EnumName@\"), values);\n            g_once_init_leave (&gtype_id, new_type);\n        }\n        return (GType) gtype_id;\n        }", "@INPUT@"], "parameters": [], "sources": ["/home/illy/Documents/CompileStuff/polkitbugfixin/policykit-1-124/src/polkitagent/polkitagentlistener.h"], "generated_sources": []}], "extra_files": [], "subproject": null, "dependencies": [], "depends": [], "installed": false}, {"name": "polkitagentenumtypes.h", "id": "2985d0a@@polkitagentenumtypes.h@cus", "type": "custom", "defined_in": "/home/illy/Documents/CompileStuff/polkitbugfixin/policykit-1-124/src/polkitagent/meson.build", "filename": ["/home/illy/Documents/CompileStuff/polkitbugfixin/policykit-1-124/obj-x86_64-linux-gnu/src/polkitagent/polkitagentenumtypes.h"], "build_by_default": true, "target_sources": [{"language": "unknown", "compiler": ["/usr/bin/glib-mkenums", "--fhead", "#pragma once\n\n            #include <glib-object.h>\n\n\n            G_BEGIN_DECLS\n", "--fprod", "\n/* enumerations from \"@basename@\" */\n", "--vhead", "\n\nGType @enum_name@_get_type (void);\n#define @ENUMPREFIX@_TYPE_@ENUMSHORT@ (@enum_name@_get_type())", "--ftail", "\nG_END_DECLS", "@INPUT@"], "parameters": [], "sources": ["/home/illy/Documents/CompileStuff/polkitbugfixin/policykit-1-124/src/polkitagent/polkitagentlistener.h"], "generated_sources": []}], "extra_files": [], "subproject": null, "dependencies": [], "depends": [], "installed": true, "install_filename": ["/usr/include/polkit-1/polkitagent/polkitagentenumtypes.h"]}, {"name": "polkitagentmarshal_c", "id": "2985d0a@@polkitagentmarshal_c@cus", "type": "custom", "defined_in": "/home/illy/Documents/CompileStuff/polkitbugfixin/policykit-1-124/src/polkitagent/meson.build", "filename": ["/home/illy/Documents/CompileStuff/polkitbugfixin/policykit-1-124/obj-x86_64-linux-gnu/src/polkitagent/polkitagentmarshal.c"], "build_by_default": false, "target_sources": [{"language": "unknown", "compiler": ["/usr/bin/glib-genmarshal", "--prefix", "_polkit_agent_marshal", "--output", "@OUTPUT@", "--body", "@INPUT@", "--include-header", "polkitagentmarshal.h"], "parameters": [], "sources": ["/home/illy/Documents/CompileStuff/polkitbugfixin/policykit-1-124/polkitagentmarshal.list"], "generated_sources": []}], "extra_files": [], "subproject": null, "dependencies": [], "depends": [], "installed": false}, {"name": "polkitagentmarshal_h", "id": "2985d0a@@polkitagentmarshal_h@cus", "type": "custom", "defined_in": "/home/illy/Documents/CompileStuff/polkitbugfixin/policykit-1-124/src/polkitagent/meson.build", "filename": ["/home/illy/Documents/CompileStuff/polkitbugfixin/policykit-1-124/obj-x86_64-linux-gnu/src/polkitagent/polkitagentmarshal.h"], "build_by_default": false, "target_sources": [{"language": "unknown", "compiler": ["/usr/bin/glib-genmarshal", "--prefix", "_polkit_agent_marshal", "--output", "@OUTPUT@", "--header", "@INPUT@", "--pragma-once"], "parameters": [], "sources": ["/home/illy/Documents/CompileStuff/polkitbugfixin/policykit-1-124/polkitagentmarshal.list"], "generated_sources": []}], "extra_files": [], "subproject": null, "dependencies": [], "depends": [], "installed": false}, {"name": "polkit-agent-1", "id": "2985d0a@@polkit-agent-1@sha", "type": "shared library", "defined_in": "/home/illy/Documents/CompileStuff/polkitbugfixin/policykit-1-124/src/polkitagent/meson.build", "filename": ["/home/illy/Documents/CompileStuff/polkitbugfixin/policykit-1-124/obj-x86_64-linux-gnu/src/polkitagent/libpolkit-agent-1.so.0.0.0"], "build_by_default": true, "target_sources": [{"language": "c", "compiler": ["cc"], "parameters": ["-I/home/illy/Documents/CompileStuff/polkitbugfixin/policykit-1-124/obj-x86_64-linux-gnu/src/polkitagent/libpolkit-agent-1.so.0.0.0.p", "-I/home/illy/Documents/CompileStuff/polkitbugfixin/policykit-1-124/obj-x86_64-linux-gnu/src/polkitagent", "-I/home/illy/Documents/CompileStuff/polkitbugfixin/policykit-1-124/src/polkitagent", "-I/home/illy/Documents/CompileStuff/polkitbugfixin/policykit-1-124/obj-x86_64-linux-gnu", "-I/home/illy/Documents/CompileStuff/polkitbugfixin/policykit-1-124", "-I/home/illy/Documents/CompileStuff/polkitbugfixin/policykit-1-124/obj-x86_64-linux-gnu/src", "-I/home/illy/Documents/CompileStuff/polkitbugfixin/policykit-1-124/src", "-I/home/illy/Documents/CompileStuff/polkitbugfixin/policykit-1-124/obj-x86_64-linux-gnu/src/polkit", "-I/usr/include/gio-unix-2.0", "-I/usr/include/glib-2.0", "-I/usr/lib/x86_64-linux-gnu/glib-2.0/include", "-I/usr/include/libmount", "-I/usr/include/blkid", "-fdiagnostics-color=always", "-D_FILE_OFFSET_BITS=64", "-Wall", "-Winvalid-pch", "-std=c99", "-DHAVE_CONFIG_H", "-g", "-O2", "-ffile-prefix-map=/home/illy/Documents/CompileStuff/polkitbugfixin/policykit-1-124=.", "-fstack-protector-strong", "-fstack-clash-protection", "-Wformat", "-Werror=format-security", "-fcf-protection", "-Wdate-time", "-D_FORTIFY_SOURCE=2", "-fPIC", "-pthread", "-D_POLKIT_COMPILATION", "-D_POLKIT_AGENT_COMPILATION", "-DPACKAGE_PREFIX=\"/usr\""], "sources": ["/home/illy/Documents/CompileStuff/polkitbugfixin/policykit-1-124/src/polkitagent/polkitagentlistener.c", "/home/illy/Documents/CompileStuff/polkitbugfixin/policykit-1-124/src/polkitagent/polkitagentsession.c", "/home/illy/Documents/CompileStuff/polkitbugfixin/policykit-1-124/src/polkitagent/polkitagenttextlistener.c"], "generated_sources": ["/home/illy/Documents/CompileStuff/polkitbugfixin/policykit-1-124/obj-x86_64-linux-gnu/src/polkitagent/polkitagentenumtypes.c", "/home/illy/Documents/CompileStuff/polkitbugfixin/policykit-1-124/obj-x86_64-linux-gnu/src/polkitagent/polkitagentmarshal.c"], "unity_sources": []}, {"linker": ["cc"], "parameters": ["-Wl,--as-needed", "-Wl,--no-undefined", "-shared", "-fPIC", "-Wl,--start-group", "-Wl,--start-group", "-Wl,-soname,libpolkit-agent-1.so.0", "-Wl,-z,relro", "-Wl,-z,now", "-g", "-O2", "-ffile-prefix-map=/home/illy/Documents/CompileStuff/polkitbugfixin/policykit-1-124=.", "-fstack-protector-strong", "-fstack-clash-protection", "-Wformat", "-Werror=format-security", "-fcf-protection", "-Wdate-time", "-D_FORTIFY_SOURCE=2", "-Wl,-rpath,$ORIGIN/../polkit", "-Wl,-rpath-link,/home/illy/Documents/CompileStuff/polkitbugfixin/policykit-1-124/obj-x86_64-linux-gnu/src/polkit", "src/polkit/libpolkit-gobject-1.so.0.0.0", "-Wl,--version-script,/home/illy/Documents/CompileStuff/polkitbugfixin/policykit-1-124/src/symbol.map", "/usr/lib/x86_64-linux-gnu/libexpat.so", "/usr/lib/x86_64-linux-gnu/libgio-2.0.so", "/usr/lib/x86_64-linux-gnu/libgobject-2.0.so", "/usr/lib/x86_64-linux-gnu/libglib-2.0.so", "-Wl,--end-group", "-Wl,--end-group"]}], "extra_files": [], "subproject": null, "dependencies": ["expat", "gio-unix-2.0", "gio-2.0", "glib-2.0"], "depends": [], "installed": true, "install_filename": ["/usr/lib/x86_64-linux-gnu/libpolkit-agent-1.so.0.0.0", "/usr/lib/x86_64-linux-gnu/libpolkit-agent-1.so.0", "/usr/lib/x86_64-linux-gnu/libpolkit-agent-1.so"]}, {"name": "PolkitAgent-1.0.gir", "id": "2985d0a@@PolkitAgent-1.0.gir@cus", "type": "custom", "defined_in": "/home/illy/Documents/CompileStuff/polkitbugfixin/policykit-1-124/src/polkitagent/meson.build", "filename": ["/home/illy/Documents/CompileStuff/polkitbugfixin/policykit-1-124/obj-x86_64-linux-gnu/src/polkitagent/PolkitAgent-1.0.gir"], "build_by_default": true, "target_sources": [{"language": "unknown", "compiler": ["/usr/bin/x86_64-linux-gnu-g-ir-scanner", "--quiet", "--no-libtool", "--namespace=PolkitAgent", "--nsversion=1.0", "--warn-all", "--output", "@OUTPUT@", "--c-include=polkitagent/polkitagent.h", "-D_POLKIT_AGENT_COMPILATION", "-D_POLKIT_COMPILATION", "-I/home/illy/Documents/CompileStuff/polkitbugfixin/policykit-1-124/src/polkitagent", "-I/home/illy/Documents/CompileStuff/polkitbugfixin/policykit-1-124/obj-x86_64-linux-gnu/src/polkitagent", "-I/home/illy/Documents/CompileStuff/polkitbugfixin/policykit-1-124/.", "-I/home/illy/Documents/CompileStuff/polkitbugfixin/policykit-1-124/obj-x86_64-linux-gnu/.", "-I/home/illy/Documents/CompileStuff/polkitbugfixin/policykit-1-124/src/.", "-I/home/illy/Documents/CompileStuff/polkitbugfixin/policykit-1-124/obj-x86_64-linux-gnu/src/.", "--filelist=/home/illy/Documents/CompileStuff/polkitbugfixin/policykit-1-124/obj-x86_64-linux-gnu/src/polkitagent/libpolkit-agent-1.so.0.0.0.p/PolkitAgent_1.0_gir_filelist", "--include=Gio-2.0", "--include-uninstalled=src/polkit/Polkit-1.0.gir", "--pkg-export=polkit-agent-1", "--cflags-begin", "-DHAVE_CONFIG_H", "-I/home/illy/Documents/CompileStuff/polkitbugfixin/policykit-1-124/.", "-I/home/illy/Documents/CompileStuff/polkitbugfixin/policykit-1-124/obj-x86_64-linux-gnu/.", "-I/home/illy/Documents/CompileStuff/polkitbugfixin/policykit-1-124/src/.", "-I/home/illy/Documents/CompileStuff/polkitbugfixin/policykit-1-124/obj-x86_64-linux-gnu/src/.", "-I/usr/include/gio-unix-2.0", "-I/usr/include/glib-2.0", "-I/usr/lib/x86_64-linux-gnu/glib-2.0/include", "-I/usr/include/libmount", "-I/usr/include/blkid", "-I/usr/include/gobject-introspection-1.0", "--cflags-end", "--add-include-path=/usr/share/gir-1.0", "--add-include-path=/home/illy/Documents/CompileStuff/polkitbugfixin/policykit-1-124/obj-x86_64-linux-gnu/src/polkit", "-L/home/illy/Documents/CompileStuff/polkitbugfixin/policykit-1-124/obj-x86_64-linux-gnu/src/polkitagent", "--library", "polkit-agent-1", "-L/home/illy/Documents/CompileStuff/polkitbugfixin/policykit-1-124/obj-x86_64-linux-gnu/src/polkit", "--extra-library=expat", "--extra-library=gio-2.0", "--extra-library=gobject-2.0", "--extra-library=glib-2.0", "--extra-library=girepository-1.0", "--sources-top-dirs", "/home/illy/Documents/CompileStuff/polkitbugfixin/policykit-1-124/", "--sources-top-dirs", "/home/illy/Documents/CompileStuff/polkitbugfixin/policykit-1-124/obj-x86_64-linux-gnu/"], "parameters": [], "sources": ["/home/illy/Documents/CompileStuff/polkitbugfixin/policykit-1-124/obj-x86_64-linux-gnu/src/polkitagent/polkitagentenumtypes.c", "/home/illy/Documents/CompileStuff/polkitbugfixin/policykit-1-124/obj-x86_64-linux-gnu/src/polkitagent/polkitagentenumtypes.h", "/home/illy/Documents/CompileStuff/polkitbugfixin/policykit-1-124/obj-x86_64-linux-gnu/src/polkitagent/polkitagentmarshal.c", "/home/illy/Documents/CompileStuff/polkitbugfixin/policykit-1-124/obj-x86_64-linux-gnu/src/polkitagent/polkitagentmarshal.h"], "generated_sources": []}], "extra_files": [], "subproject": null, "dependencies": [], "depends": [], "installed": true, "install_filename": ["/usr/share/gir-1.0/PolkitAgent-1.0.gir"]}, {"name": "PolkitAgent-1.0.typelib", "id": "2985d0a@@PolkitAgent-1.0.typelib@cus", "type": "custom", "defined_in": "/home/illy/Documents/CompileStuff/polkitbugfixin/policykit-1-124/src/polkitagent/meson.build", "filename": ["/home/illy/Documents/CompileStuff/polkitbugfixin/policykit-1-124/obj-x86_64-linux-gnu/src/polkitagent/PolkitAgent-1.0.typelib"], "build_by_default": true, "target_sources": [{"language": "unknown", "compiler": ["/usr/bin/x86_64-linux-gnu-g-ir-compiler", "PolkitAgent-1.0.gir", "--output", "@OUTPUT@", "--includedir=/home/illy/Documents/CompileStuff/polkitbugfixin/policykit-1-124/obj-x86_64-linux-gnu/src/polkit", "--includedir=/usr/share/gir-1.0"], "parameters": [], "sources": ["/home/illy/Documents/CompileStuff/polkitbugfixin/policykit-1-124/obj-x86_64-linux-gnu/src/polkitagent/polkitagentenumtypes.c", "/home/illy/Documents/CompileStuff/polkitbugfixin/policykit-1-124/obj-x86_64-linux-gnu/src/polkitagent/polkitagentenumtypes.h", "/home/illy/Documents/CompileStuff/polkitbugfixin/policykit-1-124/obj-x86_64-linux-gnu/src/polkitagent/polkitagentmarshal.c", "/home/illy/Documents/CompileStuff/polkitbugfixin/policykit-1-124/obj-x86_64-linux-gnu/src/polkitagent/polkitagentmarshal.h"], "generated_sources": []}], "extra_files": [], "subproject": null, "dependencies": [], "depends": ["2985d0a@@PolkitAgent-1.0.gir@cus"], "installed": true, "install_filename": ["/usr/lib/x86_64-linux-gnu/girepository-1.0/PolkitAgent-1.0.typelib"]}, {"name": "polkit-agent-helper-1", "id": "2985d0a@@polkit-agent-helper-1@exe", "type": "executable", "defined_in": "/home/illy/Documents/CompileStuff/polkitbugfixin/policykit-1-124/src/polkitagent/meson.build", "filename": ["/home/illy/Documents/CompileStuff/polkitbugfixin/policykit-1-124/obj-x86_64-linux-gnu/src/polkitagent/polkit-agent-helper-1"], "build_by_default": true, "target_sources": [{"language": "c", "compiler": ["cc"], "parameters": ["-I/home/illy/Documents/CompileStuff/polkitbugfixin/policykit-1-124/obj-x86_64-linux-gnu/src/polkitagent/polkit-agent-helper-1.p", "-I/home/illy/Documents/CompileStuff/polkitbugfixin/policykit-1-124/obj-x86_64-linux-gnu/src/polkitagent", "-I/home/illy/Documents/CompileStuff/polkitbugfixin/policykit-1-124/src/polkitagent", "-I/home/illy/Documents/CompileStuff/polkitbugfixin/policykit-1-124/obj-x86_64-linux-gnu", "-I/home/illy/Documents/CompileStuff/polkitbugfixin/policykit-1-124", "-I/home/illy/Documents/CompileStuff/polkitbugfixin/policykit-1-124/obj-x86_64-linux-gnu/src", "-I/home/illy/Documents/CompileStuff/polkitbugfixin/policykit-1-124/src", "-I/home/illy/Documents/CompileStuff/polkitbugfixin/policykit-1-124/obj-x86_64-linux-gnu/src/polkit", "-I/usr/include/glib-2.0", "-I/usr/lib/x86_64-linux-gnu/glib-2.0/include", "-I/usr/include/libmount", "-I/usr/include/blkid", "-I/usr/include/gio-unix-2.0", "-fdiagnostics-color=always", "-D_FILE_OFFSET_BITS=64", "-Wall", "-Winvalid-pch", "-std=c99", "-DHAVE_CONFIG_H", "-g", "-O2", "-ffile-prefix-map=/home/illy/Documents/CompileStuff/polkitbugfixin/policykit-1-124=.", "-fstack-protector-strong", "-fstack-clash-protection", "-Wformat", "-Werror=format-security", "-fcf-protection", "-Wdate-time", "-D_FORTIFY_SOURCE=2", "-pthread", "-D_POLKIT_COMPILATION"], "sources": ["/home/illy/Documents/CompileStuff/polkitbugfixin/policykit-1-124/src/polkitagent/polkitagenthelperprivate.c", "/home/illy/Documents/CompileStuff/polkitbugfixin/policykit-1-124/src/polkitagent/polkitagenthelper-pam.c"], "generated_sources": [], "unity_sources": []}, {"linker": ["cc"], "parameters": ["-Wl,--as-needed", "-Wl,--no-undefined", "-Wl,-z,relro", "-Wl,-z,now", "-g", "-O2", "-ffile-prefix-map=/home/illy/Documents/CompileStuff/polkitbugfixin/policykit-1-124=.", "-fstack-protector-strong", "-fstack-clash-protection", "-Wformat", "-Werror=format-security", "-fcf-protection", "-Wdate-time", "-D_FORTIFY_SOURCE=2", "-Wl,-rpath,$ORIGIN/../polkit", "-Wl,-rpath-link,/home/illy/Documents/CompileStuff/polkitbugfixin/policykit-1-124/obj-x86_64-linux-gnu/src/polkit", "-Wl,--start-group", "-Wl,--start-group", "src/polkit/libpolkit-gobject-1.so.0.0.0", "-lpam", "/usr/lib/x86_64-linux-gnu/libgio-2.0.so", "/usr/lib/x86_64-linux-gnu/libgobject-2.0.so", "/usr/lib/x86_64-linux-gnu/libglib-2.0.so", "-Wl,--end-group", "-Wl,--end-group"]}], "extra_files": [], "subproject": null, "dependencies": ["pam", "gio-2.0", "gio-unix-2.0", "glib-2.0"], "depends": [], "win_subsystem": "console", "installed": true, "install_filename": ["/usr/lib/polkit-1/polkit-agent-helper-1"]}, {"name": "pkexec", "id": "6104168@@pkexec@exe", "type": "executable", "defined_in": "/home/illy/Documents/CompileStuff/polkitbugfixin/policykit-1-124/src/programs/meson.build", "filename": ["/home/illy/Documents/CompileStuff/polkitbugfixin/policykit-1-124/obj-x86_64-linux-gnu/src/programs/pkexec"], "build_by_default": true, "target_sources": [{"language": "c", "compiler": ["cc"], "parameters": ["-I/home/illy/Documents/CompileStuff/polkitbugfixin/policykit-1-124/obj-x86_64-linux-gnu/src/programs/pkexec.p", "-I/home/illy/Documents/CompileStuff/polkitbugfixin/policykit-1-124/obj-x86_64-linux-gnu/src/programs", "-I/home/illy/Documents/CompileStuff/polkitbugfixin/policykit-1-124/src/programs", "-I/home/illy/Documents/CompileStuff/polkitbugfixin/policykit-1-124/obj-x86_64-linux-gnu", "-I/home/illy/Documents/CompileStuff/polkitbugfixin/policykit-1-124", "-I/home/illy/Documents/CompileStuff/polkitbugfixin/policykit-1-124/obj-x86_64-linux-gnu/src/polkitagent", "-I/home/illy/Documents/CompileStuff/polkitbugfixin/policykit-1-124/src/polkitagent", "-I/home/illy/Documents/CompileStuff/polkitbugfixin/policykit-1-124/obj-x86_64-linux-gnu/src", "-I/home/illy/Documents/CompileStuff/polkitbugfixin/policykit-1-124/src", "-I/home/illy/Documents/CompileStuff/polkitbugfixin/policykit-1-124/obj-x86_64-linux-gnu/src/polkit", "-I/usr/include/glib-2.0", "-I/usr/lib/x86_64-linux-gnu/glib-2.0/include", "-I/usr/include/libmount", "-I/usr/include/blkid", "-I/usr/include/gio-unix-2.0", "-fdiagnostics-color=always", "-D_FILE_OFFSET_BITS=64", "-Wall", "-Winvalid-pch", "-std=c99", "-DHAVE_CONFIG_H", "-g", "-O2", "-ffile-prefix-map=/home/illy/Documents/CompileStuff/polkitbugfixin/policykit-1-124=.", "-fstack-protector-strong", "-fstack-clash-protection", "-Wformat", "-Werror=format-security", "-fcf-protection", "-Wdate-time", "-D_FORTIFY_SOURCE=2", "-pthread"], "sources": ["/home/illy/Documents/CompileStuff/polkitbugfixin/policykit-1-124/src/programs/pkexec.c"], "generated_sources": [], "unity_sources": []}, {"linker": ["cc"], "parameters": ["-Wl,--as-needed", "-Wl,--no-undefined", "-Wl,-z,relro", "-Wl,-z,now", "-g", "-O2", "-ffile-prefix-map=/home/illy/Documents/CompileStuff/polkitbugfixin/policykit-1-124=.", "-fstack-protector-strong", "-fstack-clash-protection", "-Wformat", "-Werror=format-security", "-fcf-protection", "-Wdate-time", "-D_FORTIFY_SOURCE=2", "-Wl,-rpath,$ORIGIN/../polkitagent:$ORIGIN/../polkit", "-Wl,-rpath-link,/home/illy/Documents/CompileStuff/polkitbugfixin/policykit-1-124/obj-x86_64-linux-gnu/src/polkitagent", "-Wl,-rpath-link,/home/illy/Documents/CompileStuff/polkitbugfixin/policykit-1-124/obj-x86_64-linux-gnu/src/polkit", "-Wl,--start-group", "-Wl,--start-group", "src/polkitagent/libpolkit-agent-1.so.0.0.0", "src/polkit/libpolkit-gobject-1.so.0.0.0", "-lpam", "/usr/lib/x86_64-linux-gnu/libgio-2.0.so", "/usr/lib/x86_64-linux-gnu/libgobject-2.0.so", "/usr/lib/x86_64-linux-gnu/libglib-2.0.so", "-Wl,--end-group", "-Wl,--end-group"]}], "extra_files": [], "subproject": null, "dependencies": ["pam", "gio-2.0", "gio-unix-2.0", "glib-2.0"], "depends": [], "win_subsystem": "console", "installed": true, "install_filename": ["/usr/bin/pkexec"]}, {"name": "pkcheck", "id": "6104168@@pkcheck@exe", "type": "executable", "defined_in": "/home/illy/Documents/CompileStuff/polkitbugfixin/policykit-1-124/src/programs/meson.build", "filename": ["/home/illy/Documents/CompileStuff/polkitbugfixin/policykit-1-124/obj-x86_64-linux-gnu/src/programs/pkcheck"], "build_by_default": true, "target_sources": [{"language": "c", "compiler": ["cc"], "parameters": ["-I/home/illy/Documents/CompileStuff/polkitbugfixin/policykit-1-124/obj-x86_64-linux-gnu/src/programs/pkcheck.p", "-I/home/illy/Documents/CompileStuff/polkitbugfixin/policykit-1-124/obj-x86_64-linux-gnu/src/programs", "-I/home/illy/Documents/CompileStuff/polkitbugfixin/policykit-1-124/src/programs", "-I/home/illy/Documents/CompileStuff/polkitbugfixin/policykit-1-124/obj-x86_64-linux-gnu", "-I/home/illy/Documents/CompileStuff/polkitbugfixin/policykit-1-124", "-I/home/illy/Documents/CompileStuff/polkitbugfixin/policykit-1-124/obj-x86_64-linux-gnu/src/polkitagent", "-I/home/illy/Documents/CompileStuff/polkitbugfixin/policykit-1-124/src/polkitagent", "-I/home/illy/Documents/CompileStuff/polkitbugfixin/policykit-1-124/obj-x86_64-linux-gnu/src", "-I/home/illy/Documents/CompileStuff/polkitbugfixin/policykit-1-124/src", "-I/home/illy/Documents/CompileStuff/polkitbugfixin/policykit-1-124/obj-x86_64-linux-gnu/src/polkit", "-I/usr/include/glib-2.0", "-I/usr/lib/x86_64-linux-gnu/glib-2.0/include", "-I/usr/include/libmount", "-I/usr/include/blkid", "-I/usr/include/gio-unix-2.0", "-fdiagnostics-color=always", "-D_FILE_OFFSET_BITS=64", "-Wall", "-Winvalid-pch", "-std=c99", "-DHAVE_CONFIG_H", "-g", "-O2", "-ffile-prefix-map=/home/illy/Documents/CompileStuff/polkitbugfixin/policykit-1-124=.", "-fstack-protector-strong", "-fstack-clash-protection", "-Wformat", "-Werror=format-security", "-fcf-protection", "-Wdate-time", "-D_FORTIFY_SOURCE=2", "-pthread"], "sources": ["/home/illy/Documents/CompileStuff/polkitbugfixin/policykit-1-124/src/programs/pkcheck.c"], "generated_sources": [], "unity_sources": []}, {"linker": ["cc"], "parameters": ["-Wl,--as-needed", "-Wl,--no-undefined", "-Wl,-z,relro", "-Wl,-z,now", "-g", "-O2", "-ffile-prefix-map=/home/illy/Documents/CompileStuff/polkitbugfixin/policykit-1-124=.", "-fstack-protector-strong", "-fstack-clash-protection", "-Wformat", "-Werror=format-security", "-fcf-protection", "-Wdate-time", "-D_FORTIFY_SOURCE=2", "-Wl,-rpath,$ORIGIN/../polkitagent:$ORIGIN/../polkit", "-Wl,-rpath-link,/home/illy/Documents/CompileStuff/polkitbugfixin/policykit-1-124/obj-x86_64-linux-gnu/src/polkitagent", "-Wl,-rpath-link,/home/illy/Documents/CompileStuff/polkitbugfixin/policykit-1-124/obj-x86_64-linux-gnu/src/polkit", "-Wl,--start-group", "-Wl,--start-group", "src/polkitagent/libpolkit-agent-1.so.0.0.0", "src/polkit/libpolkit-gobject-1.so.0.0.0", "/usr/lib/x86_64-linux-gnu/libgio-2.0.so", "/usr/lib/x86_64-linux-gnu/libgobject-2.0.so", "/usr/lib/x86_64-linux-gnu/libglib-2.0.so", "-Wl,--end-group", "-Wl,--end-group"]}], "extra_files": [], "subproject": null, "dependencies": ["gio-2.0", "gio-unix-2.0", "glib-2.0"], "depends": [], "win_subsystem": "console", "installed": true, "install_filename": ["/usr/bin/pkcheck"]}, {"name": "pkaction", "id": "6104168@@pkaction@exe", "type": "executable", "defined_in": "/home/illy/Documents/CompileStuff/polkitbugfixin/policykit-1-124/src/programs/meson.build", "filename": ["/home/illy/Documents/CompileStuff/polkitbugfixin/policykit-1-124/obj-x86_64-linux-gnu/src/programs/pkaction"], "build_by_default": true, "target_sources": [{"language": "c", "compiler": ["cc"], "parameters": ["-I/home/illy/Documents/CompileStuff/polkitbugfixin/policykit-1-124/obj-x86_64-linux-gnu/src/programs/pkaction.p", "-I/home/illy/Documents/CompileStuff/polkitbugfixin/policykit-1-124/obj-x86_64-linux-gnu/src/programs", "-I/home/illy/Documents/CompileStuff/polkitbugfixin/policykit-1-124/src/programs", "-I/home/illy/Documents/CompileStuff/polkitbugfixin/policykit-1-124/obj-x86_64-linux-gnu", "-I/home/illy/Documents/CompileStuff/polkitbugfixin/policykit-1-124", "-I/home/illy/Documents/CompileStuff/polkitbugfixin/policykit-1-124/obj-x86_64-linux-gnu/src", "-I/home/illy/Documents/CompileStuff/polkitbugfixin/policykit-1-124/src", "-I/home/illy/Documents/CompileStuff/polkitbugfixin/policykit-1-124/obj-x86_64-linux-gnu/src/polkit", "-I/usr/include/glib-2.0", "-I/usr/lib/x86_64-linux-gnu/glib-2.0/include", "-I/usr/include/libmount", "-I/usr/include/blkid", "-I/usr/include/gio-unix-2.0", "-fdiagnostics-color=always", "-D_FILE_OFFSET_BITS=64", "-Wall", "-Winvalid-pch", "-std=c99", "-DHAVE_CONFIG_H", "-g", "-O2", "-ffile-prefix-map=/home/illy/Documents/CompileStuff/polkitbugfixin/policykit-1-124=.", "-fstack-protector-strong", "-fstack-clash-protection", "-Wformat", "-Werror=format-security", "-fcf-protection", "-Wdate-time", "-D_FORTIFY_SOURCE=2", "-pthread"], "sources": ["/home/illy/Documents/CompileStuff/polkitbugfixin/policykit-1-124/src/programs/pkaction.c"], "generated_sources": [], "unity_sources": []}, {"linker": ["cc"], "parameters": ["-Wl,--as-needed", "-Wl,--no-undefined", "-Wl,-z,relro", "-Wl,-z,now", "-g", "-O2", "-ffile-prefix-map=/home/illy/Documents/CompileStuff/polkitbugfixin/policykit-1-124=.", "-fstack-protector-strong", "-fstack-clash-protection", "-Wformat", "-Werror=format-security", "-fcf-protection", "-Wdate-time", "-D_FORTIFY_SOURCE=2", "-Wl,-rpath,$ORIGIN/../polkit", "-Wl,-rpath-link,/home/illy/Documents/CompileStuff/polkitbugfixin/policykit-1-124/obj-x86_64-linux-gnu/src/polkit", "-Wl,--start-group", "-Wl,--start-group", "src/polkit/libpolkit-gobject-1.so.0.0.0", "/usr/lib/x86_64-linux-gnu/libgio-2.0.so", "/usr/lib/x86_64-linux-gnu/libgobject-2.0.so", "/usr/lib/x86_64-linux-gnu/libglib-2.0.so", "-Wl,--end-group", "-Wl,--end-group"]}], "extra_files": [], "subproject": null, "dependencies": ["gio-2.0", "gio-unix-2.0", "glib-2.0"], "depends": [], "win_subsystem": "console", "installed": true, "install_filename": ["/usr/bin/pkaction"]}, {"name": "pkttyagent", "id": "6104168@@pkttyagent@exe", "type": "executable", "defined_in": "/home/illy/Documents/CompileStuff/polkitbugfixin/policykit-1-124/src/programs/meson.build", "filename": ["/home/illy/Documents/CompileStuff/polkitbugfixin/policykit-1-124/obj-x86_64-linux-gnu/src/programs/pkttyagent"], "build_by_default": true, "target_sources": [{"language": "c", "compiler": ["cc"], "parameters": ["-I/home/illy/Documents/CompileStuff/polkitbugfixin/policykit-1-124/obj-x86_64-linux-gnu/src/programs/pkttyagent.p", "-I/home/illy/Documents/CompileStuff/polkitbugfixin/policykit-1-124/obj-x86_64-linux-gnu/src/programs", "-I/home/illy/Documents/CompileStuff/polkitbugfixin/policykit-1-124/src/programs", "-I/home/illy/Documents/CompileStuff/polkitbugfixin/policykit-1-124/obj-x86_64-linux-gnu", "-I/home/illy/Documents/CompileStuff/polkitbugfixin/policykit-1-124", "-I/home/illy/Documents/CompileStuff/polkitbugfixin/policykit-1-124/obj-x86_64-linux-gnu/src/polkitagent", "-I/home/illy/Documents/CompileStuff/polkitbugfixin/policykit-1-124/src/polkitagent", "-I/home/illy/Documents/CompileStuff/polkitbugfixin/policykit-1-124/obj-x86_64-linux-gnu/src", "-I/home/illy/Documents/CompileStuff/polkitbugfixin/policykit-1-124/src", "-I/home/illy/Documents/CompileStuff/polkitbugfixin/policykit-1-124/obj-x86_64-linux-gnu/src/polkit", "-I/usr/include/glib-2.0", "-I/usr/lib/x86_64-linux-gnu/glib-2.0/include", "-I/usr/include/libmount", "-I/usr/include/blkid", "-I/usr/include/gio-unix-2.0", "-fdiagnostics-color=always", "-D_FILE_OFFSET_BITS=64", "-Wall", "-Winvalid-pch", "-std=c99", "-DHAVE_CONFIG_H", "-g", "-O2", "-ffile-prefix-map=/home/illy/Documents/CompileStuff/polkitbugfixin/policykit-1-124=.", "-fstack-protector-strong", "-fstack-clash-protection", "-Wformat", "-Werror=format-security", "-fcf-protection", "-Wdate-time", "-D_FORTIFY_SOURCE=2", "-pthread"], "sources": ["/home/illy/Documents/CompileStuff/polkitbugfixin/policykit-1-124/src/programs/pkttyagent.c"], "generated_sources": [], "unity_sources": []}, {"linker": ["cc"], "parameters": ["-Wl,--as-needed", "-Wl,--no-undefined", "-Wl,-z,relro", "-Wl,-z,now", "-g", "-O2", "-ffile-prefix-map=/home/illy/Documents/CompileStuff/polkitbugfixin/policykit-1-124=.", "-fstack-protector-strong", "-fstack-clash-protection", "-Wformat", "-Werror=format-security", "-fcf-protection", "-Wdate-time", "-D_FORTIFY_SOURCE=2", "-Wl,-rpath,$ORIGIN/../polkitagent:$ORIGIN/../polkit", "-Wl,-rpath-link,/home/illy/Documents/CompileStuff/polkitbugfixin/policykit-1-124/obj-x86_64-linux-gnu/src/polkitagent", "-Wl,-rpath-link,/home/illy/Documents/CompileStuff/polkitbugfixin/policykit-1-124/obj-x86_64-linux-gnu/src/polkit", "-Wl,--start-group", "-Wl,--start-group", "src/polkitagent/libpolkit-agent-1.so.0.0.0", "src/polkit/libpolkit-gobject-1.so.0.0.0", "/usr/lib/x86_64-linux-gnu/libgio-2.0.so", "/usr/lib/x86_64-linux-gnu/libgobject-2.0.so", "/usr/lib/x86_64-linux-gnu/libglib-2.0.so", "-Wl,--end-group", "-Wl,--end-group"]}], "extra_files": [], "subproject": null, "dependencies": ["gio-2.0", "gio-unix-2.0", "glib-2.0"], "depends": [], "win_subsystem": "console", "installed": true, "install_filename": ["/usr/bin/pkttyagent"]}, {"name": "polkit.8", "id": "a50685a@@polkit.8@cus", "type": "custom", "defined_in": "/home/illy/Documents/CompileStuff/polkitbugfixin/policykit-1-124/docs/man/meson.build", "filename": ["/home/illy/Documents/CompileStuff/polkitbugfixin/policykit-1-124/obj-x86_64-linux-gnu/docs/man/polkit.8"], "build_by_default": true, "target_sources": [{"language": "unknown", "compiler": ["/usr/bin/xsltproc", "--output", "@OUTPUT@", "--nonet", "--stringparam", "man.base.url.for.relative.links", "/usr/share/gtk-doc/html/polkit-1/", "http://docbook.sourceforge.net/release/xsl/current/manpages/docbook.xsl", "@INPUT@"], "parameters": [], "sources": ["/home/illy/Documents/CompileStuff/polkitbugfixin/policykit-1-124/docs/man/polkit.xml"], "generated_sources": []}], "extra_files": [], "subproject": null, "dependencies": [], "depends": [], "installed": true, "install_filename": ["/usr/share/man/man8/polkit.8"]}, {"name": "polkitd.8", "id": "a50685a@@polkitd.8@cus", "type": "custom", "defined_in": "/home/illy/Documents/CompileStuff/polkitbugfixin/policykit-1-124/docs/man/meson.build", "filename": ["/home/illy/Documents/CompileStuff/polkitbugfixin/policykit-1-124/obj-x86_64-linux-gnu/docs/man/polkitd.8"], "build_by_default": true, "target_sources": [{"language": "unknown", "compiler": ["/usr/bin/xsltproc", "--output", "@OUTPUT@", "--nonet", "--stringparam", "man.base.url.for.relative.links", "/usr/share/gtk-doc/html/polkit-1/", "http://docbook.sourceforge.net/release/xsl/current/manpages/docbook.xsl", "@INPUT@"], "parameters": [], "sources": ["/home/illy/Documents/CompileStuff/polkitbugfixin/policykit-1-124/docs/man/polkitd.xml"], "generated_sources": []}], "extra_files": [], "subproject": null, "dependencies": [], "depends": [], "installed": true, "install_filename": ["/usr/share/man/man8/polkitd.8"]}, {"name": "pkexec.1", "id": "a50685a@@pkexec.1@cus", "type": "custom", "defined_in": "/home/illy/Documents/CompileStuff/polkitbugfixin/policykit-1-124/docs/man/meson.build", "filename": ["/home/illy/Documents/CompileStuff/polkitbugfixin/policykit-1-124/obj-x86_64-linux-gnu/docs/man/pkexec.1"], "build_by_default": true, "target_sources": [{"language": "unknown", "compiler": ["/usr/bin/xsltproc", "--output", "@OUTPUT@", "--nonet", "--stringparam", "man.base.url.for.relative.links", "/usr/share/gtk-doc/html/polkit-1/", "http://docbook.sourceforge.net/release/xsl/current/manpages/docbook.xsl", "@INPUT@"], "parameters": [], "sources": ["/home/illy/Documents/CompileStuff/polkitbugfixin/policykit-1-124/docs/man/pkexec.xml"], "generated_sources": []}], "extra_files": [], "subproject": null, "dependencies": [], "depends": [], "installed": true, "install_filename": ["/usr/share/man/man1/pkexec.1"]}, {"name": "pkcheck.1", "id": "a50685a@@pkcheck.1@cus", "type": "custom", "defined_in": "/home/illy/Documents/CompileStuff/polkitbugfixin/policykit-1-124/docs/man/meson.build", "filename": ["/home/illy/Documents/CompileStuff/polkitbugfixin/policykit-1-124/obj-x86_64-linux-gnu/docs/man/pkcheck.1"], "build_by_default": true, "target_sources": [{"language": "unknown", "compiler": ["/usr/bin/xsltproc", "--output", "@OUTPUT@", "--nonet", "--stringparam", "man.base.url.for.relative.links", "/usr/share/gtk-doc/html/polkit-1/", "http://docbook.sourceforge.net/release/xsl/current/manpages/docbook.xsl", "@INPUT@"], "parameters": [], "sources": ["/home/illy/Documents/CompileStuff/polkitbugfixin/policykit-1-124/docs/man/pkcheck.xml"], "generated_sources": []}], "extra_files": [], "subproject": null, "dependencies": [], "depends": [], "installed": true, "install_filename": ["/usr/share/man/man1/pkcheck.1"]}, {"name": "pkaction.1", "id": "a50685a@@pkaction.1@cus", "type": "custom", "defined_in": "/home/illy/Documents/CompileStuff/polkitbugfixin/policykit-1-124/docs/man/meson.build", "filename": ["/home/illy/Documents/CompileStuff/polkitbugfixin/policykit-1-124/obj-x86_64-linux-gnu/docs/man/pkaction.1"], "build_by_default": true, "target_sources": [{"language": "unknown", "compiler": ["/usr/bin/xsltproc", "--output", "@OUTPUT@", "--nonet", "--stringparam", "man.base.url.for.relative.links", "/usr/share/gtk-doc/html/polkit-1/", "http://docbook.sourceforge.net/release/xsl/current/manpages/docbook.xsl", "@INPUT@"], "parameters": [], "sources": ["/home/illy/Documents/CompileStuff/polkitbugfixin/policykit-1-124/docs/man/pkaction.xml"], "generated_sources": []}], "extra_files": [], "subproject": null, "dependencies": [], "depends": [], "installed": true, "install_filename": ["/usr/share/man/man1/pkaction.1"]}, {"name": "pkttyagent.1", "id": "a50685a@@pkttyagent.1@cus", "type": "custom", "defined_in": "/home/illy/Documents/CompileStuff/polkitbugfixin/policykit-1-124/docs/man/meson.build", "filename": ["/home/illy/Documents/CompileStuff/polkitbugfixin/policykit-1-124/obj-x86_64-linux-gnu/docs/man/pkttyagent.1"], "build_by_default": true, "target_sources": [{"language": "unknown", "compiler": ["/usr/bin/xsltproc", "--output", "@OUTPUT@", "--nonet", "--stringparam", "man.base.url.for.relative.links", "/usr/share/gtk-doc/html/polkit-1/", "http://docbook.sourceforge.net/release/xsl/current/manpages/docbook.xsl", "@INPUT@"], "parameters": [], "sources": ["/home/illy/Documents/CompileStuff/polkitbugfixin/policykit-1-124/docs/man/pkttyagent.xml"], "generated_sources": []}], "extra_files": [], "subproject": null, "dependencies": [], "depends": [], "installed": true, "install_filename": ["/usr/share/man/man1/pkttyagent.1"]}, {"name": "polkit-1-doc", "id": "5583e5f@@polkit-1-doc@cus", "type": "custom", "defined_in": "/home/illy/Documents/CompileStuff/polkitbugfixin/policykit-1-124/docs/polkit/meson.build", "filename": ["/home/illy/Documents/CompileStuff/polkitbugfixin/policykit-1-124/obj-x86_64-linux-gnu/docs/polkit/polkit-1-decl.txt"], "build_by_default": false, "target_sources": [{"language": "unknown", "compiler": ["/usr/bin/meson", "--internal", "gtkdoc", "--sourcedir=/home/illy/Documents/CompileStuff/polkitbugfixin/policykit-1-124", "--builddir=/home/illy/Documents/CompileStuff/polkitbugfixin/policykit-1-124/obj-x86_64-linux-gnu", "--subdir=docs/polkit", "--headerdirs=/home/illy/Documents/CompileStuff/polkitbugfixin/policykit-1-124/src/polkit@@/home/illy/Documents/CompileStuff/polkitbugfixin/policykit-1-124/src/polkitagent", "--mainfile=polkit-1-docs.xml", "--modulename=polkit-1", "--moduleversion=", "--mode=auto", "--gtkdoc-scan=/usr/bin/gtkdoc-scan", "--gtkdoc-scangobj=/usr/bin/gtkdoc-scangobj", "--gtkdoc-mkdb=/usr/bin/gtkdoc-mkdb", "--gtkdoc-mkhtml=/usr/bin/gtkdoc-mkhtml", "--gtkdoc-fixxref=/usr/bin/gtkdoc-fixxref", "--namespace=polkit", "--htmlargs=", "--scanargs=", "--scanobjsargs=", "--gobjects-types-file=/home/illy/Documents/CompileStuff/polkitbugfixin/policykit-1-124/docs/polkit/polkit-1.types", "--fixxrefargs=--html-dir=/usr/share/gtk-doc/html/polkit-1", "--mkdbargs=", "--html-assets=/home/illy/Documents/CompileStuff/polkitbugfixin/policykit-1-124/docs/polkit/../polkit-architecture.png@@/home/illy/Documents/CompileStuff/polkitbugfixin/policykit-1-124/docs/polkit/../polkit-authentication-agent-example.png@@/home/illy/Documents/CompileStuff/polkitbugfixin/policykit-1-124/docs/polkit/../polkit-authentication-agent-example-wheel.png", "--content-files=/home/illy/Documents/CompileStuff/polkitbugfixin/policykit-1-124/COPYING@@/home/illy/Documents/CompileStuff/polkitbugfixin/policykit-1-124/docs/man/polkit.xml@@/home/illy/Documents/CompileStuff/polkitbugfixin/policykit-1-124/docs/man/polkitd.xml@@/home/illy/Documents/CompileStuff/polkitbugfixin/policykit-1-124/docs/man/pkexec.xml@@/home/illy/Documents/CompileStuff/polkitbugfixin/policykit-1-124/docs/man/pkcheck.xml@@/home/illy/Documents/CompileStuff/polkitbugfixin/policykit-1-124/docs/man/pkaction.xml@@/home/illy/Documents/CompileStuff/polkitbugfixin/policykit-1-124/docs/man/pkttyagent.xml@@/home/illy/Documents/CompileStuff/polkitbugfixin/policykit-1-124/obj-x86_64-linux-gnu/docs/extensiondir.xml@@/home/illy/Documents/CompileStuff/polkitbugfixin/policykit-1-124/obj-x86_64-linux-gnu/docs/version.xml@@/home/illy/Documents/CompileStuff/polkitbugfixin/policykit-1-124/docs/polkit/docbook-interface-org.freedesktop.PolicyKit1.AuthenticationAgent.xml@@/home/illy/Documents/CompileStuff/polkitbugfixin/policykit-1-124/docs/polkit/docbook-interface-org.freedesktop.PolicyKit1.Authority.xml", "--expand-content-files=", "--ignore-headers=polkitagenthelperprivate.h@@polkitprivate.h", "--installdir=", "--cc=cc", "--ld=cc", "--cflags=-I/home/illy/Documents/CompileStuff/polkitbugfixin/policykit-1-124/src/polkitagent/. -I/home/illy/Documents/CompileStuff/polkitbugfixin/policykit-1-124/obj-x86_64-linux-gnu/src/polkitagent/. -I/usr/include/gio-unix-2.0 -I/usr/include/glib-2.0 -I/usr/lib/x86_64-linux-gnu/glib-2.0/include -pthread -I/usr/include/libmount -I/usr/include/blkid -I/home/illy/Documents/CompileStuff/polkitbugfixin/policykit-1-124/src/. -I/home/illy/Documents/CompileStuff/polkitbugfixin/policykit-1-124/obj-x86_64-linux-gnu/src/. -g -O2 -ffile-prefix-map=/home/illy/Documents/CompileStuff/polkitbugfixin/policykit-1-124=. -fstack-protector-strong -fstack-clash-protection -Wformat -Werror=format-security -fcf-protection -Wdate-time -D_FORTIFY_SOURCE=2 -std=c99 -DHAVE_CONFIG_H", "--ldflags=-L/home/illy/Documents/CompileStuff/polkitbugfixin/policykit-1-124/obj-x86_64-linux-gnu/src/polkitagent -Wl,-rpath,/home/illy/Documents/CompileStuff/polkitbugfixin/policykit-1-124/obj-x86_64-linux-gnu/src/polkitagent -L/home/illy/Documents/CompileStuff/polkitbugfixin/policykit-1-124/obj-x86_64-linux-gnu/src/polkit -Wl,-rpath,/home/illy/Documents/CompileStuff/polkitbugfixin/policykit-1-124/obj-x86_64-linux-gnu/src/polkit -lpolkit-agent-1 -lpolkit-gobject-1 -lexpat -lgio-2.0 -lgobject-2.0 -lglib-2.0 -lsystemd -Wl,-z,relro -Wl,-z,now -g -O2 -ffile-prefix-map=/home/illy/Documents/CompileStuff/polkitbugfixin/policykit-1-124=. -fstack-protector-strong -fstack-clash-protection -Wformat -Werror=format-security -fcf-protection -Wdate-time -D_FORTIFY_SOURCE=2"], "parameters": [], "sources": [], "generated_sources": []}], "extra_files": [], "subproject": null, "dependencies": [], "depends": [], "installed": false}, {"name": "polkit-1-doc", "id": "5583e5f@@polkit-1-doc@run", "type": "alias", "defined_in": "/home/illy/Documents/CompileStuff/polkitbugfixin/policykit-1-124/docs/polkit/meson.build", "filename": ["/home/illy/Documents/CompileStuff/polkitbugfixin/policykit-1-124/obj-x86_64-linux-gnu/docs/polkit/polkit-1-doc"], "build_by_default": false, "target_sources": [], "extra_files": [], "subproject": null, "dependencies": [], "depends": ["5583e5f@@polkit-1-doc@cus"], "installed": false}, {"name": "polkit-1-pot", "id": "6199aec@@polkit-1-pot@run", "type": "run", "defined_in": "/home/illy/Documents/CompileStuff/polkitbugfixin/policykit-1-124/po/meson.build", "filename": ["/home/illy/Documents/CompileStuff/polkitbugfixin/policykit-1-124/obj-x86_64-linux-gnu/po/polkit-1-pot"], "build_by_default": false, "target_sources": [], "extra_files": [], "subproject": null, "dependencies": [], "depends": [], "installed": false}, {"name": "polkit-1-cs.mo", "id": "52f3e2a@@polkit-1-cs.mo@cus", "type": "custom", "defined_in": "/home/illy/Documents/CompileStuff/polkitbugfixin/policykit-1-124/po/cs/LC_MESSAGES/meson.build", "filename": ["/home/illy/Documents/CompileStuff/polkitbugfixin/policykit-1-124/obj-x86_64-linux-gnu/po/cs/LC_MESSAGES/polkit-1.mo"], "build_by_default": true, "target_sources": [{"language": "unknown", "compiler": ["/usr/bin/msgfmt", "-o", "@OUTPUT@", "@INPUT@"], "parameters": [], "sources": ["/home/illy/Documents/CompileStuff/polkitbugfixin/policykit-1-124/po/cs.po"], "generated_sources": []}], "extra_files": [], "subproject": null, "dependencies": [], "depends": [], "installed": true, "install_filename": ["/usr/share/locale/zh_TW/LC_MESSAGES/polkit-1.mo"]}, {"name": "polkit-1-da.mo", "id": "0c8bec7@@polkit-1-da.mo@cus", "type": "custom", "defined_in": "/home/illy/Documents/CompileStuff/polkitbugfixin/policykit-1-124/po/da/LC_MESSAGES/meson.build", "filename": ["/home/illy/Documents/CompileStuff/polkitbugfixin/policykit-1-124/obj-x86_64-linux-gnu/po/da/LC_MESSAGES/polkit-1.mo"], "build_by_default": true, "target_sources": [{"language": "unknown", "compiler": ["/usr/bin/msgfmt", "-o", "@OUTPUT@", "@INPUT@"], "parameters": [], "sources": ["/home/illy/Documents/CompileStuff/polkitbugfixin/policykit-1-124/po/da.po"], "generated_sources": []}], "extra_files": [], "subproject": null, "dependencies": [], "depends": [], "installed": true, "install_filename": ["/usr/share/locale/zh_TW/LC_MESSAGES/polkit-1.mo"]}, {"name": "polkit-1-de.mo", "id": "49bdae1@@polkit-1-de.mo@cus", "type": "custom", "defined_in": "/home/illy/Documents/CompileStuff/polkitbugfixin/policykit-1-124/po/de/LC_MESSAGES/meson.build", "filename": ["/home/illy/Documents/CompileStuff/polkitbugfixin/policykit-1-124/obj-x86_64-linux-gnu/po/de/LC_MESSAGES/polkit-1.mo"], "build_by_default": true, "target_sources": [{"language": "unknown", "compiler": ["/usr/bin/msgfmt", "-o", "@OUTPUT@", "@INPUT@"], "parameters": [], "sources": ["/home/illy/Documents/CompileStuff/polkitbugfixin/policykit-1-124/po/de.po"], "generated_sources": []}], "extra_files": [], "subproject": null, "dependencies": [], "depends": [], "installed": true, "install_filename": ["/usr/share/locale/zh_TW/LC_MESSAGES/polkit-1.mo"]}, {"name": "polkit-1-hr.mo", "id": "665360f@@polkit-1-hr.mo@cus", "type": "custom", "defined_in": "/home/illy/Documents/CompileStuff/polkitbugfixin/policykit-1-124/po/hr/LC_MESSAGES/meson.build", "filename": ["/home/illy/Documents/CompileStuff/polkitbugfixin/policykit-1-124/obj-x86_64-linux-gnu/po/hr/LC_MESSAGES/polkit-1.mo"], "build_by_default": true, "target_sources": [{"language": "unknown", "compiler": ["/usr/bin/msgfmt", "-o", "@OUTPUT@", "@INPUT@"], "parameters": [], "sources": ["/home/illy/Documents/CompileStuff/polkitbugfixin/policykit-1-124/po/hr.po"], "generated_sources": []}], "extra_files": [], "subproject": null, "dependencies": [], "depends": [], "installed": true, "install_filename": ["/usr/share/locale/zh_TW/LC_MESSAGES/polkit-1.mo"]}, {"name": "polkit-1-hu.mo", "id": "7cd871e@@polkit-1-hu.mo@cus", "type": "custom", "defined_in": "/home/illy/Documents/CompileStuff/polkitbugfixin/policykit-1-124/po/hu/LC_MESSAGES/meson.build", "filename": ["/home/illy/Documents/CompileStuff/polkitbugfixin/policykit-1-124/obj-x86_64-linux-gnu/po/hu/LC_MESSAGES/polkit-1.mo"], "build_by_default": true, "target_sources": [{"language": "unknown", "compiler": ["/usr/bin/msgfmt", "-o", "@OUTPUT@", "@INPUT@"], "parameters": [], "sources": ["/home/illy/Documents/CompileStuff/polkitbugfixin/policykit-1-124/po/hu.po"], "generated_sources": []}], "extra_files": [], "subproject": null, "dependencies": [], "depends": [], "installed": true, "install_filename": ["/usr/share/locale/zh_TW/LC_MESSAGES/polkit-1.mo"]}, {"name": "polkit-1-id.mo", "id": "2a8441c@@polkit-1-id.mo@cus", "type": "custom", "defined_in": "/home/illy/Documents/CompileStuff/polkitbugfixin/policykit-1-124/po/id/LC_MESSAGES/meson.build", "filename": ["/home/illy/Documents/CompileStuff/polkitbugfixin/policykit-1-124/obj-x86_64-linux-gnu/po/id/LC_MESSAGES/polkit-1.mo"], "build_by_default": true, "target_sources": [{"language": "unknown", "compiler": ["/usr/bin/msgfmt", "-o", "@OUTPUT@", "@INPUT@"], "parameters": [], "sources": ["/home/illy/Documents/CompileStuff/polkitbugfixin/policykit-1-124/po/id.po"], "generated_sources": []}], "extra_files": [], "subproject": null, "dependencies": [], "depends": [], "installed": true, "install_filename": ["/usr/share/locale/zh_TW/LC_MESSAGES/polkit-1.mo"]}, {"name": "polkit-1-it.mo", "id": "f7cf49c@@polkit-1-it.mo@cus", "type": "custom", "defined_in": "/home/illy/Documents/CompileStuff/polkitbugfixin/policykit-1-124/po/it/LC_MESSAGES/meson.build", "filename": ["/home/illy/Documents/CompileStuff/polkitbugfixin/policykit-1-124/obj-x86_64-linux-gnu/po/it/LC_MESSAGES/polkit-1.mo"], "build_by_default": true, "target_sources": [{"language": "unknown", "compiler": ["/usr/bin/msgfmt", "-o", "@OUTPUT@", "@INPUT@"], "parameters": [], "sources": ["/home/illy/Documents/CompileStuff/polkitbugfixin/policykit-1-124/po/it.po"], "generated_sources": []}], "extra_files": [], "subproject": null, "dependencies": [], "depends": [], "installed": true, "install_filename": ["/usr/share/locale/zh_TW/LC_MESSAGES/polkit-1.mo"]}, {"name": "polkit-1-ka.mo", "id": "75e9376@@polkit-1-ka.mo@cus", "type": "custom", "defined_in": "/home/illy/Documents/CompileStuff/polkitbugfixin/policykit-1-124/po/ka/LC_MESSAGES/meson.build", "filename": ["/home/illy/Documents/CompileStuff/polkitbugfixin/policykit-1-124/obj-x86_64-linux-gnu/po/ka/LC_MESSAGES/polkit-1.mo"], "build_by_default": true, "target_sources": [{"language": "unknown", "compiler": ["/usr/bin/msgfmt", "-o", "@OUTPUT@", "@INPUT@"], "parameters": [], "sources": ["/home/illy/Documents/CompileStuff/polkitbugfixin/policykit-1-124/po/ka.po"], "generated_sources": []}], "extra_files": [], "subproject": null, "dependencies": [], "depends": [], "installed": true, "install_filename": ["/usr/share/locale/zh_TW/LC_MESSAGES/polkit-1.mo"]}, {"name": "polkit-1-nl.mo", "id": "6a0bd22@@polkit-1-nl.mo@cus", "type": "custom", "defined_in": "/home/illy/Documents/CompileStuff/polkitbugfixin/policykit-1-124/po/nl/LC_MESSAGES/meson.build", "filename": ["/home/illy/Documents/CompileStuff/polkitbugfixin/policykit-1-124/obj-x86_64-linux-gnu/po/nl/LC_MESSAGES/polkit-1.mo"], "build_by_default": true, "target_sources": [{"language": "unknown", "compiler": ["/usr/bin/msgfmt", "-o", "@OUTPUT@", "@INPUT@"], "parameters": [], "sources": ["/home/illy/Documents/CompileStuff/polkitbugfixin/policykit-1-124/po/nl.po"], "generated_sources": []}], "extra_files": [], "subproject": null, "dependencies": [], "depends": [], "installed": true, "install_filename": ["/usr/share/locale/zh_TW/LC_MESSAGES/polkit-1.mo"]}, {"name": "polkit-1-nn.mo", "id": "ec72c96@@polkit-1-nn.mo@cus", "type": "custom", "defined_in": "/home/illy/Documents/CompileStuff/polkitbugfixin/policykit-1-124/po/nn/LC_MESSAGES/meson.build", "filename": ["/home/illy/Documents/CompileStuff/polkitbugfixin/policykit-1-124/obj-x86_64-linux-gnu/po/nn/LC_MESSAGES/polkit-1.mo"], "build_by_default": true, "target_sources": [{"language": "unknown", "compiler": ["/usr/bin/msgfmt", "-o", "@OUTPUT@", "@INPUT@"], "parameters": [], "sources": ["/home/illy/Documents/CompileStuff/polkitbugfixin/policykit-1-124/po/nn.po"], "generated_sources": []}], "extra_files": [], "subproject": null, "dependencies": [], "depends": [], "installed": true, "install_filename": ["/usr/share/locale/zh_TW/LC_MESSAGES/polkit-1.mo"]}, {"name": "polkit-1-pl.mo", "id": "3b34acf@@polkit-1-pl.mo@cus", "type": "custom", "defined_in": "/home/illy/Documents/CompileStuff/polkitbugfixin/policykit-1-124/po/pl/LC_MESSAGES/meson.build", "filename": ["/home/illy/Documents/CompileStuff/polkitbugfixin/policykit-1-124/obj-x86_64-linux-gnu/po/pl/LC_MESSAGES/polkit-1.mo"], "build_by_default": true, "target_sources": [{"language": "unknown", "compiler": ["/usr/bin/msgfmt", "-o", "@OUTPUT@", "@INPUT@"], "parameters": [], "sources": ["/home/illy/Documents/CompileStuff/polkitbugfixin/policykit-1-124/po/pl.po"], "generated_sources": []}], "extra_files": [], "subproject": null, "dependencies": [], "depends": [], "installed": true, "install_filename": ["/usr/share/locale/zh_TW/LC_MESSAGES/polkit-1.mo"]}, {"name": "polkit-1-pt.mo", "id": "bdcee0b@@polkit-1-pt.mo@cus", "type": "custom", "defined_in": "/home/illy/Documents/CompileStuff/polkitbugfixin/policykit-1-124/po/pt/LC_MESSAGES/meson.build", "filename": ["/home/illy/Documents/CompileStuff/polkitbugfixin/policykit-1-124/obj-x86_64-linux-gnu/po/pt/LC_MESSAGES/polkit-1.mo"], "build_by_default": true, "target_sources": [{"language": "unknown", "compiler": ["/usr/bin/msgfmt", "-o", "@OUTPUT@", "@INPUT@"], "parameters": [], "sources": ["/home/illy/Documents/CompileStuff/polkitbugfixin/policykit-1-124/po/pt.po"], "generated_sources": []}], "extra_files": [], "subproject": null, "dependencies": [], "depends": [], "installed": true, "install_filename": ["/usr/share/locale/zh_TW/LC_MESSAGES/polkit-1.mo"]}, {"name": "polkit-1-pt_BR.mo", "id": "ccb2ba2@@polkit-1-pt_BR.mo@cus", "type": "custom", "defined_in": "/home/illy/Documents/CompileStuff/polkitbugfixin/policykit-1-124/po/pt_BR/LC_MESSAGES/meson.build", "filename": ["/home/illy/Documents/CompileStuff/polkitbugfixin/policykit-1-124/obj-x86_64-linux-gnu/po/pt_BR/LC_MESSAGES/polkit-1.mo"], "build_by_default": true, "target_sources": [{"language": "unknown", "compiler": ["/usr/bin/msgfmt", "-o", "@OUTPUT@", "@INPUT@"], "parameters": [], "sources": ["/home/illy/Documents/CompileStuff/polkitbugfixin/policykit-1-124/po/pt_BR.po"], "generated_sources": []}], "extra_files": [], "subproject": null, "dependencies": [], "depends": [], "installed": true, "install_filename": ["/usr/share/locale/zh_TW/LC_MESSAGES/polkit-1.mo"]}, {"name": "polkit-1-ro.mo", "id": "2c854d6@@polkit-1-ro.mo@cus", "type": "custom", "defined_in": "/home/illy/Documents/CompileStuff/polkitbugfixin/policykit-1-124/po/ro/LC_MESSAGES/meson.build", "filename": ["/home/illy/Documents/CompileStuff/polkitbugfixin/policykit-1-124/obj-x86_64-linux-gnu/po/ro/LC_MESSAGES/polkit-1.mo"], "build_by_default": true, "target_sources": [{"language": "unknown", "compiler": ["/usr/bin/msgfmt", "-o", "@OUTPUT@", "@INPUT@"], "parameters": [], "sources": ["/home/illy/Documents/CompileStuff/polkitbugfixin/policykit-1-124/po/ro.po"], "generated_sources": []}], "extra_files": [], "subproject": null, "dependencies": [], "depends": [], "installed": true, "install_filename": ["/usr/share/locale/zh_TW/LC_MESSAGES/polkit-1.mo"]}, {"name": "polkit-1-ru.mo", "id": "118a0e1@@polkit-1-ru.mo@cus", "type": "custom", "defined_in": "/home/illy/Documents/CompileStuff/polkitbugfixin/policykit-1-124/po/ru/LC_MESSAGES/meson.build", "filename": ["/home/illy/Documents/CompileStuff/polkitbugfixin/policykit-1-124/obj-x86_64-linux-gnu/po/ru/LC_MESSAGES/polkit-1.mo"], "build_by_default": true, "target_sources": [{"language": "unknown", "compiler": ["/usr/bin/msgfmt", "-o", "@OUTPUT@", "@INPUT@"], "parameters": [], "sources": ["/home/illy/Documents/CompileStuff/polkitbugfixin/policykit-1-124/po/ru.po"], "generated_sources": []}], "extra_files": [], "subproject": null, "dependencies": [], "depends": [], "installed": true, "install_filename": ["/usr/share/locale/zh_TW/LC_MESSAGES/polkit-1.mo"]}, {"name": "polkit-1-sk.mo", "id": "7432e72@@polkit-1-sk.mo@cus", "type": "custom", "defined_in": "/home/illy/Documents/CompileStuff/polkitbugfixin/policykit-1-124/po/sk/LC_MESSAGES/meson.build", "filename": ["/home/illy/Documents/CompileStuff/polkitbugfixin/policykit-1-124/obj-x86_64-linux-gnu/po/sk/LC_MESSAGES/polkit-1.mo"], "build_by_default": true, "target_sources": [{"language": "unknown", "compiler": ["/usr/bin/msgfmt", "-o", "@OUTPUT@", "@INPUT@"], "parameters": [], "sources": ["/home/illy/Documents/CompileStuff/polkitbugfixin/policykit-1-124/po/sk.po"], "generated_sources": []}], "extra_files": [], "subproject": null, "dependencies": [], "depends": [], "installed": true, "install_filename": ["/usr/share/locale/zh_TW/LC_MESSAGES/polkit-1.mo"]}, {"name": "polkit-1-sv.mo", "id": "a1974cc@@polkit-1-sv.mo@cus", "type": "custom", "defined_in": "/home/illy/Documents/CompileStuff/polkitbugfixin/policykit-1-124/po/sv/LC_MESSAGES/meson.build", "filename": ["/home/illy/Documents/CompileStuff/polkitbugfixin/policykit-1-124/obj-x86_64-linux-gnu/po/sv/LC_MESSAGES/polkit-1.mo"], "build_by_default": true, "target_sources": [{"language": "unknown", "compiler": ["/usr/bin/msgfmt", "-o", "@OUTPUT@", "@INPUT@"], "parameters": [], "sources": ["/home/illy/Documents/CompileStuff/polkitbugfixin/policykit-1-124/po/sv.po"], "generated_sources": []}], "extra_files": [], "subproject": null, "dependencies": [], "depends": [], "installed": true, "install_filename": ["/usr/share/locale/zh_TW/LC_MESSAGES/polkit-1.mo"]}, {"name": "polkit-1-tr.mo", "id": "890775d@@polkit-1-tr.mo@cus", "type": "custom", "defined_in": "/home/illy/Documents/CompileStuff/polkitbugfixin/policykit-1-124/po/tr/LC_MESSAGES/meson.build", "filename": ["/home/illy/Documents/CompileStuff/polkitbugfixin/policykit-1-124/obj-x86_64-linux-gnu/po/tr/LC_MESSAGES/polkit-1.mo"], "build_by_default": true, "target_sources": [{"language": "unknown", "compiler": ["/usr/bin/msgfmt", "-o", "@OUTPUT@", "@INPUT@"], "parameters": [], "sources": ["/home/illy/Documents/CompileStuff/polkitbugfixin/policykit-1-124/po/tr.po"], "generated_sources": []}], "extra_files": [], "subproject": null, "dependencies": [], "depends": [], "installed": true, "install_filename": ["/usr/share/locale/zh_TW/LC_MESSAGES/polkit-1.mo"]}, {"name": "polkit-1-uk.mo", "id": "f2bbe0a@@polkit-1-uk.mo@cus", "type": "custom", "defined_in": "/home/illy/Documents/CompileStuff/polkitbugfixin/policykit-1-124/po/uk/LC_MESSAGES/meson.build", "filename": ["/home/illy/Documents/CompileStuff/polkitbugfixin/policykit-1-124/obj-x86_64-linux-gnu/po/uk/LC_MESSAGES/polkit-1.mo"], "build_by_default": true, "target_sources": [{"language": "unknown", "compiler": ["/usr/bin/msgfmt", "-o", "@OUTPUT@", "@INPUT@"], "parameters": [], "sources": ["/home/illy/Documents/CompileStuff/polkitbugfixin/policykit-1-124/po/uk.po"], "generated_sources": []}], "extra_files": [], "subproject": null, "dependencies": [], "depends": [], "installed": true, "install_filename": ["/usr/share/locale/zh_TW/LC_MESSAGES/polkit-1.mo"]}, {"name": "polkit-1-zh_CN.mo", "id": "1320f3e@@polkit-1-zh_CN.mo@cus", "type": "custom", "defined_in": "/home/illy/Documents/CompileStuff/polkitbugfixin/policykit-1-124/po/zh_CN/LC_MESSAGES/meson.build", "filename": ["/home/illy/Documents/CompileStuff/polkitbugfixin/policykit-1-124/obj-x86_64-linux-gnu/po/zh_CN/LC_MESSAGES/polkit-1.mo"], "build_by_default": true, "target_sources": [{"language": "unknown", "compiler": ["/usr/bin/msgfmt", "-o", "@OUTPUT@", "@INPUT@"], "parameters": [], "sources": ["/home/illy/Documents/CompileStuff/polkitbugfixin/policykit-1-124/po/zh_CN.po"], "generated_sources": []}], "extra_files": [], "subproject": null, "dependencies": [], "depends": [], "installed": true, "install_filename": ["/usr/share/locale/zh_TW/LC_MESSAGES/polkit-1.mo"]}, {"name": "polkit-1-zh_TW.mo", "id": "12903aa@@polkit-1-zh_TW.mo@cus", "type": "custom", "defined_in": "/home/illy/Documents/CompileStuff/polkitbugfixin/policykit-1-124/po/zh_TW/LC_MESSAGES/meson.build", "filename": ["/home/illy/Documents/CompileStuff/polkitbugfixin/policykit-1-124/obj-x86_64-linux-gnu/po/zh_TW/LC_MESSAGES/polkit-1.mo"], "build_by_default": true, "target_sources": [{"language": "unknown", "compiler": ["/usr/bin/msgfmt", "-o", "@OUTPUT@", "@INPUT@"], "parameters": [], "sources": ["/home/illy/Documents/CompileStuff/polkitbugfixin/policykit-1-124/po/zh_TW.po"], "generated_sources": []}], "extra_files": [], "subproject": null, "dependencies": [], "depends": [], "installed": true, "install_filename": ["/usr/share/locale/zh_TW/LC_MESSAGES/polkit-1.mo"]}, {"name": "polkit-1-gmo", "id": "6199aec@@polkit-1-gmo@run", "type": "alias", "defined_in": "/home/illy/Documents/CompileStuff/polkitbugfixin/policykit-1-124/po/meson.build", "filename": ["/home/illy/Documents/CompileStuff/polkitbugfixin/policykit-1-124/obj-x86_64-linux-gnu/po/polkit-1-gmo"], "build_by_default": false, "target_sources": [], "extra_files": [], "subproject": null, "dependencies": [], "depends": ["52f3e2a@@polkit-1-cs.mo@cus", "0c8bec7@@polkit-1-da.mo@cus", "49bdae1@@polkit-1-de.mo@cus", "665360f@@polkit-1-hr.mo@cus", "7cd871e@@polkit-1-hu.mo@cus", "2a8441c@@polkit-1-id.mo@cus", "f7cf49c@@polkit-1-it.mo@cus", "75e9376@@polkit-1-ka.mo@cus", "6a0bd22@@polkit-1-nl.mo@cus", "ec72c96@@polkit-1-nn.mo@cus", "3b34acf@@polkit-1-pl.mo@cus", "bdcee0b@@polkit-1-pt.mo@cus", "ccb2ba2@@polkit-1-pt_BR.mo@cus", "2c854d6@@polkit-1-ro.mo@cus", "118a0e1@@polkit-1-ru.mo@cus", "7432e72@@polkit-1-sk.mo@cus", "a1974cc@@polkit-1-sv.mo@cus", "890775d@@polkit-1-tr.mo@cus", "f2bbe0a@@polkit-1-uk.mo@cus", "1320f3e@@polkit-1-zh_CN.mo@cus", "12903aa@@polkit-1-zh_TW.mo@cus"], "installed": false}, {"name": "polkit-1-update-po", "id": "6199aec@@polkit-1-update-po@run", "type": "run", "defined_in": "/home/illy/Documents/CompileStuff/polkitbugfixin/policykit-1-124/po/meson.build", "filename": ["/home/illy/Documents/CompileStuff/polkitbugfixin/policykit-1-124/obj-x86_64-linux-gnu/po/polkit-1-update-po"], "build_by_default": false, "target_sources": [], "extra_files": [], "subproject": null, "dependencies": [], "depends": [], "installed": false}, {"name": "polkit-test-helper", "id": "9f86d08@@polkit-test-helper@sta", "type": "static library", "defined_in": "/home/illy/Documents/CompileStuff/polkitbugfixin/policykit-1-124/test/meson.build", "filename": ["/home/illy/Documents/CompileStuff/polkitbugfixin/policykit-1-124/obj-x86_64-linux-gnu/test/libpolkit-test-helper.a"], "build_by_default": true, "target_sources": [{"language": "c", "compiler": ["cc"], "parameters": ["-I/home/illy/Documents/CompileStuff/polkitbugfixin/policykit-1-124/obj-x86_64-linux-gnu/test/libpolkit-test-helper.a.p", "-I/home/illy/Documents/CompileStuff/polkitbugfixin/policykit-1-124/obj-x86_64-linux-gnu/test", "-I/home/illy/Documents/CompileStuff/polkitbugfixin/policykit-1-124/test", "-I/usr/include/glib-2.0", "-I/usr/lib/x86_64-linux-gnu/glib-2.0/include", "-fdiagnostics-color=always", "-D_FILE_OFFSET_BITS=64", "-Wall", "-Winvalid-pch", "-std=c99", "-DHAVE_CONFIG_H", "-g", "-O2", "-ffile-prefix-map=/home/illy/Documents/CompileStuff/polkitbugfixin/policykit-1-124=.", "-fstack-protector-strong", "-fstack-clash-protection", "-Wformat", "-Werror=format-security", "-fcf-protection", "-Wdate-time", "-D_FORTIFY_SOURCE=2", "-fPIC"], "sources": ["/home/illy/Documents/CompileStuff/polkitbugfixin/policykit-1-124/test/polkittesthelper.c"], "generated_sources": [], "unity_sources": []}, {"linker": ["gcc-ar"], "parameters": ["csrDT"]}], "extra_files": [], "subproject": null, "dependencies": ["glib-2.0"], "depends": [], "installed": false}, {"name": "mocklibc", "id": "f4af560@@mocklibc@sha", "type": "shared library", "defined_in": "/home/illy/Documents/CompileStuff/polkitbugfixin/policykit-1-124/subprojects/mocklibc-1.0/src/meson.build", "filename": ["/home/illy/Documents/CompileStuff/polkitbugfixin/policykit-1-124/obj-x86_64-linux-gnu/subprojects/mocklibc-1.0/src/libmocklibc.so.0.0.0"], "build_by_default": true, "target_sources": [{"language": "c", "compiler": ["cc"], "parameters": ["-I/home/illy/Documents/CompileStuff/polkitbugfixin/policykit-1-124/obj-x86_64-linux-gnu/subprojects/mocklibc-1.0/src/libmocklibc.so.0.0.0.p", "-I/home/illy/Documents/CompileStuff/polkitbugfixin/policykit-1-124/obj-x86_64-linux-gnu/subprojects/mocklibc-1.0/src", "-I/home/illy/Documents/CompileStuff/polkitbugfixin/policykit-1-124/subprojects/mocklibc-1.0/src", "-fdiagnostics-color=always", "-D_FILE_OFFSET_BITS=64", "-Wall", "-Winvalid-pch", "-g", "-O2", "-ffile-prefix-map=/home/illy/Documents/CompileStuff/polkitbugfixin/policykit-1-124=.", "-fstack-protector-strong", "-fstack-clash-protection", "-Wformat", "-Werror=format-security", "-fcf-protection", "-Wdate-time", "-D_FORTIFY_SOURCE=2", "-fPIC"], "sources": ["/home/illy/Documents/CompileStuff/polkitbugfixin/policykit-1-124/subprojects/mocklibc-1.0/src/grp.c", "/home/illy/Documents/CompileStuff/polkitbugfixin/policykit-1-124/subprojects/mocklibc-1.0/src/netdb.c", "/home/illy/Documents/CompileStuff/polkitbugfixin/policykit-1-124/subprojects/mocklibc-1.0/src/netgroup.c", "/home/illy/Documents/CompileStuff/polkitbugfixin/policykit-1-124/subprojects/mocklibc-1.0/src/pwd.c"], "generated_sources": [], "unity_sources": []}, {"linker": ["cc"], "parameters": ["-Wl,--as-needed", "-Wl,--no-undefined", "-shared", "-fPIC", "-Wl,--start-group", "-Wl,--start-group", "-Wl,-soname,libmocklibc.so.0", "-Wl,--end-group", "-Wl,--end-group", "-Wl,-z,relro", "-Wl,-z,now", "-g", "-O2", "-ffile-prefix-map=/home/illy/Documents/CompileStuff/polkitbugfixin/policykit-1-124=.", "-fstack-protector-strong", "-fstack-clash-protection", "-Wformat", "-Werror=format-security", "-fcf-protection", "-Wdate-time", "-D_FORTIFY_SOURCE=2"]}], "extra_files": [], "subproject": "mocklibc", "dependencies": [], "depends": [], "installed": false}, {"name": "mocklibc-debug-netgroup", "id": "f4af560@@mocklibc-debug-netgroup@exe", "type": "executable", "defined_in": "/home/illy/Documents/CompileStuff/polkitbugfixin/policykit-1-124/subprojects/mocklibc-1.0/src/meson.build", "filename": ["/home/illy/Documents/CompileStuff/polkitbugfixin/policykit-1-124/obj-x86_64-linux-gnu/subprojects/mocklibc-1.0/src/mocklibc-debug-netgroup"], "build_by_default": true, "target_sources": [{"language": "c", "compiler": ["cc"], "parameters": ["-I/home/illy/Documents/CompileStuff/polkitbugfixin/policykit-1-124/obj-x86_64-linux-gnu/subprojects/mocklibc-1.0/src/mocklibc-debug-netgroup.p", "-I/home/illy/Documents/CompileStuff/polkitbugfixin/policykit-1-124/obj-x86_64-linux-gnu/subprojects/mocklibc-1.0/src", "-I/home/illy/Documents/CompileStuff/polkitbugfixin/policykit-1-124/subprojects/mocklibc-1.0/src", "-fdiagnostics-color=always", "-D_FILE_OFFSET_BITS=64", "-Wall", "-Winvalid-pch", "-g", "-O2", "-ffile-prefix-map=/home/illy/Documents/CompileStuff/polkitbugfixin/policykit-1-124=.", "-fstack-protector-strong", "-fstack-clash-protection", "-Wformat", "-Werror=format-security", "-fcf-protection", "-Wdate-time", "-D_FORTIFY_SOURCE=2"], "sources": ["/home/illy/Documents/CompileStuff/polkitbugfixin/policykit-1-124/subprojects/mocklibc-1.0/src/netgroup-debug.c"], "generated_sources": [], "unity_sources": []}, {"linker": ["cc"], "parameters": ["-Wl,--as-needed", "-Wl,--no-undefined", "-Wl,-z,relro", "-Wl,-z,now", "-g", "-O2", "-ffile-prefix-map=/home/illy/Documents/CompileStuff/polkitbugfixin/policykit-1-124=.", "-fstack-protector-strong", "-fstack-clash-protection", "-Wformat", "-Werror=format-security", "-fcf-protection", "-Wdate-time", "-D_FORTIFY_SOURCE=2", "-Wl,-rpath,$ORIGIN/", "-Wl,-rpath-link,/home/illy/Documents/CompileStuff/polkitbugfixin/policykit-1-124/obj-x86_64-linux-gnu/subprojects/mocklibc-1.0/src", "-Wl,--start-group", "-Wl,--start-group", "subprojects/mocklibc-1.0/src/libmocklibc.so.0.0.0", "-Wl,--end-group", "-Wl,--end-group"]}], "extra_files": [], "subproject": "mocklibc", "dependencies": [], "depends": [], "win_subsystem": "console", "installed": false}, {"name": "polkitunixusertest", "id": "0cd1305@@polkitunixusertest@exe", "type": "executable", "defined_in": "/home/illy/Documents/CompileStuff/polkitbugfixin/policykit-1-124/test/polkit/meson.build", "filename": ["/home/illy/Documents/CompileStuff/polkitbugfixin/policykit-1-124/obj-x86_64-linux-gnu/test/polkit/polkitunixusertest"], "build_by_default": true, "target_sources": [{"language": "c", "compiler": ["cc"], "parameters": ["-I/home/illy/Documents/CompileStuff/polkitbugfixin/policykit-1-124/obj-x86_64-linux-gnu/test/polkit/polkitunixusertest.p", "-I/home/illy/Documents/CompileStuff/polkitbugfixin/policykit-1-124/obj-x86_64-linux-gnu/test/polkit", "-I/home/illy/Documents/CompileStuff/polkitbugfixin/policykit-1-124/test/polkit", "-I/home/illy/Documents/CompileStuff/polkitbugfixin/policykit-1-124/obj-x86_64-linux-gnu/src", "-I/home/illy/Documents/CompileStuff/polkitbugfixin/policykit-1-124/src", "-I/home/illy/Documents/CompileStuff/polkitbugfixin/policykit-1-124/obj-x86_64-linux-gnu/src/polkit", "-I/usr/include/glib-2.0", "-I/usr/lib/x86_64-linux-gnu/glib-2.0/include", "-I/usr/include/libmount", "-I/usr/include/blkid", "-I/usr/include/gio-unix-2.0", "-fdiagnostics-color=always", "-D_FILE_OFFSET_BITS=64", "-Wall", "-Winvalid-pch", "-std=c99", "-DHAVE_CONFIG_H", "-g", "-O2", "-ffile-prefix-map=/home/illy/Documents/CompileStuff/polkitbugfixin/policykit-1-124=.", "-fstack-protector-strong", "-fstack-clash-protection", "-Wformat", "-Werror=format-security", "-fcf-protection", "-Wdate-time", "-D_FORTIFY_SOURCE=2", "-pthread", "-D_POLKIT_COMPILATION", "-D_POLKIT_BACKEND_COMPILATION"], "sources": ["/home/illy/Documents/CompileStuff/polkitbugfixin/policykit-1-124/test/polkit/polkitunixusertest.c"], "generated_sources": [], "unity_sources": []}, {"linker": ["cc"], "parameters": ["-Wl,--as-needed", "-Wl,--no-undefined", "-Wl,-z,relro", "-Wl,-z,now", "-g", "-O2", "-ffile-prefix-map=/home/illy/Documents/CompileStuff/polkitbugfixin/policykit-1-124=.", "-fstack-protector-strong", "-fstack-clash-protection", "-Wformat", "-Werror=format-security", "-fcf-protection", "-Wdate-time", "-D_FORTIFY_SOURCE=2", "-Wl,-rpath,$ORIGIN/../../src/polkit", "-Wl,-rpath-link,/home/illy/Documents/CompileStuff/polkitbugfixin/policykit-1-124/obj-x86_64-linux-gnu/src/polkit", "-Wl,--start-group", "-Wl,--start-group", "src/polkit/libpolkit-gobject-1.so.0.0.0", "/usr/lib/x86_64-linux-gnu/libgio-2.0.so", "/usr/lib/x86_64-linux-gnu/libgobject-2.0.so", "/usr/lib/x86_64-linux-gnu/libglib-2.0.so", "-Wl,--end-group", "-Wl,--end-group"]}], "extra_files": [], "subproject": null, "dependencies": ["gio-2.0", "gio-unix-2.0", "glib-2.0"], "depends": [], "win_subsystem": "console", "installed": false}, {"name": "polkitunixgrouptest", "id": "0cd1305@@polkitunixgrouptest@exe", "type": "executable", "defined_in": "/home/illy/Documents/CompileStuff/polkitbugfixin/policykit-1-124/test/polkit/meson.build", "filename": ["/home/illy/Documents/CompileStuff/polkitbugfixin/policykit-1-124/obj-x86_64-linux-gnu/test/polkit/polkitunixgrouptest"], "build_by_default": true, "target_sources": [{"language": "c", "compiler": ["cc"], "parameters": ["-I/home/illy/Documents/CompileStuff/polkitbugfixin/policykit-1-124/obj-x86_64-linux-gnu/test/polkit/polkitunixgrouptest.p", "-I/home/illy/Documents/CompileStuff/polkitbugfixin/policykit-1-124/obj-x86_64-linux-gnu/test/polkit", "-I/home/illy/Documents/CompileStuff/polkitbugfixin/policykit-1-124/test/polkit", "-I/home/illy/Documents/CompileStuff/polkitbugfixin/policykit-1-124/obj-x86_64-linux-gnu/src", "-I/home/illy/Documents/CompileStuff/polkitbugfixin/policykit-1-124/src", "-I/home/illy/Documents/CompileStuff/polkitbugfixin/policykit-1-124/obj-x86_64-linux-gnu/src/polkit", "-I/usr/include/glib-2.0", "-I/usr/lib/x86_64-linux-gnu/glib-2.0/include", "-I/usr/include/libmount", "-I/usr/include/blkid", "-I/usr/include/gio-unix-2.0", "-fdiagnostics-color=always", "-D_FILE_OFFSET_BITS=64", "-Wall", "-Winvalid-pch", "-std=c99", "-DHAVE_CONFIG_H", "-g", "-O2", "-ffile-prefix-map=/home/illy/Documents/CompileStuff/polkitbugfixin/policykit-1-124=.", "-fstack-protector-strong", "-fstack-clash-protection", "-Wformat", "-Werror=format-security", "-fcf-protection", "-Wdate-time", "-D_FORTIFY_SOURCE=2", "-pthread", "-D_POLKIT_COMPILATION", "-D_POLKIT_BACKEND_COMPILATION"], "sources": ["/home/illy/Documents/CompileStuff/polkitbugfixin/policykit-1-124/test/polkit/polkitunixgrouptest.c"], "generated_sources": [], "unity_sources": []}, {"linker": ["cc"], "parameters": ["-Wl,--as-needed", "-Wl,--no-undefined", "-Wl,-z,relro", "-Wl,-z,now", "-g", "-O2", "-ffile-prefix-map=/home/illy/Documents/CompileStuff/polkitbugfixin/policykit-1-124=.", "-fstack-protector-strong", "-fstack-clash-protection", "-Wformat", "-Werror=format-security", "-fcf-protection", "-Wdate-time", "-D_FORTIFY_SOURCE=2", "-Wl,-rpath,$ORIGIN/../../src/polkit", "-Wl,-rpath-link,/home/illy/Documents/CompileStuff/polkitbugfixin/policykit-1-124/obj-x86_64-linux-gnu/src/polkit", "-Wl,--start-group", "-Wl,--start-group", "src/polkit/libpolkit-gobject-1.so.0.0.0", "/usr/lib/x86_64-linux-gnu/libgio-2.0.so", "/usr/lib/x86_64-linux-gnu/libgobject-2.0.so", "/usr/lib/x86_64-linux-gnu/libglib-2.0.so", "-Wl,--end-group", "-Wl,--end-group"]}], "extra_files": [], "subproject": null, "dependencies": ["gio-2.0", "gio-unix-2.0", "glib-2.0"], "depends": [], "win_subsystem": "console", "installed": false}, {"name": "polkitunixnetgrouptest", "id": "0cd1305@@polkitunixnetgrouptest@exe", "type": "executable", "defined_in": "/home/illy/Documents/CompileStuff/polkitbugfixin/policykit-1-124/test/polkit/meson.build", "filename": ["/home/illy/Documents/CompileStuff/polkitbugfixin/policykit-1-124/obj-x86_64-linux-gnu/test/polkit/polkitunixnetgrouptest"], "build_by_default": true, "target_sources": [{"language": "c", "compiler": ["cc"], "parameters": ["-I/home/illy/Documents/CompileStuff/polkitbugfixin/policykit-1-124/obj-x86_64-linux-gnu/test/polkit/polkitunixnetgrouptest.p", "-I/home/illy/Documents/CompileStuff/polkitbugfixin/policykit-1-124/obj-x86_64-linux-gnu/test/polkit", "-I/home/illy/Documents/CompileStuff/polkitbugfixin/policykit-1-124/test/polkit", "-I/home/illy/Documents/CompileStuff/polkitbugfixin/policykit-1-124/obj-x86_64-linux-gnu/src", "-I/home/illy/Documents/CompileStuff/polkitbugfixin/policykit-1-124/src", "-I/home/illy/Documents/CompileStuff/polkitbugfixin/policykit-1-124/obj-x86_64-linux-gnu/src/polkit", "-I/usr/include/glib-2.0", "-I/usr/lib/x86_64-linux-gnu/glib-2.0/include", "-I/usr/include/libmount", "-I/usr/include/blkid", "-I/usr/include/gio-unix-2.0", "-fdiagnostics-color=always", "-D_FILE_OFFSET_BITS=64", "-Wall", "-Winvalid-pch", "-std=c99", "-DHAVE_CONFIG_H", "-g", "-O2", "-ffile-prefix-map=/home/illy/Documents/CompileStuff/polkitbugfixin/policykit-1-124=.", "-fstack-protector-strong", "-fstack-clash-protection", "-Wformat", "-Werror=format-security", "-fcf-protection", "-Wdate-time", "-D_FORTIFY_SOURCE=2", "-pthread", "-D_POLKIT_COMPILATION", "-D_POLKIT_BACKEND_COMPILATION"], "sources": ["/home/illy/Documents/CompileStuff/polkitbugfixin/policykit-1-124/test/polkit/polkitunixnetgrouptest.c"], "generated_sources": [], "unity_sources": []}, {"linker": ["cc"], "parameters": ["-Wl,--as-needed", "-Wl,--no-undefined", "-Wl,-z,relro", "-Wl,-z,now", "-g", "-O2", "-ffile-prefix-map=/home/illy/Documents/CompileStuff/polkitbugfixin/policykit-1-124=.", "-fstack-protector-strong", "-fstack-clash-protection", "-Wformat", "-Werror=format-security", "-fcf-protection", "-Wdate-time", "-D_FORTIFY_SOURCE=2", "-Wl,-rpath,$ORIGIN/../../src/polkit", "-Wl,-rpath-link,/home/illy/Documents/CompileStuff/polkitbugfixin/policykit-1-124/obj-x86_64-linux-gnu/src/polkit", "-Wl,--start-group", "-Wl,--start-group", "src/polkit/libpolkit-gobject-1.so.0.0.0", "/usr/lib/x86_64-linux-gnu/libgio-2.0.so", "/usr/lib/x86_64-linux-gnu/libgobject-2.0.so", "/usr/lib/x86_64-linux-gnu/libglib-2.0.so", "-Wl,--end-group", "-Wl,--end-group"]}], "extra_files": [], "subproject": null, "dependencies": ["gio-2.0", "gio-unix-2.0", "glib-2.0"], "depends": [], "win_subsystem": "console", "installed": false}, {"name": "polkitidentitytest", "id": "0cd1305@@polkitidentitytest@exe", "type": "executable", "defined_in": "/home/illy/Documents/CompileStuff/polkitbugfixin/policykit-1-124/test/polkit/meson.build", "filename": ["/home/illy/Documents/CompileStuff/polkitbugfixin/policykit-1-124/obj-x86_64-linux-gnu/test/polkit/polkitidentitytest"], "build_by_default": true, "target_sources": [{"language": "c", "compiler": ["cc"], "parameters": ["-I/home/illy/Documents/CompileStuff/polkitbugfixin/policykit-1-124/obj-x86_64-linux-gnu/test/polkit/polkitidentitytest.p", "-I/home/illy/Documents/CompileStuff/polkitbugfixin/policykit-1-124/obj-x86_64-linux-gnu/test/polkit", "-I/home/illy/Documents/CompileStuff/polkitbugfixin/policykit-1-124/test/polkit", "-I/home/illy/Documents/CompileStuff/polkitbugfixin/policykit-1-124/obj-x86_64-linux-gnu/src", "-I/home/illy/Documents/CompileStuff/polkitbugfixin/policykit-1-124/src", "-I/home/illy/Documents/CompileStuff/polkitbugfixin/policykit-1-124/obj-x86_64-linux-gnu/src/polkit", "-I/usr/include/glib-2.0", "-I/usr/lib/x86_64-linux-gnu/glib-2.0/include", "-I/usr/include/libmount", "-I/usr/include/blkid", "-I/usr/include/gio-unix-2.0", "-fdiagnostics-color=always", "-D_FILE_OFFSET_BITS=64", "-Wall", "-Winvalid-pch", "-std=c99", "-DHAVE_CONFIG_H", "-g", "-O2", "-ffile-prefix-map=/home/illy/Documents/CompileStuff/polkitbugfixin/policykit-1-124=.", "-fstack-protector-strong", "-fstack-clash-protection", "-Wformat", "-Werror=format-security", "-fcf-protection", "-Wdate-time", "-D_FORTIFY_SOURCE=2", "-pthread", "-D_POLKIT_COMPILATION", "-D_POLKIT_BACKEND_COMPILATION"], "sources": ["/home/illy/Documents/CompileStuff/polkitbugfixin/policykit-1-124/test/polkit/polkitidentitytest.c"], "generated_sources": [], "unity_sources": []}, {"linker": ["cc"], "parameters": ["-Wl,--as-needed", "-Wl,--no-undefined", "-Wl,-z,relro", "-Wl,-z,now", "-g", "-O2", "-ffile-prefix-map=/home/illy/Documents/CompileStuff/polkitbugfixin/policykit-1-124=.", "-fstack-protector-strong", "-fstack-clash-protection", "-Wformat", "-Werror=format-security", "-fcf-protection", "-Wdate-time", "-D_FORTIFY_SOURCE=2", "-Wl,-rpath,$ORIGIN/../../src/polkit", "-Wl,-rpath-link,/home/illy/Documents/CompileStuff/polkitbugfixin/policykit-1-124/obj-x86_64-linux-gnu/src/polkit", "-Wl,--start-group", "-Wl,--start-group", "src/polkit/libpolkit-gobject-1.so.0.0.0", "/usr/lib/x86_64-linux-gnu/libgio-2.0.so", "/usr/lib/x86_64-linux-gnu/libgobject-2.0.so", "/usr/lib/x86_64-linux-gnu/libglib-2.0.so", "-Wl,--end-group", "-Wl,--end-group"]}], "extra_files": [], "subproject": null, "dependencies": ["gio-2.0", "gio-unix-2.0", "glib-2.0"], "depends": [], "win_subsystem": "console", "installed": false}, {"name": "test-polkitbackendjsauthority", "id": "6459a75@@test-polkitbackendjsauthority@exe", "type": "executable", "defined_in": "/home/illy/Documents/CompileStuff/polkitbugfixin/policykit-1-124/test/polkitbackend/meson.build", "filename": ["/home/illy/Documents/CompileStuff/polkitbugfixin/policykit-1-124/obj-x86_64-linux-gnu/test/polkitbackend/test-polkitbackendjsauthority"], "build_by_default": true, "target_sources": [{"language": "c", "compiler": ["cc"], "parameters": ["-I/home/illy/Documents/CompileStuff/polkitbugfixin/policykit-1-124/obj-x86_64-linux-gnu/test/polkitbackend/test-polkitbackendjsauthority.p", "-I/home/illy/Documents/CompileStuff/polkitbugfixin/policykit-1-124/obj-x86_64-linux-gnu/test/polkitbackend", "-I/home/illy/Documents/CompileStuff/polkitbugfixin/policykit-1-124/test/polkitbackend", "-I/home/illy/Documents/CompileStuff/polkitbugfixin/policykit-1-124/obj-x86_64-linux-gnu", "-I/home/illy/Documents/CompileStuff/polkitbugfixin/policykit-1-124", "-I/home/illy/Documents/CompileStuff/polkitbugfixin/policykit-1-124/obj-x86_64-linux-gnu/src", "-I/home/illy/Documents/CompileStuff/polkitbugfixin/policykit-1-124/src", "-I/home/illy/Documents/CompileStuff/polkitbugfixin/policykit-1-124/obj-x86_64-linux-gnu/test", "-I/home/illy/Documents/CompileStuff/polkitbugfixin/policykit-1-124/test", "-I/home/illy/Documents/CompileStuff/polkitbugfixin/policykit-1-124/obj-x86_64-linux-gnu/src/polkit", "-I/usr/include/glib-2.0", "-I/usr/lib/x86_64-linux-gnu/glib-2.0/include", "-I/usr/include/libmount", "-I/usr/include/blkid", "-I/usr/include/gio-unix-2.0", "-fdiagnostics-color=always", "-D_FILE_OFFSET_BITS=64", "-Wall", "-Winvalid-pch", "-std=c99", "-DHAVE_CONFIG_H", "-g", "-O2", "-ffile-prefix-map=/home/illy/Documents/CompileStuff/polkitbugfixin/policykit-1-124=.", "-fstack-protector-strong", "-fstack-clash-protection", "-Wformat", "-Werror=format-security", "-fcf-protection", "-Wdate-time", "-D_FORTIFY_SOURCE=2", "-pthread", "-D_POLKIT_COMPILATION", "-D_POLKIT_BACKEND_COMPILATION"], "sources": ["/home/illy/Documents/CompileStuff/polkitbugfixin/policykit-1-124/test/polkitbackend/test-polkitbackendjsauthority.c"], "generated_sources": [], "unity_sources": []}, {"linker": ["cc"], "parameters": ["-Wl,--as-needed", "-Wl,--no-undefined", "-Wl,-z,relro", "-Wl,-z,now", "-g", "-O2", "-ffile-prefix-map=/home/illy/Documents/CompileStuff/polkitbugfixin/policykit-1-124=.", "-fstack-protector-strong", "-fstack-clash-protection", "-Wformat", "-Werror=format-security", "-fcf-protection", "-Wdate-time", "-D_FORTIFY_SOURCE=2", "-Wl,-rpath,$ORIGIN/../../src/polkit", "-Wl,-rpath-link,/home/illy/Documents/CompileStuff/polkitbugfixin/policykit-1-124/obj-x86_64-linux-gnu/src/polkit", "-Wl,--start-group", "-Wl,--start-group", "src/polkitbackend/libpolkit-backend-1.a", "src/polkit/libpolkit-gobject-1.so.0.0.0", "test/libpolkit-test-helper.a", "/usr/lib/x86_64-linux-gnu/libgio-2.0.so", "/usr/lib/x86_64-linux-gnu/libgobject-2.0.so", "/usr/lib/x86_64-linux-gnu/libglib-2.0.so", "/usr/lib/x86_64-linux-gnu/libexpat.so", "/usr/lib/x86_64-linux-gnu/libduktape.so", "-lm", "-pthread", "/usr/lib/x86_64-linux-gnu/libsystemd.so", "-Wl,--end-group", "-Wl,--end-group"]}], "extra_files": [], "subproject": null, "dependencies": ["gio-2.0", "gio-unix-2.0", "glib-2.0"], "depends": [], "win_subsystem": "console", "installed": false}]