{"name": "polkitunixusertest", "stdout": "TAP version 13\n# random seed: R02S071719013e301a86e58c9c4f625f2138\n1..3\n# Start of PolkitUnixUser tests\nok 1 /PolkitUnixUser/new\nok 2 /PolkitUnixUser/new_for_name\nok 3 /PolkitUnixUser/set_uid\n# End of PolkitUnixUser tests\n", "result": "OK", "starttime": 1712545368.5947883, "duration": 0.008165836334228516, "returncode": 0, "env": {"DEB_HOST_GNU_SYSTEM": "linux-gnu", "DFLAGS": "-frelease", "DEB_BUILD_ARCH_BITS": "64", "DEB_TARGET_GNU_CPU": "x86_64", "DEB_HOST_ARCH_OS": "linux", "LC_TIME": "fr_FR.UTF-8", "USER": "illy", "ASFLAGS_FOR_BUILD": "", "CXXFLAGS": "-g -O2 -ffile-prefix-map=/home/illy/Documents/CompileStuff/polkitbugfixin/policykit-1-124=. -fstack-protector-strong -fstack-clash-protection -Wformat -Werror=format-security -fcf-protection", "DEB_BUILD_GNU_TYPE": "x86_64-linux-gnu", "HOSTNAME": "apx-polkitbs.illy-leno", "XDG_SESSION_TYPE": "wayland", "FFLAGS_FOR_BUILD": "-g -O2", "DEB_TARGET_MULTIARCH": "x86_64-linux-gnu", "OBJCFLAGS": "-g -O2 -ffile-prefix-map=/home/illy/Documents/CompileStuff/polkitbugfixin/policykit-1-124=. -fstack-protector-strong -fstack-clash-protection -Wformat -Werror=format-security -fcf-protection", "DPKG_GENSYMBOLS_CHECK_LEVEL": "4", "DH_INTERNAL_OPTIONS": "", "DEB_BUILD_ARCH_CPU": "amd64", "SHLVL": "2", "DEB_HOST_ARCH_LIBC": "gnu", "DEB_HOST_ARCH_ABI": "base", "CONTAINER_STORAGE_DRIVER": "btrfs", "HOME": "/home/illy/Documents/CompileStuff/polkitbugfixin/policykit-1-124/debian/.debhelper/generated/_source/home", "DESKTOP_SESSION": "gnome", "DEB_BUILD_ARCH_ENDIAN": "little", "DFLAGS_FOR_BUILD": "-frelease", "GTK_MODULES": "gail:atk-bridge", "LDFLAGS": "-Wl,-z,relro -Wl,-z,now", "DEB_TARGET_ARCH_BITS": "64", "LC_MONETARY": "fr_FR.UTF-8", "MANAGERPID": "2790", "DEB_BUILD_GNU_SYSTEM": "linux-gnu", "MAKEFLAGS": "w", "DBUS_SESSION_BUS_ADDRESS": "unix:path=/tmp/dbus-EbFQBDZ8Gv,guid=1e06b9c7650efb4bf7e4c6ac66135e58", "SYSTEMD_EXEC_PID": "3863", "DISTROBOX_ENTER_PATH": "/usr/share/apx/distrobox/distrobox-enter", "XDG_STATE_HOME": "/home/illy/.local/state", "DBX_SUDO_PROGRAM": "pkexec", "CXXFLAGS_FOR_BUILD": "-g -O2", "container": "podman", "OBJCFLAGS_FOR_BUILD": "-g -O2", "DEBEMAIL": "Teh404Gal@proton.me", "DEB_BUILD_ARCH_OS": "linux", "DEB_TARGET_GNU_TYPE": "x86_64-linux-gnu", "MAKE_TERMERR": "/dev/pts/0", "WAYLAND_DISPLAY": "wayland-0", "DEB_TARGET_ARCH_CPU": "amd64", "IM_CONFIG_PHASE": "1", "LOGNAME": "illy", "DEBFULLNAME": "Illy Illy", "DEB_BUILD_ARCH_LIBC": "gnu", "DEB_BUILD_ARCH_ABI": "base", "JOURNAL_STREAM": "8:24722", "MEMORY_PRESSURE_WATCH": "/sys/fs/cgroup/user.slice/user-1001.slice/user@1001.service/app.slice/flatpak-session-helper.service/memory.pressure", "TERMINFO_DIRS": "/usr/share/terminfo:/run/host/usr/share/terminfo", "XDG_SESSION_CLASS": "user", "DEB_HOST_ARCH": "amd64", "LDFLAGS_FOR_BUILD": "", "DEB_TARGET_ARCH_ENDIAN": "little", "USERNAME": "illy", "TERM": "xterm-256color", "DH_INTERNAL_OVERRIDE": "dh_auto_test", "GNOME_DESKTOP_SESSION_ID": "this-is-deprecated", "DEB_HOST_GNU_CPU": "x86_64", "DEB_TARGET_GNU_SYSTEM": "linux-gnu", "PATH": "/usr/local/bin:/usr/bin:/bin:/usr/local/games:/usr/games:/home/illy/.local/bin", "GDM_LANG": "fr_FR.UTF-8", "SESSION_MANAGER": "local/illy-leno:@/tmp/.ICE-unix/3075,unix/illy-leno:/tmp/.ICE-unix/3075", "INVOCATION_ID": "c395a01c00b342f2b25f77ec35fa35e3", "LC_ADDRESS": "fr_FR.UTF-8", "GNOME_SETUP_DISPLAY": ":1", "DEB_TARGET_ARCH_OS": "linux", "CFLAGS": "-g -O2 -ffile-prefix-map=/home/illy/Documents/CompileStuff/polkitbugfixin/policykit-1-124=. -fstack-protector-strong -fstack-clash-protection -Wformat -Werror=format-security -fcf-protection", "XDG_MENU_PREFIX": "gnome-", "MAKELEVEL": "2", "DEB_HOST_MULTIARCH": "x86_64-linux-gnu", "SOURCE_DATE_EPOCH": "1705833729", "FCFLAGS": "-g -O2 -ffile-prefix-map=/home/illy/Documents/CompileStuff/polkitbugfixin/policykit-1-124=. -fstack-protector-strong -fstack-clash-protection -fcf-protection", "DISPLAY": ":0", "OBJCXXFLAGS": "-g -O2 -ffile-prefix-map=/home/illy/Documents/CompileStuff/polkitbugfixin/policykit-1-124=. -fstack-protector-strong -fstack-clash-protection -Wformat -Werror=format-security -fcf-protection", "LANG": "fr_FR.UTF-8", "LC_TELEPHONE": "fr_FR.UTF-8", "XDG_CURRENT_DESKTOP": "GNOME", "DEB_TARGET_ARCH_LIBC": "gnu", "XAUTHORITY": "/run/user/1001/.mutter-Xwaylandauth.R328L2", "XDG_SESSION_DESKTOP": "gnome", "XMODIFIERS": "@im=ibus", "LS_COLORS": "rs=0:di=01;34:ln=01;36:mh=00:pi=40;33:so=01;35:do=01;35:bd=40;33;01:cd=40;33;01:or=40;31;01:mi=00:su=37;41:sg=30;43:ca=00:tw=30;42:ow=34;42:st=37;44:ex=01;32:*.tar=01;31:*.tgz=01;31:*.arc=01;31:*.arj=01;31:*.taz=01;31:*.lha=01;31:*.lz4=01;31:*.lzh=01;31:*.lzma=01;31:*.tlz=01;31:*.txz=01;31:*.tzo=01;31:*.t7z=01;31:*.zip=01;31:*.z=01;31:*.dz=01;31:*.gz=01;31:*.lrz=01;31:*.lz=01;31:*.lzo=01;31:*.xz=01;31:*.zst=01;31:*.tzst=01;31:*.bz2=01;31:*.bz=01;31:*.tbz=01;31:*.tbz2=01;31:*.tz=01;31:*.deb=01;31:*.rpm=01;31:*.jar=01;31:*.war=01;31:*.ear=01;31:*.sar=01;31:*.rar=01;31:*.alz=01;31:*.ace=01;31:*.zoo=01;31:*.cpio=01;31:*.7z=01;31:*.rz=01;31:*.cab=01;31:*.wim=01;31:*.swm=01;31:*.dwm=01;31:*.esd=01;31:*.avif=01;35:*.jpg=01;35:*.jpeg=01;35:*.mjpg=01;35:*.mjpeg=01;35:*.gif=01;35:*.bmp=01;35:*.pbm=01;35:*.pgm=01;35:*.ppm=01;35:*.tga=01;35:*.xbm=01;35:*.xpm=01;35:*.tif=01;35:*.tiff=01;35:*.png=01;35:*.svg=01;35:*.svgz=01;35:*.mng=01;35:*.pcx=01;35:*.mov=01;35:*.mpg=01;35:*.mpeg=01;35:*.m2v=01;35:*.mkv=01;35:*.webm=01;35:*.webp=01;35:*.ogm=01;35:*.mp4=01;35:*.m4v=01;35:*.mp4v=01;35:*.vob=01;35:*.qt=01;35:*.nuv=01;35:*.wmv=01;35:*.asf=01;35:*.rm=01;35:*.rmvb=01;35:*.flc=01;35:*.avi=01;35:*.fli=01;35:*.flv=01;35:*.gl=01;35:*.dl=01;35:*.xcf=01;35:*.xwd=01;35:*.yuv=01;35:*.cgm=01;35:*.emf=01;35:*.ogv=01;35:*.ogx=01;35:*.aac=00;36:*.au=00;36:*.flac=00;36:*.m4a=00;36:*.mid=00;36:*.midi=00;36:*.mka=00;36:*.mp3=00;36:*.mpc=00;36:*.ogg=00;36:*.ra=00;36:*.wav=00;36:*.oga=00;36:*.opus=00;36:*.spx=00;36:*.xspf=00;36:*~=00;90:*#=00;90:*.bak=00;90:*.crdownload=00;90:*.dpkg-dist=00;90:*.dpkg-new=00;90:*.dpkg-old=00;90:*.dpkg-tmp=00;90:*.old=00;90:*.orig=00;90:*.part=00;90:*.rej=00;90:*.rpmnew=00;90:*.rpmorig=00;90:*.rpmsave=00;90:*.swp=00;90:*.tmp=00;90:*.ucf-dist=00;90:*.ucf-new=00;90:*.ucf-old=00;90:", "DEB_TARGET_ARCH_ABI": "base", "SSH_AGENT_LAUNCHER": "openssh", "DEB_BUILD_OPTIONS": "parallel=12", "SSH_AUTH_SOCK": "/run/user/1001/keyring/ssh", "UID": "1001", "CPPFLAGS": "-Wdate-time -D_FORTIFY_SOURCE=2", "DH_INTERNAL_BUILDFLAGS": "1", "DBUS_SYSTEM_BUS_ADDRESS": "unix:path=/tmp/dbus-EbFQBDZ8Gv,guid=1e06b9c7650efb4bf7e4c6ac66135e58", "LC_NAME": "fr_FR.UTF-8", "SHELL": "/usr/bin/bash", "QT_ACCESSIBILITY": "1", "MAKE_TERMOUT": "/dev/pts/0", "GDMSESSION": "gnome", "DEB_HOST_ARCH_BITS": "64", "DEB_BUILD_ARCH": "amd64", "LC_MEASUREMENT": "fr_FR.UTF-8", "DEB_BUILD_MAINT_OPTIONS": "hardening=+bindnow", "CFLAGS_FOR_BUILD": "-g -O2", "DEB_BUILD_GNU_CPU": "x86_64", "LC_IDENTIFICATION": "fr_FR.UTF-8", "ASFLAGS": "", "DEB_HOST_GNU_TYPE": "x86_64-linux-gnu", "FCFLAGS_FOR_BUILD": "-g -O2", "QT_IM_MODULE": "ibus", "OBJCXXFLAGS_FOR_BUILD": "-g -O2", "PWD": "/home/illy/Documents/CompileStuff/polkitbugfixin/policykit-1-124", "CONTAINER_ID": "apx-polkitbs", "DEB_HOST_ARCH_CPU": "amd64", "DEB_RULES_REQUIRES_ROOT": "no", "FFLAGS": "-g -O2 -ffile-prefix-map=/home/illy/Documents/CompileStuff/polkitbugfixin/policykit-1-124=. -fstack-protector-strong -fstack-clash-protection -fcf-protection", "DEB_BUILD_MULTIARCH": "x86_64-linux-gnu", "LC_NUMERIC": "fr_FR.UTF-8", "CPPFLAGS_FOR_BUILD": "", "MFLAGS": "-w", "LC_PAPER": "fr_FR.UTF-8", "MEMORY_PRESSURE_WRITE": "c29tZSAyMDAwMDAgMjAwMDAwMAA=", "DEB_HOST_ARCH_ENDIAN": "little", "DEB_TARGET_ARCH": "amd64", "XDG_RUNTIME_DIR": "/tmp/dh-xdg-rundir-K36YsIqN", "MESON_TESTTHREADS": "12", "DEB_PYTHON_INSTALL_LAYOUT": "deb", "LC_ALL": "C.UTF-8", "LD_PRELOAD": "/home/illy/Documents/CompileStuff/polkitbugfixin/policykit-1-124/obj-x86_64-linux-gnu/subprojects/mocklibc-1.0/src/libmocklibc.so.0.0.0", "MOCK_PASSWD": "/home/illy/Documents/CompileStuff/polkitbugfixin/policykit-1-124/test/data/etc/passwd", "MOCK_GROUP": "/home/illy/Documents/CompileStuff/polkitbugfixin/policykit-1-124/test/data/etc/group", "MOCK_NETGROUP": "/home/illy/Documents/CompileStuff/polkitbugfixin/policykit-1-124/test/data/etc/netgroup", "POLKIT_TEST_DATA": "/home/illy/Documents/CompileStuff/polkitbugfixin/policykit-1-124/test/data", "TOP_BUILD_DIR": "/home/illy/Documents/CompileStuff/polkitbugfixin/policykit-1-124/obj-x86_64-linux-gnu", "TOP_SRC_DIR": "/home/illy/Documents/CompileStuff/polkitbugfixin/policykit-1-124", "LD_LIBRARY_PATH": "/home/illy/Documents/CompileStuff/polkitbugfixin/policykit-1-124/obj-x86_64-linux-gnu/src/polkit", "MALLOC_PERTURB_": "37"}, "command": ["/home/illy/Documents/CompileStuff/polkitbugfixin/policykit-1-124/obj-x86_64-linux-gnu/test/polkit/polkitunixusertest"]}
{"name": "polkitunixgrouptest", "stdout": "TAP version 13\n# random seed: R02S09894f5fa0a61cd439481ad2949e99bb\n1..3\n# Start of PolkitUnixGroup tests\nok 1 /PolkitUnixGroup/new\nok 2 /PolkitUnixGroup/new_for_name\nok 3 /PolkitUnixGroup/set_gid\n# End of PolkitUnixGroup tests\n", "result": "OK", "starttime": 1712545368.603936, "duration": 0.0068929195404052734, "returncode": 0, "env": {"DEB_HOST_GNU_SYSTEM": "linux-gnu", "DFLAGS": "-frelease", "DEB_BUILD_ARCH_BITS": "64", "DEB_TARGET_GNU_CPU": "x86_64", "DEB_HOST_ARCH_OS": "linux", "LC_TIME": "fr_FR.UTF-8", "USER": "illy", "ASFLAGS_FOR_BUILD": "", "CXXFLAGS": "-g -O2 -ffile-prefix-map=/home/illy/Documents/CompileStuff/polkitbugfixin/policykit-1-124=. -fstack-protector-strong -fstack-clash-protection -Wformat -Werror=format-security -fcf-protection", "DEB_BUILD_GNU_TYPE": "x86_64-linux-gnu", "HOSTNAME": "apx-polkitbs.illy-leno", "XDG_SESSION_TYPE": "wayland", "FFLAGS_FOR_BUILD": "-g -O2", "DEB_TARGET_MULTIARCH": "x86_64-linux-gnu", "OBJCFLAGS": "-g -O2 -ffile-prefix-map=/home/illy/Documents/CompileStuff/polkitbugfixin/policykit-1-124=. -fstack-protector-strong -fstack-clash-protection -Wformat -Werror=format-security -fcf-protection", "DPKG_GENSYMBOLS_CHECK_LEVEL": "4", "DH_INTERNAL_OPTIONS": "", "DEB_BUILD_ARCH_CPU": "amd64", "SHLVL": "2", "DEB_HOST_ARCH_LIBC": "gnu", "DEB_HOST_ARCH_ABI": "base", "CONTAINER_STORAGE_DRIVER": "btrfs", "HOME": "/home/illy/Documents/CompileStuff/polkitbugfixin/policykit-1-124/debian/.debhelper/generated/_source/home", "DESKTOP_SESSION": "gnome", "DEB_BUILD_ARCH_ENDIAN": "little", "DFLAGS_FOR_BUILD": "-frelease", "GTK_MODULES": "gail:atk-bridge", "LDFLAGS": "-Wl,-z,relro -Wl,-z,now", "DEB_TARGET_ARCH_BITS": "64", "LC_MONETARY": "fr_FR.UTF-8", "MANAGERPID": "2790", "DEB_BUILD_GNU_SYSTEM": "linux-gnu", "MAKEFLAGS": "w", "DBUS_SESSION_BUS_ADDRESS": "unix:path=/tmp/dbus-EbFQBDZ8Gv,guid=1e06b9c7650efb4bf7e4c6ac66135e58", "SYSTEMD_EXEC_PID": "3863", "DISTROBOX_ENTER_PATH": "/usr/share/apx/distrobox/distrobox-enter", "XDG_STATE_HOME": "/home/illy/.local/state", "DBX_SUDO_PROGRAM": "pkexec", "CXXFLAGS_FOR_BUILD": "-g -O2", "container": "podman", "OBJCFLAGS_FOR_BUILD": "-g -O2", "DEBEMAIL": "Teh404Gal@proton.me", "DEB_BUILD_ARCH_OS": "linux", "DEB_TARGET_GNU_TYPE": "x86_64-linux-gnu", "MAKE_TERMERR": "/dev/pts/0", "WAYLAND_DISPLAY": "wayland-0", "DEB_TARGET_ARCH_CPU": "amd64", "IM_CONFIG_PHASE": "1", "LOGNAME": "illy", "DEBFULLNAME": "Illy Illy", "DEB_BUILD_ARCH_LIBC": "gnu", "DEB_BUILD_ARCH_ABI": "base", "JOURNAL_STREAM": "8:24722", "MEMORY_PRESSURE_WATCH": "/sys/fs/cgroup/user.slice/user-1001.slice/user@1001.service/app.slice/flatpak-session-helper.service/memory.pressure", "TERMINFO_DIRS": "/usr/share/terminfo:/run/host/usr/share/terminfo", "XDG_SESSION_CLASS": "user", "DEB_HOST_ARCH": "amd64", "LDFLAGS_FOR_BUILD": "", "DEB_TARGET_ARCH_ENDIAN": "little", "USERNAME": "illy", "TERM": "xterm-256color", "DH_INTERNAL_OVERRIDE": "dh_auto_test", "GNOME_DESKTOP_SESSION_ID": "this-is-deprecated", "DEB_HOST_GNU_CPU": "x86_64", "DEB_TARGET_GNU_SYSTEM": "linux-gnu", "PATH": "/usr/local/bin:/usr/bin:/bin:/usr/local/games:/usr/games:/home/illy/.local/bin", "GDM_LANG": "fr_FR.UTF-8", "SESSION_MANAGER": "local/illy-leno:@/tmp/.ICE-unix/3075,unix/illy-leno:/tmp/.ICE-unix/3075", "INVOCATION_ID": "c395a01c00b342f2b25f77ec35fa35e3", "LC_ADDRESS": "fr_FR.UTF-8", "GNOME_SETUP_DISPLAY": ":1", "DEB_TARGET_ARCH_OS": "linux", "CFLAGS": "-g -O2 -ffile-prefix-map=/home/illy/Documents/CompileStuff/polkitbugfixin/policykit-1-124=. -fstack-protector-strong -fstack-clash-protection -Wformat -Werror=format-security -fcf-protection", "XDG_MENU_PREFIX": "gnome-", "MAKELEVEL": "2", "DEB_HOST_MULTIARCH": "x86_64-linux-gnu", "SOURCE_DATE_EPOCH": "1705833729", "FCFLAGS": "-g -O2 -ffile-prefix-map=/home/illy/Documents/CompileStuff/polkitbugfixin/policykit-1-124=. -fstack-protector-strong -fstack-clash-protection -fcf-protection", "DISPLAY": ":0", "OBJCXXFLAGS": "-g -O2 -ffile-prefix-map=/home/illy/Documents/CompileStuff/polkitbugfixin/policykit-1-124=. -fstack-protector-strong -fstack-clash-protection -Wformat -Werror=format-security -fcf-protection", "LANG": "fr_FR.UTF-8", "LC_TELEPHONE": "fr_FR.UTF-8", "XDG_CURRENT_DESKTOP": "GNOME", "DEB_TARGET_ARCH_LIBC": "gnu", "XAUTHORITY": "/run/user/1001/.mutter-Xwaylandauth.R328L2", "XDG_SESSION_DESKTOP": "gnome", "XMODIFIERS": "@im=ibus", "LS_COLORS": "rs=0:di=01;34:ln=01;36:mh=00:pi=40;33:so=01;35:do=01;35:bd=40;33;01:cd=40;33;01:or=40;31;01:mi=00:su=37;41:sg=30;43:ca=00:tw=30;42:ow=34;42:st=37;44:ex=01;32:*.tar=01;31:*.tgz=01;31:*.arc=01;31:*.arj=01;31:*.taz=01;31:*.lha=01;31:*.lz4=01;31:*.lzh=01;31:*.lzma=01;31:*.tlz=01;31:*.txz=01;31:*.tzo=01;31:*.t7z=01;31:*.zip=01;31:*.z=01;31:*.dz=01;31:*.gz=01;31:*.lrz=01;31:*.lz=01;31:*.lzo=01;31:*.xz=01;31:*.zst=01;31:*.tzst=01;31:*.bz2=01;31:*.bz=01;31:*.tbz=01;31:*.tbz2=01;31:*.tz=01;31:*.deb=01;31:*.rpm=01;31:*.jar=01;31:*.war=01;31:*.ear=01;31:*.sar=01;31:*.rar=01;31:*.alz=01;31:*.ace=01;31:*.zoo=01;31:*.cpio=01;31:*.7z=01;31:*.rz=01;31:*.cab=01;31:*.wim=01;31:*.swm=01;31:*.dwm=01;31:*.esd=01;31:*.avif=01;35:*.jpg=01;35:*.jpeg=01;35:*.mjpg=01;35:*.mjpeg=01;35:*.gif=01;35:*.bmp=01;35:*.pbm=01;35:*.pgm=01;35:*.ppm=01;35:*.tga=01;35:*.xbm=01;35:*.xpm=01;35:*.tif=01;35:*.tiff=01;35:*.png=01;35:*.svg=01;35:*.svgz=01;35:*.mng=01;35:*.pcx=01;35:*.mov=01;35:*.mpg=01;35:*.mpeg=01;35:*.m2v=01;35:*.mkv=01;35:*.webm=01;35:*.webp=01;35:*.ogm=01;35:*.mp4=01;35:*.m4v=01;35:*.mp4v=01;35:*.vob=01;35:*.qt=01;35:*.nuv=01;35:*.wmv=01;35:*.asf=01;35:*.rm=01;35:*.rmvb=01;35:*.flc=01;35:*.avi=01;35:*.fli=01;35:*.flv=01;35:*.gl=01;35:*.dl=01;35:*.xcf=01;35:*.xwd=01;35:*.yuv=01;35:*.cgm=01;35:*.emf=01;35:*.ogv=01;35:*.ogx=01;35:*.aac=00;36:*.au=00;36:*.flac=00;36:*.m4a=00;36:*.mid=00;36:*.midi=00;36:*.mka=00;36:*.mp3=00;36:*.mpc=00;36:*.ogg=00;36:*.ra=00;36:*.wav=00;36:*.oga=00;36:*.opus=00;36:*.spx=00;36:*.xspf=00;36:*~=00;90:*#=00;90:*.bak=00;90:*.crdownload=00;90:*.dpkg-dist=00;90:*.dpkg-new=00;90:*.dpkg-old=00;90:*.dpkg-tmp=00;90:*.old=00;90:*.orig=00;90:*.part=00;90:*.rej=00;90:*.rpmnew=00;90:*.rpmorig=00;90:*.rpmsave=00;90:*.swp=00;90:*.tmp=00;90:*.ucf-dist=00;90:*.ucf-new=00;90:*.ucf-old=00;90:", "DEB_TARGET_ARCH_ABI": "base", "SSH_AGENT_LAUNCHER": "openssh", "DEB_BUILD_OPTIONS": "parallel=12", "SSH_AUTH_SOCK": "/run/user/1001/keyring/ssh", "UID": "1001", "CPPFLAGS": "-Wdate-time -D_FORTIFY_SOURCE=2", "DH_INTERNAL_BUILDFLAGS": "1", "DBUS_SYSTEM_BUS_ADDRESS": "unix:path=/tmp/dbus-EbFQBDZ8Gv,guid=1e06b9c7650efb4bf7e4c6ac66135e58", "LC_NAME": "fr_FR.UTF-8", "SHELL": "/usr/bin/bash", "QT_ACCESSIBILITY": "1", "MAKE_TERMOUT": "/dev/pts/0", "GDMSESSION": "gnome", "DEB_HOST_ARCH_BITS": "64", "DEB_BUILD_ARCH": "amd64", "LC_MEASUREMENT": "fr_FR.UTF-8", "DEB_BUILD_MAINT_OPTIONS": "hardening=+bindnow", "CFLAGS_FOR_BUILD": "-g -O2", "DEB_BUILD_GNU_CPU": "x86_64", "LC_IDENTIFICATION": "fr_FR.UTF-8", "ASFLAGS": "", "DEB_HOST_GNU_TYPE": "x86_64-linux-gnu", "FCFLAGS_FOR_BUILD": "-g -O2", "QT_IM_MODULE": "ibus", "OBJCXXFLAGS_FOR_BUILD": "-g -O2", "PWD": "/home/illy/Documents/CompileStuff/polkitbugfixin/policykit-1-124", "CONTAINER_ID": "apx-polkitbs", "DEB_HOST_ARCH_CPU": "amd64", "DEB_RULES_REQUIRES_ROOT": "no", "FFLAGS": "-g -O2 -ffile-prefix-map=/home/illy/Documents/CompileStuff/polkitbugfixin/policykit-1-124=. -fstack-protector-strong -fstack-clash-protection -fcf-protection", "DEB_BUILD_MULTIARCH": "x86_64-linux-gnu", "LC_NUMERIC": "fr_FR.UTF-8", "CPPFLAGS_FOR_BUILD": "", "MFLAGS": "-w", "LC_PAPER": "fr_FR.UTF-8", "MEMORY_PRESSURE_WRITE": "c29tZSAyMDAwMDAgMjAwMDAwMAA=", "DEB_HOST_ARCH_ENDIAN": "little", "DEB_TARGET_ARCH": "amd64", "XDG_RUNTIME_DIR": "/tmp/dh-xdg-rundir-K36YsIqN", "MESON_TESTTHREADS": "12", "DEB_PYTHON_INSTALL_LAYOUT": "deb", "LC_ALL": "C.UTF-8", "LD_PRELOAD": "/home/illy/Documents/CompileStuff/polkitbugfixin/policykit-1-124/obj-x86_64-linux-gnu/subprojects/mocklibc-1.0/src/libmocklibc.so.0.0.0", "MOCK_PASSWD": "/home/illy/Documents/CompileStuff/polkitbugfixin/policykit-1-124/test/data/etc/passwd", "MOCK_GROUP": "/home/illy/Documents/CompileStuff/polkitbugfixin/policykit-1-124/test/data/etc/group", "MOCK_NETGROUP": "/home/illy/Documents/CompileStuff/polkitbugfixin/policykit-1-124/test/data/etc/netgroup", "POLKIT_TEST_DATA": "/home/illy/Documents/CompileStuff/polkitbugfixin/policykit-1-124/test/data", "TOP_BUILD_DIR": "/home/illy/Documents/CompileStuff/polkitbugfixin/policykit-1-124/obj-x86_64-linux-gnu", "TOP_SRC_DIR": "/home/illy/Documents/CompileStuff/polkitbugfixin/policykit-1-124", "LD_LIBRARY_PATH": "/home/illy/Documents/CompileStuff/polkitbugfixin/policykit-1-124/obj-x86_64-linux-gnu/src/polkit", "MALLOC_PERTURB_": "107"}, "command": ["/home/illy/Documents/CompileStuff/polkitbugfixin/policykit-1-124/obj-x86_64-linux-gnu/test/polkit/polkitunixgrouptest"]}
{"name": "polkitunixnetgrouptest", "stdout": "TAP version 13\n# random seed: R02S6c196b83ea507f071139971fbb704c3d\n1..0\n", "result": "OK", "starttime": 1712545368.6116366, "duration": 0.005533695220947266, "returncode": 0, "env": {"DEB_HOST_GNU_SYSTEM": "linux-gnu", "DFLAGS": "-frelease", "DEB_BUILD_ARCH_BITS": "64", "DEB_TARGET_GNU_CPU": "x86_64", "DEB_HOST_ARCH_OS": "linux", "LC_TIME": "fr_FR.UTF-8", "USER": "illy", "ASFLAGS_FOR_BUILD": "", "CXXFLAGS": "-g -O2 -ffile-prefix-map=/home/illy/Documents/CompileStuff/polkitbugfixin/policykit-1-124=. -fstack-protector-strong -fstack-clash-protection -Wformat -Werror=format-security -fcf-protection", "DEB_BUILD_GNU_TYPE": "x86_64-linux-gnu", "HOSTNAME": "apx-polkitbs.illy-leno", "XDG_SESSION_TYPE": "wayland", "FFLAGS_FOR_BUILD": "-g -O2", "DEB_TARGET_MULTIARCH": "x86_64-linux-gnu", "OBJCFLAGS": "-g -O2 -ffile-prefix-map=/home/illy/Documents/CompileStuff/polkitbugfixin/policykit-1-124=. -fstack-protector-strong -fstack-clash-protection -Wformat -Werror=format-security -fcf-protection", "DPKG_GENSYMBOLS_CHECK_LEVEL": "4", "DH_INTERNAL_OPTIONS": "", "DEB_BUILD_ARCH_CPU": "amd64", "SHLVL": "2", "DEB_HOST_ARCH_LIBC": "gnu", "DEB_HOST_ARCH_ABI": "base", "CONTAINER_STORAGE_DRIVER": "btrfs", "HOME": "/home/illy/Documents/CompileStuff/polkitbugfixin/policykit-1-124/debian/.debhelper/generated/_source/home", "DESKTOP_SESSION": "gnome", "DEB_BUILD_ARCH_ENDIAN": "little", "DFLAGS_FOR_BUILD": "-frelease", "GTK_MODULES": "gail:atk-bridge", "LDFLAGS": "-Wl,-z,relro -Wl,-z,now", "DEB_TARGET_ARCH_BITS": "64", "LC_MONETARY": "fr_FR.UTF-8", "MANAGERPID": "2790", "DEB_BUILD_GNU_SYSTEM": "linux-gnu", "MAKEFLAGS": "w", "DBUS_SESSION_BUS_ADDRESS": "unix:path=/tmp/dbus-EbFQBDZ8Gv,guid=1e06b9c7650efb4bf7e4c6ac66135e58", "SYSTEMD_EXEC_PID": "3863", "DISTROBOX_ENTER_PATH": "/usr/share/apx/distrobox/distrobox-enter", "XDG_STATE_HOME": "/home/illy/.local/state", "DBX_SUDO_PROGRAM": "pkexec", "CXXFLAGS_FOR_BUILD": "-g -O2", "container": "podman", "OBJCFLAGS_FOR_BUILD": "-g -O2", "DEBEMAIL": "Teh404Gal@proton.me", "DEB_BUILD_ARCH_OS": "linux", "DEB_TARGET_GNU_TYPE": "x86_64-linux-gnu", "MAKE_TERMERR": "/dev/pts/0", "WAYLAND_DISPLAY": "wayland-0", "DEB_TARGET_ARCH_CPU": "amd64", "IM_CONFIG_PHASE": "1", "LOGNAME": "illy", "DEBFULLNAME": "Illy Illy", "DEB_BUILD_ARCH_LIBC": "gnu", "DEB_BUILD_ARCH_ABI": "base", "JOURNAL_STREAM": "8:24722", "MEMORY_PRESSURE_WATCH": "/sys/fs/cgroup/user.slice/user-1001.slice/user@1001.service/app.slice/flatpak-session-helper.service/memory.pressure", "TERMINFO_DIRS": "/usr/share/terminfo:/run/host/usr/share/terminfo", "XDG_SESSION_CLASS": "user", "DEB_HOST_ARCH": "amd64", "LDFLAGS_FOR_BUILD": "", "DEB_TARGET_ARCH_ENDIAN": "little", "USERNAME": "illy", "TERM": "xterm-256color", "DH_INTERNAL_OVERRIDE": "dh_auto_test", "GNOME_DESKTOP_SESSION_ID": "this-is-deprecated", "DEB_HOST_GNU_CPU": "x86_64", "DEB_TARGET_GNU_SYSTEM": "linux-gnu", "PATH": "/usr/local/bin:/usr/bin:/bin:/usr/local/games:/usr/games:/home/illy/.local/bin", "GDM_LANG": "fr_FR.UTF-8", "SESSION_MANAGER": "local/illy-leno:@/tmp/.ICE-unix/3075,unix/illy-leno:/tmp/.ICE-unix/3075", "INVOCATION_ID": "c395a01c00b342f2b25f77ec35fa35e3", "LC_ADDRESS": "fr_FR.UTF-8", "GNOME_SETUP_DISPLAY": ":1", "DEB_TARGET_ARCH_OS": "linux", "CFLAGS": "-g -O2 -ffile-prefix-map=/home/illy/Documents/CompileStuff/polkitbugfixin/policykit-1-124=. -fstack-protector-strong -fstack-clash-protection -Wformat -Werror=format-security -fcf-protection", "XDG_MENU_PREFIX": "gnome-", "MAKELEVEL": "2", "DEB_HOST_MULTIARCH": "x86_64-linux-gnu", "SOURCE_DATE_EPOCH": "1705833729", "FCFLAGS": "-g -O2 -ffile-prefix-map=/home/illy/Documents/CompileStuff/polkitbugfixin/policykit-1-124=. -fstack-protector-strong -fstack-clash-protection -fcf-protection", "DISPLAY": ":0", "OBJCXXFLAGS": "-g -O2 -ffile-prefix-map=/home/illy/Documents/CompileStuff/polkitbugfixin/policykit-1-124=. -fstack-protector-strong -fstack-clash-protection -Wformat -Werror=format-security -fcf-protection", "LANG": "fr_FR.UTF-8", "LC_TELEPHONE": "fr_FR.UTF-8", "XDG_CURRENT_DESKTOP": "GNOME", "DEB_TARGET_ARCH_LIBC": "gnu", "XAUTHORITY": "/run/user/1001/.mutter-Xwaylandauth.R328L2", "XDG_SESSION_DESKTOP": "gnome", "XMODIFIERS": "@im=ibus", "LS_COLORS": "rs=0:di=01;34:ln=01;36:mh=00:pi=40;33:so=01;35:do=01;35:bd=40;33;01:cd=40;33;01:or=40;31;01:mi=00:su=37;41:sg=30;43:ca=00:tw=30;42:ow=34;42:st=37;44:ex=01;32:*.tar=01;31:*.tgz=01;31:*.arc=01;31:*.arj=01;31:*.taz=01;31:*.lha=01;31:*.lz4=01;31:*.lzh=01;31:*.lzma=01;31:*.tlz=01;31:*.txz=01;31:*.tzo=01;31:*.t7z=01;31:*.zip=01;31:*.z=01;31:*.dz=01;31:*.gz=01;31:*.lrz=01;31:*.lz=01;31:*.lzo=01;31:*.xz=01;31:*.zst=01;31:*.tzst=01;31:*.bz2=01;31:*.bz=01;31:*.tbz=01;31:*.tbz2=01;31:*.tz=01;31:*.deb=01;31:*.rpm=01;31:*.jar=01;31:*.war=01;31:*.ear=01;31:*.sar=01;31:*.rar=01;31:*.alz=01;31:*.ace=01;31:*.zoo=01;31:*.cpio=01;31:*.7z=01;31:*.rz=01;31:*.cab=01;31:*.wim=01;31:*.swm=01;31:*.dwm=01;31:*.esd=01;31:*.avif=01;35:*.jpg=01;35:*.jpeg=01;35:*.mjpg=01;35:*.mjpeg=01;35:*.gif=01;35:*.bmp=01;35:*.pbm=01;35:*.pgm=01;35:*.ppm=01;35:*.tga=01;35:*.xbm=01;35:*.xpm=01;35:*.tif=01;35:*.tiff=01;35:*.png=01;35:*.svg=01;35:*.svgz=01;35:*.mng=01;35:*.pcx=01;35:*.mov=01;35:*.mpg=01;35:*.mpeg=01;35:*.m2v=01;35:*.mkv=01;35:*.webm=01;35:*.webp=01;35:*.ogm=01;35:*.mp4=01;35:*.m4v=01;35:*.mp4v=01;35:*.vob=01;35:*.qt=01;35:*.nuv=01;35:*.wmv=01;35:*.asf=01;35:*.rm=01;35:*.rmvb=01;35:*.flc=01;35:*.avi=01;35:*.fli=01;35:*.flv=01;35:*.gl=01;35:*.dl=01;35:*.xcf=01;35:*.xwd=01;35:*.yuv=01;35:*.cgm=01;35:*.emf=01;35:*.ogv=01;35:*.ogx=01;35:*.aac=00;36:*.au=00;36:*.flac=00;36:*.m4a=00;36:*.mid=00;36:*.midi=00;36:*.mka=00;36:*.mp3=00;36:*.mpc=00;36:*.ogg=00;36:*.ra=00;36:*.wav=00;36:*.oga=00;36:*.opus=00;36:*.spx=00;36:*.xspf=00;36:*~=00;90:*#=00;90:*.bak=00;90:*.crdownload=00;90:*.dpkg-dist=00;90:*.dpkg-new=00;90:*.dpkg-old=00;90:*.dpkg-tmp=00;90:*.old=00;90:*.orig=00;90:*.part=00;90:*.rej=00;90:*.rpmnew=00;90:*.rpmorig=00;90:*.rpmsave=00;90:*.swp=00;90:*.tmp=00;90:*.ucf-dist=00;90:*.ucf-new=00;90:*.ucf-old=00;90:", "DEB_TARGET_ARCH_ABI": "base", "SSH_AGENT_LAUNCHER": "openssh", "DEB_BUILD_OPTIONS": "parallel=12", "SSH_AUTH_SOCK": "/run/user/1001/keyring/ssh", "UID": "1001", "CPPFLAGS": "-Wdate-time -D_FORTIFY_SOURCE=2", "DH_INTERNAL_BUILDFLAGS": "1", "DBUS_SYSTEM_BUS_ADDRESS": "unix:path=/tmp/dbus-EbFQBDZ8Gv,guid=1e06b9c7650efb4bf7e4c6ac66135e58", "LC_NAME": "fr_FR.UTF-8", "SHELL": "/usr/bin/bash", "QT_ACCESSIBILITY": "1", "MAKE_TERMOUT": "/dev/pts/0", "GDMSESSION": "gnome", "DEB_HOST_ARCH_BITS": "64", "DEB_BUILD_ARCH": "amd64", "LC_MEASUREMENT": "fr_FR.UTF-8", "DEB_BUILD_MAINT_OPTIONS": "hardening=+bindnow", "CFLAGS_FOR_BUILD": "-g -O2", "DEB_BUILD_GNU_CPU": "x86_64", "LC_IDENTIFICATION": "fr_FR.UTF-8", "ASFLAGS": "", "DEB_HOST_GNU_TYPE": "x86_64-linux-gnu", "FCFLAGS_FOR_BUILD": "-g -O2", "QT_IM_MODULE": "ibus", "OBJCXXFLAGS_FOR_BUILD": "-g -O2", "PWD": "/home/illy/Documents/CompileStuff/polkitbugfixin/policykit-1-124", "CONTAINER_ID": "apx-polkitbs", "DEB_HOST_ARCH_CPU": "amd64", "DEB_RULES_REQUIRES_ROOT": "no", "FFLAGS": "-g -O2 -ffile-prefix-map=/home/illy/Documents/CompileStuff/polkitbugfixin/policykit-1-124=. -fstack-protector-strong -fstack-clash-protection -fcf-protection", "DEB_BUILD_MULTIARCH": "x86_64-linux-gnu", "LC_NUMERIC": "fr_FR.UTF-8", "CPPFLAGS_FOR_BUILD": "", "MFLAGS": "-w", "LC_PAPER": "fr_FR.UTF-8", "MEMORY_PRESSURE_WRITE": "c29tZSAyMDAwMDAgMjAwMDAwMAA=", "DEB_HOST_ARCH_ENDIAN": "little", "DEB_TARGET_ARCH": "amd64", "XDG_RUNTIME_DIR": "/tmp/dh-xdg-rundir-K36YsIqN", "MESON_TESTTHREADS": "12", "DEB_PYTHON_INSTALL_LAYOUT": "deb", "LC_ALL": "C.UTF-8", "LD_PRELOAD": "/home/illy/Documents/CompileStuff/polkitbugfixin/policykit-1-124/obj-x86_64-linux-gnu/subprojects/mocklibc-1.0/src/libmocklibc.so.0.0.0", "MOCK_PASSWD": "/home/illy/Documents/CompileStuff/polkitbugfixin/policykit-1-124/test/data/etc/passwd", "MOCK_GROUP": "/home/illy/Documents/CompileStuff/polkitbugfixin/policykit-1-124/test/data/etc/group", "MOCK_NETGROUP": "/home/illy/Documents/CompileStuff/polkitbugfixin/policykit-1-124/test/data/etc/netgroup", "POLKIT_TEST_DATA": "/home/illy/Documents/CompileStuff/polkitbugfixin/policykit-1-124/test/data", "TOP_BUILD_DIR": "/home/illy/Documents/CompileStuff/polkitbugfixin/policykit-1-124/obj-x86_64-linux-gnu", "TOP_SRC_DIR": "/home/illy/Documents/CompileStuff/polkitbugfixin/policykit-1-124", "LD_LIBRARY_PATH": "/home/illy/Documents/CompileStuff/polkitbugfixin/policykit-1-124/obj-x86_64-linux-gnu/src/polkit", "MALLOC_PERTURB_": "87"}, "command": ["/home/illy/Documents/CompileStuff/polkitbugfixin/policykit-1-124/obj-x86_64-linux-gnu/test/polkit/polkitunixnetgrouptest"]}
{"name": "polkitidentitytest", "stdout": "TAP version 13\n# random seed: R02S15ca258f21402d7973fd1b31a7428dc9\n1..16\n# Start of PolkitIdentity tests\nok 1 /PolkitIdentity/user_string_0\nok 2 /PolkitIdentity/user_string_1\nok 3 /PolkitIdentity/user_string_2\nok 4 /PolkitIdentity/group_string_0\nok 5 /PolkitIdentity/group_string_1\nok 6 /PolkitIdentity/group_string_2\nok 7 /PolkitIdentity/group_string_3\nok 8 /PolkitIdentity/user_gvariant\nok 9 /PolkitIdentity/group_gvariant\nok 10 /PolkitIdentity/comparison_0\nok 11 /PolkitIdentity/comparison_1\nok 12 /PolkitIdentity/comparison_2\nok 13 /PolkitIdentity/comparison_3\nok 14 /PolkitIdentity/comparison_4\nok 15 /PolkitIdentity/comparison_5\nok 16 /PolkitIdentity/comparison_6\n# End of PolkitIdentity tests\n", "result": "OK", "starttime": 1712545368.618572, "duration": 0.008118391036987305, "returncode": 0, "env": {"DEB_HOST_GNU_SYSTEM": "linux-gnu", "DFLAGS": "-frelease", "DEB_BUILD_ARCH_BITS": "64", "DEB_TARGET_GNU_CPU": "x86_64", "DEB_HOST_ARCH_OS": "linux", "LC_TIME": "fr_FR.UTF-8", "USER": "illy", "ASFLAGS_FOR_BUILD": "", "CXXFLAGS": "-g -O2 -ffile-prefix-map=/home/illy/Documents/CompileStuff/polkitbugfixin/policykit-1-124=. -fstack-protector-strong -fstack-clash-protection -Wformat -Werror=format-security -fcf-protection", "DEB_BUILD_GNU_TYPE": "x86_64-linux-gnu", "HOSTNAME": "apx-polkitbs.illy-leno", "XDG_SESSION_TYPE": "wayland", "FFLAGS_FOR_BUILD": "-g -O2", "DEB_TARGET_MULTIARCH": "x86_64-linux-gnu", "OBJCFLAGS": "-g -O2 -ffile-prefix-map=/home/illy/Documents/CompileStuff/polkitbugfixin/policykit-1-124=. -fstack-protector-strong -fstack-clash-protection -Wformat -Werror=format-security -fcf-protection", "DPKG_GENSYMBOLS_CHECK_LEVEL": "4", "DH_INTERNAL_OPTIONS": "", "DEB_BUILD_ARCH_CPU": "amd64", "SHLVL": "2", "DEB_HOST_ARCH_LIBC": "gnu", "DEB_HOST_ARCH_ABI": "base", "CONTAINER_STORAGE_DRIVER": "btrfs", "HOME": "/home/illy/Documents/CompileStuff/polkitbugfixin/policykit-1-124/debian/.debhelper/generated/_source/home", "DESKTOP_SESSION": "gnome", "DEB_BUILD_ARCH_ENDIAN": "little", "DFLAGS_FOR_BUILD": "-frelease", "GTK_MODULES": "gail:atk-bridge", "LDFLAGS": "-Wl,-z,relro -Wl,-z,now", "DEB_TARGET_ARCH_BITS": "64", "LC_MONETARY": "fr_FR.UTF-8", "MANAGERPID": "2790", "DEB_BUILD_GNU_SYSTEM": "linux-gnu", "MAKEFLAGS": "w", "DBUS_SESSION_BUS_ADDRESS": "unix:path=/tmp/dbus-EbFQBDZ8Gv,guid=1e06b9c7650efb4bf7e4c6ac66135e58", "SYSTEMD_EXEC_PID": "3863", "DISTROBOX_ENTER_PATH": "/usr/share/apx/distrobox/distrobox-enter", "XDG_STATE_HOME": "/home/illy/.local/state", "DBX_SUDO_PROGRAM": "pkexec", "CXXFLAGS_FOR_BUILD": "-g -O2", "container": "podman", "OBJCFLAGS_FOR_BUILD": "-g -O2", "DEBEMAIL": "Teh404Gal@proton.me", "DEB_BUILD_ARCH_OS": "linux", "DEB_TARGET_GNU_TYPE": "x86_64-linux-gnu", "MAKE_TERMERR": "/dev/pts/0", "WAYLAND_DISPLAY": "wayland-0", "DEB_TARGET_ARCH_CPU": "amd64", "IM_CONFIG_PHASE": "1", "LOGNAME": "illy", "DEBFULLNAME": "Illy Illy", "DEB_BUILD_ARCH_LIBC": "gnu", "DEB_BUILD_ARCH_ABI": "base", "JOURNAL_STREAM": "8:24722", "MEMORY_PRESSURE_WATCH": "/sys/fs/cgroup/user.slice/user-1001.slice/user@1001.service/app.slice/flatpak-session-helper.service/memory.pressure", "TERMINFO_DIRS": "/usr/share/terminfo:/run/host/usr/share/terminfo", "XDG_SESSION_CLASS": "user", "DEB_HOST_ARCH": "amd64", "LDFLAGS_FOR_BUILD": "", "DEB_TARGET_ARCH_ENDIAN": "little", "USERNAME": "illy", "TERM": "xterm-256color", "DH_INTERNAL_OVERRIDE": "dh_auto_test", "GNOME_DESKTOP_SESSION_ID": "this-is-deprecated", "DEB_HOST_GNU_CPU": "x86_64", "DEB_TARGET_GNU_SYSTEM": "linux-gnu", "PATH": "/usr/local/bin:/usr/bin:/bin:/usr/local/games:/usr/games:/home/illy/.local/bin", "GDM_LANG": "fr_FR.UTF-8", "SESSION_MANAGER": "local/illy-leno:@/tmp/.ICE-unix/3075,unix/illy-leno:/tmp/.ICE-unix/3075", "INVOCATION_ID": "c395a01c00b342f2b25f77ec35fa35e3", "LC_ADDRESS": "fr_FR.UTF-8", "GNOME_SETUP_DISPLAY": ":1", "DEB_TARGET_ARCH_OS": "linux", "CFLAGS": "-g -O2 -ffile-prefix-map=/home/illy/Documents/CompileStuff/polkitbugfixin/policykit-1-124=. -fstack-protector-strong -fstack-clash-protection -Wformat -Werror=format-security -fcf-protection", "XDG_MENU_PREFIX": "gnome-", "MAKELEVEL": "2", "DEB_HOST_MULTIARCH": "x86_64-linux-gnu", "SOURCE_DATE_EPOCH": "1705833729", "FCFLAGS": "-g -O2 -ffile-prefix-map=/home/illy/Documents/CompileStuff/polkitbugfixin/policykit-1-124=. -fstack-protector-strong -fstack-clash-protection -fcf-protection", "DISPLAY": ":0", "OBJCXXFLAGS": "-g -O2 -ffile-prefix-map=/home/illy/Documents/CompileStuff/polkitbugfixin/policykit-1-124=. -fstack-protector-strong -fstack-clash-protection -Wformat -Werror=format-security -fcf-protection", "LANG": "fr_FR.UTF-8", "LC_TELEPHONE": "fr_FR.UTF-8", "XDG_CURRENT_DESKTOP": "GNOME", "DEB_TARGET_ARCH_LIBC": "gnu", "XAUTHORITY": "/run/user/1001/.mutter-Xwaylandauth.R328L2", "XDG_SESSION_DESKTOP": "gnome", "XMODIFIERS": "@im=ibus", "LS_COLORS": "rs=0:di=01;34:ln=01;36:mh=00:pi=40;33:so=01;35:do=01;35:bd=40;33;01:cd=40;33;01:or=40;31;01:mi=00:su=37;41:sg=30;43:ca=00:tw=30;42:ow=34;42:st=37;44:ex=01;32:*.tar=01;31:*.tgz=01;31:*.arc=01;31:*.arj=01;31:*.taz=01;31:*.lha=01;31:*.lz4=01;31:*.lzh=01;31:*.lzma=01;31:*.tlz=01;31:*.txz=01;31:*.tzo=01;31:*.t7z=01;31:*.zip=01;31:*.z=01;31:*.dz=01;31:*.gz=01;31:*.lrz=01;31:*.lz=01;31:*.lzo=01;31:*.xz=01;31:*.zst=01;31:*.tzst=01;31:*.bz2=01;31:*.bz=01;31:*.tbz=01;31:*.tbz2=01;31:*.tz=01;31:*.deb=01;31:*.rpm=01;31:*.jar=01;31:*.war=01;31:*.ear=01;31:*.sar=01;31:*.rar=01;31:*.alz=01;31:*.ace=01;31:*.zoo=01;31:*.cpio=01;31:*.7z=01;31:*.rz=01;31:*.cab=01;31:*.wim=01;31:*.swm=01;31:*.dwm=01;31:*.esd=01;31:*.avif=01;35:*.jpg=01;35:*.jpeg=01;35:*.mjpg=01;35:*.mjpeg=01;35:*.gif=01;35:*.bmp=01;35:*.pbm=01;35:*.pgm=01;35:*.ppm=01;35:*.tga=01;35:*.xbm=01;35:*.xpm=01;35:*.tif=01;35:*.tiff=01;35:*.png=01;35:*.svg=01;35:*.svgz=01;35:*.mng=01;35:*.pcx=01;35:*.mov=01;35:*.mpg=01;35:*.mpeg=01;35:*.m2v=01;35:*.mkv=01;35:*.webm=01;35:*.webp=01;35:*.ogm=01;35:*.mp4=01;35:*.m4v=01;35:*.mp4v=01;35:*.vob=01;35:*.qt=01;35:*.nuv=01;35:*.wmv=01;35:*.asf=01;35:*.rm=01;35:*.rmvb=01;35:*.flc=01;35:*.avi=01;35:*.fli=01;35:*.flv=01;35:*.gl=01;35:*.dl=01;35:*.xcf=01;35:*.xwd=01;35:*.yuv=01;35:*.cgm=01;35:*.emf=01;35:*.ogv=01;35:*.ogx=01;35:*.aac=00;36:*.au=00;36:*.flac=00;36:*.m4a=00;36:*.mid=00;36:*.midi=00;36:*.mka=00;36:*.mp3=00;36:*.mpc=00;36:*.ogg=00;36:*.ra=00;36:*.wav=00;36:*.oga=00;36:*.opus=00;36:*.spx=00;36:*.xspf=00;36:*~=00;90:*#=00;90:*.bak=00;90:*.crdownload=00;90:*.dpkg-dist=00;90:*.dpkg-new=00;90:*.dpkg-old=00;90:*.dpkg-tmp=00;90:*.old=00;90:*.orig=00;90:*.part=00;90:*.rej=00;90:*.rpmnew=00;90:*.rpmorig=00;90:*.rpmsave=00;90:*.swp=00;90:*.tmp=00;90:*.ucf-dist=00;90:*.ucf-new=00;90:*.ucf-old=00;90:", "DEB_TARGET_ARCH_ABI": "base", "SSH_AGENT_LAUNCHER": "openssh", "DEB_BUILD_OPTIONS": "parallel=12", "SSH_AUTH_SOCK": "/run/user/1001/keyring/ssh", "UID": "1001", "CPPFLAGS": "-Wdate-time -D_FORTIFY_SOURCE=2", "DH_INTERNAL_BUILDFLAGS": "1", "DBUS_SYSTEM_BUS_ADDRESS": "unix:path=/tmp/dbus-EbFQBDZ8Gv,guid=1e06b9c7650efb4bf7e4c6ac66135e58", "LC_NAME": "fr_FR.UTF-8", "SHELL": "/usr/bin/bash", "QT_ACCESSIBILITY": "1", "MAKE_TERMOUT": "/dev/pts/0", "GDMSESSION": "gnome", "DEB_HOST_ARCH_BITS": "64", "DEB_BUILD_ARCH": "amd64", "LC_MEASUREMENT": "fr_FR.UTF-8", "DEB_BUILD_MAINT_OPTIONS": "hardening=+bindnow", "CFLAGS_FOR_BUILD": "-g -O2", "DEB_BUILD_GNU_CPU": "x86_64", "LC_IDENTIFICATION": "fr_FR.UTF-8", "ASFLAGS": "", "DEB_HOST_GNU_TYPE": "x86_64-linux-gnu", "FCFLAGS_FOR_BUILD": "-g -O2", "QT_IM_MODULE": "ibus", "OBJCXXFLAGS_FOR_BUILD": "-g -O2", "PWD": "/home/illy/Documents/CompileStuff/polkitbugfixin/policykit-1-124", "CONTAINER_ID": "apx-polkitbs", "DEB_HOST_ARCH_CPU": "amd64", "DEB_RULES_REQUIRES_ROOT": "no", "FFLAGS": "-g -O2 -ffile-prefix-map=/home/illy/Documents/CompileStuff/polkitbugfixin/policykit-1-124=. -fstack-protector-strong -fstack-clash-protection -fcf-protection", "DEB_BUILD_MULTIARCH": "x86_64-linux-gnu", "LC_NUMERIC": "fr_FR.UTF-8", "CPPFLAGS_FOR_BUILD": "", "MFLAGS": "-w", "LC_PAPER": "fr_FR.UTF-8", "MEMORY_PRESSURE_WRITE": "c29tZSAyMDAwMDAgMjAwMDAwMAA=", "DEB_HOST_ARCH_ENDIAN": "little", "DEB_TARGET_ARCH": "amd64", "XDG_RUNTIME_DIR": "/tmp/dh-xdg-rundir-K36YsIqN", "MESON_TESTTHREADS": "12", "DEB_PYTHON_INSTALL_LAYOUT": "deb", "LC_ALL": "C.UTF-8", "LD_PRELOAD": "/home/illy/Documents/CompileStuff/polkitbugfixin/policykit-1-124/obj-x86_64-linux-gnu/subprojects/mocklibc-1.0/src/libmocklibc.so.0.0.0", "MOCK_PASSWD": "/home/illy/Documents/CompileStuff/polkitbugfixin/policykit-1-124/test/data/etc/passwd", "MOCK_GROUP": "/home/illy/Documents/CompileStuff/polkitbugfixin/policykit-1-124/test/data/etc/group", "MOCK_NETGROUP": "/home/illy/Documents/CompileStuff/polkitbugfixin/policykit-1-124/test/data/etc/netgroup", "POLKIT_TEST_DATA": "/home/illy/Documents/CompileStuff/polkitbugfixin/policykit-1-124/test/data", "TOP_BUILD_DIR": "/home/illy/Documents/CompileStuff/polkitbugfixin/policykit-1-124/obj-x86_64-linux-gnu", "TOP_SRC_DIR": "/home/illy/Documents/CompileStuff/polkitbugfixin/policykit-1-124", "LD_LIBRARY_PATH": "/home/illy/Documents/CompileStuff/polkitbugfixin/policykit-1-124/obj-x86_64-linux-gnu/src/polkit", "MALLOC_PERTURB_": "47"}, "command": ["/home/illy/Documents/CompileStuff/polkitbugfixin/policykit-1-124/obj-x86_64-linux-gnu/test/polkit/polkitidentitytest"]}
{"name": "test-polkitbackendjsauthority", "stdout": "Top build dir: /home/illy/Documents/CompileStuff/polkitbugfixin/policykit-1-124/obj-x86_64-linux-gnu\nmocklibc path: /home/illy/Documents/CompileStuff/polkitbugfixin/policykit-1-124/obj-x86_64-linux-gnu/subprojects/mocklibc-1.0/bin/mocklibc\nTop source dir: /home/illy/Documents/CompileStuff/polkitbugfixin/policykit-1-124\nPolkit test data dir: /home/illy/Documents/CompileStuff/polkitbugfixin/policykit-1-124/test/data\nMock password file: /home/illy/Documents/CompileStuff/polkitbugfixin/policykit-1-124/test/data/etc/passwd\nMock group file: /home/illy/Documents/CompileStuff/polkitbugfixin/policykit-1-124/test/data/etc/group\nMock netgroup file: /home/illy/Documents/CompileStuff/polkitbugfixin/policykit-1-124/test/data/etc/netgroup\ntest_polkitbackendjsauthoritytest (__main__.TestPolkitBackendJsAuthority.test_polkitbackendjsauthoritytest) ... TAP version 13\n# random seed: R02S14d736220ed2d4346cbdb84021313dc8\n1..28\n# Start of PolkitBackendJsAuthority tests\n# GLib-GIO-DEBUG: _g_io_module_get_default: Found default implementation local (GLocalVfs) for \u2018gio-vfs\u2019\n# GLib-GIO-DEBUG: Using cross-namespace EXTERNAL authentication (this will deadlock if server is GDBus < 2.73.3)\n# 03:02:48.816: Loading rules from directory /home/illy/Documents/CompileStuff/polkitbugfixin/policykit-1-124/test/data/etc/polkit-1/rules.d\n# 03:02:48.816: Loading rules from directory /home/illy/Documents/CompileStuff/polkitbugfixin/policykit-1-124/test/data/usr/share/polkit-1/rules.d\n# 03:02:48.818: Finished loading, compiling and executing 4 rules\n# GLib-GIO-DEBUG: Using cross-namespace EXTERNAL authentication (this will deadlock if server is GDBus < 2.73.3)\n# 03:02:48.840: Loading rules from directory /home/illy/Documents/CompileStuff/polkitbugfixin/policykit-1-124/test/data/etc/polkit-1/rules.d\n# 03:02:48.840: Loading rules from directory /home/illy/Documents/CompileStuff/polkitbugfixin/policykit-1-124/test/data/usr/share/polkit-1/rules.d\n# 03:02:48.842: Finished loading, compiling and executing 4 rules\n# GLib-GIO-DEBUG: Using cross-namespace EXTERNAL authentication (this will deadlock if server is GDBus < 2.73.3)\n# 03:02:48.868: Loading rules from directory /home/illy/Documents/CompileStuff/polkitbugfixin/policykit-1-124/test/data/etc/polkit-1/rules.d\n# 03:02:48.868: Loading rules from directory /home/illy/Documents/CompileStuff/polkitbugfixin/policykit-1-124/test/data/usr/share/polkit-1/rules.d\n# 03:02:48.869: Finished loading, compiling and executing 4 rules\n# GLib-GIO-DEBUG: Using cross-namespace EXTERNAL authentication (this will deadlock if server is GDBus < 2.73.3)\n# 03:02:48.872: Loading rules from directory /home/illy/Documents/CompileStuff/polkitbugfixin/policykit-1-124/test/data/etc/polkit-1/rules.d\n# 03:02:48.872: Loading rules from directory /home/illy/Documents/CompileStuff/polkitbugfixin/policykit-1-124/test/data/usr/share/polkit-1/rules.d\n# 03:02:48.873: Finished loading, compiling and executing 4 rules\nok 1 /PolkitBackendJsAuthority/get_admin_identities\n# GLib-GIO-DEBUG: Using cross-namespace EXTERNAL authentication (this will deadlock if server is GDBus < 2.73.3)\n# 03:02:48.877: Loading rules from directory /home/illy/Documents/CompileStuff/polkitbugfixin/policykit-1-124/test/data/etc/polkit-1/rules.d\n# 03:02:48.877: Loading rules from directory /home/illy/Documents/CompileStuff/polkitbugfixin/policykit-1-124/test/data/usr/share/polkit-1/rules.d\n# 03:02:48.879: Finished loading, compiling and executing 4 rules\nok 2 /PolkitBackendJsAuthority/rules_basic0\n# GLib-GIO-DEBUG: Using cross-namespace EXTERNAL authentication (this will deadlock if server is GDBus < 2.73.3)\n# 03:02:48.887: Loading rules from directory /home/illy/Documents/CompileStuff/polkitbugfixin/policykit-1-124/test/data/etc/polkit-1/rules.d\n# 03:02:48.887: Loading rules from directory /home/illy/Documents/CompileStuff/polkitbugfixin/policykit-1-124/test/data/usr/share/polkit-1/rules.d\n# 03:02:48.889: Finished loading, compiling and executing 4 rules\nok 3 /PolkitBackendJsAuthority/rules_basic1\n# GLib-GIO-DEBUG: Using cross-namespace EXTERNAL authentication (this will deadlock if server is GDBus < 2.73.3)\n# 03:02:48.905: Loading rules from directory /home/illy/Documents/CompileStuff/polkitbugfixin/policykit-1-124/test/data/etc/polkit-1/rules.d\n# 03:02:48.905: Loading rules from directory /home/illy/Documents/CompileStuff/polkitbugfixin/policykit-1-124/test/data/usr/share/polkit-1/rules.d\n# 03:02:48.906: Finished loading, compiling and executing 4 rules\nok 4 /PolkitBackendJsAuthority/rules_basic2\n# GLib-GIO-DEBUG: Using cross-namespace EXTERNAL authentication (this will deadlock if server is GDBus < 2.73.3)\n# 03:02:48.932: Loading rules from directory /home/illy/Documents/CompileStuff/polkitbugfixin/policykit-1-124/test/data/etc/polkit-1/rules.d\n# 03:02:48.932: Loading rules from directory /home/illy/Documents/CompileStuff/polkitbugfixin/policykit-1-124/test/data/usr/share/polkit-1/rules.d\n# 03:02:48.933: Finished loading, compiling and executing 4 rules\nok 5 /PolkitBackendJsAuthority/rules_order0\n# GLib-GIO-DEBUG: Using cross-namespace EXTERNAL authentication (this will deadlock if server is GDBus < 2.73.3)\n# 03:02:48.948: Loading rules from directory /home/illy/Documents/CompileStuff/polkitbugfixin/policykit-1-124/test/data/etc/polkit-1/rules.d\n# 03:02:48.948: Loading rules from directory /home/illy/Documents/CompileStuff/polkitbugfixin/policykit-1-124/test/data/usr/share/polkit-1/rules.d\n# 03:02:48.949: Finished loading, compiling and executing 4 rules\nok 6 /PolkitBackendJsAuthority/rules_order1\n# GLib-GIO-DEBUG: Using cross-namespace EXTERNAL authentication (this will deadlock if server is GDBus < 2.73.3)\n# 03:02:48.964: Loading rules from directory /home/illy/Documents/CompileStuff/polkitbugfixin/policykit-1-124/test/data/etc/polkit-1/rules.d\n# 03:02:48.964: Loading rules from directory /home/illy/Documents/CompileStuff/polkitbugfixin/policykit-1-124/test/data/usr/share/polkit-1/rules.d\n# 03:02:48.965: Finished loading, compiling and executing 4 rules\nok 7 /PolkitBackendJsAuthority/rules_order2\n# GLib-GIO-DEBUG: Using cross-namespace EXTERNAL authentication (this will deadlock if server is GDBus < 2.73.3)\n# 03:02:48.967: Loading rules from directory /home/illy/Documents/CompileStuff/polkitbugfixin/policykit-1-124/test/data/etc/polkit-1/rules.d\n# 03:02:48.967: Loading rules from directory /home/illy/Documents/CompileStuff/polkitbugfixin/policykit-1-124/test/data/usr/share/polkit-1/rules.d\n# 03:02:48.969: Finished loading, compiling and executing 4 rules\nok 8 /PolkitBackendJsAuthority/rules_variables1\n# GLib-GIO-DEBUG: Using cross-namespace EXTERNAL authentication (this will deadlock if server is GDBus < 2.73.3)\n# 03:02:48.976: Loading rules from directory /home/illy/Documents/CompileStuff/polkitbugfixin/policykit-1-124/test/data/etc/polkit-1/rules.d\n# 03:02:48.976: Loading rules from directory /home/illy/Documents/CompileStuff/polkitbugfixin/policykit-1-124/test/data/usr/share/polkit-1/rules.d\n# 03:02:48.977: Finished loading, compiling and executing 4 rules\nok 9 /PolkitBackendJsAuthority/rules_variables2\n# GLib-GIO-DEBUG: Using cross-namespace EXTERNAL authentication (this will deadlock if server is GDBus < 2.73.3)\n# 03:02:48.981: Loading rules from directory /home/illy/Documents/CompileStuff/polkitbugfixin/policykit-1-124/test/data/etc/polkit-1/rules.d\n# 03:02:48.981: Loading rules from directory /home/illy/Documents/CompileStuff/polkitbugfixin/policykit-1-124/test/data/usr/share/polkit-1/rules.d\n# 03:02:48.982: Finished loading, compiling and executing 4 rules\nok 10 /PolkitBackendJsAuthority/rules_variables3\n# GLib-GIO-DEBUG: Using cross-namespace EXTERNAL authentication (this will deadlock if server is GDBus < 2.73.3)\n# 03:02:48.984: Loading rules from directory /home/illy/Documents/CompileStuff/polkitbugfixin/policykit-1-124/test/data/etc/polkit-1/rules.d\n# 03:02:48.984: Loading rules from directory /home/illy/Documents/CompileStuff/polkitbugfixin/policykit-1-124/test/data/usr/share/polkit-1/rules.d\n# 03:02:48.986: Finished loading, compiling and executing 4 rules\nok 11 /PolkitBackendJsAuthority/rules_group_membership_with_member\n# GLib-GIO-DEBUG: Using cross-namespace EXTERNAL authentication (this will deadlock if server is GDBus < 2.73.3)\n# 03:02:49.004: Loading rules from directory /home/illy/Documents/CompileStuff/polkitbugfixin/policykit-1-124/test/data/etc/polkit-1/rules.d\n# 03:02:49.004: Loading rules from directory /home/illy/Documents/CompileStuff/polkitbugfixin/policykit-1-124/test/data/usr/share/polkit-1/rules.d\n# 03:02:49.006: Finished loading, compiling and executing 4 rules\nok 12 /PolkitBackendJsAuthority/rules_group_membership_with_non_member\n# GLib-GIO-DEBUG: Using cross-namespace EXTERNAL authentication (this will deadlock if server is GDBus < 2.73.3)\n# 03:02:49.029: Loading rules from directory /home/illy/Documents/CompileStuff/polkitbugfixin/policykit-1-124/test/data/etc/polkit-1/rules.d\n# 03:02:49.029: Loading rules from directory /home/illy/Documents/CompileStuff/polkitbugfixin/policykit-1-124/test/data/usr/share/polkit-1/rules.d\n# 03:02:49.030: Finished loading, compiling and executing 4 rules\nok 13 /PolkitBackendJsAuthority/rules_netgroup_membership_with_member\n# GLib-GIO-DEBUG: Using cross-namespace EXTERNAL authentication (this will deadlock if server is GDBus < 2.73.3)\n# 03:02:49.052: Loading rules from directory /home/illy/Documents/CompileStuff/polkitbugfixin/policykit-1-124/test/data/etc/polkit-1/rules.d\n# 03:02:49.052: Loading rules from directory /home/illy/Documents/CompileStuff/polkitbugfixin/policykit-1-124/test/data/usr/share/polkit-1/rules.d\n# 03:02:49.054: Finished loading, compiling and executing 4 rules\nok 14 /PolkitBackendJsAuthority/rules_netgroup_membership_with_non_member\n# GLib-GIO-DEBUG: Using cross-namespace EXTERNAL authentication (this will deadlock if server is GDBus < 2.73.3)\n# 03:02:49.057: Loading rules from directory /home/illy/Documents/CompileStuff/polkitbugfixin/policykit-1-124/test/data/etc/polkit-1/rules.d\n# 03:02:49.057: Loading rules from directory /home/illy/Documents/CompileStuff/polkitbugfixin/policykit-1-124/test/data/usr/share/polkit-1/rules.d\n# 03:02:49.058: Finished loading, compiling and executing 4 rules\nok 15 /PolkitBackendJsAuthority/rules_spawning_non_existing_helper\n# GLib-GIO-DEBUG: Using cross-namespace EXTERNAL authentication (this will deadlock if server is GDBus < 2.73.3)\n# 03:02:49.076: Loading rules from directory /home/illy/Documents/CompileStuff/polkitbugfixin/policykit-1-124/test/data/etc/polkit-1/rules.d\n# 03:02:49.076: Loading rules from directory /home/illy/Documents/CompileStuff/polkitbugfixin/policykit-1-124/test/data/usr/share/polkit-1/rules.d\n# 03:02:49.077: Finished loading, compiling and executing 4 rules\nok 16 /PolkitBackendJsAuthority/rules_spawning_successful_helper\n# GLib-GIO-DEBUG: Using cross-namespace EXTERNAL authentication (this will deadlock if server is GDBus < 2.73.3)\n# 03:02:49.100: Loading rules from directory /home/illy/Documents/CompileStuff/polkitbugfixin/policykit-1-124/test/data/etc/polkit-1/rules.d\n# 03:02:49.100: Loading rules from directory /home/illy/Documents/CompileStuff/polkitbugfixin/policykit-1-124/test/data/usr/share/polkit-1/rules.d\n# 03:02:49.101: Finished loading, compiling and executing 4 rules\nok 17 /PolkitBackendJsAuthority/rules_spawning_failing_helper\n# GLib-GIO-DEBUG: Using cross-namespace EXTERNAL authentication (this will deadlock if server is GDBus < 2.73.3)\n# 03:02:49.135: Loading rules from directory /home/illy/Documents/CompileStuff/polkitbugfixin/policykit-1-124/test/data/etc/polkit-1/rules.d\n# 03:02:49.136: Loading rules from directory /home/illy/Documents/CompileStuff/polkitbugfixin/policykit-1-124/test/data/usr/share/polkit-1/rules.d\n# 03:02:49.137: Finished loading, compiling and executing 4 rules\nok 18 /PolkitBackendJsAuthority/rules_spawning_helper_with_output\n# GLib-GIO-DEBUG: Using cross-namespace EXTERNAL authentication (this will deadlock if server is GDBus < 2.73.3)\n# 03:02:49.161: Loading rules from directory /home/illy/Documents/CompileStuff/polkitbugfixin/policykit-1-124/test/data/etc/polkit-1/rules.d\n# 03:02:49.161: Loading rules from directory /home/illy/Documents/CompileStuff/polkitbugfixin/policykit-1-124/test/data/usr/share/polkit-1/rules.d\n# 03:02:49.162: Finished loading, compiling and executing 4 rules\nok 19 /PolkitBackendJsAuthority/rules_spawning_helper_timeout\n# slow test /PolkitBackendJsAuthority/rules_spawning_helper_timeout executed in 10.07 secs\n# GLib-GIO-DEBUG: Using cross-namespace EXTERNAL authentication (this will deadlock if server is GDBus < 2.73.3)\n# 03:02:59.234: Loading rules from directory /home/illy/Documents/CompileStuff/polkitbugfixin/policykit-1-124/test/data/etc/polkit-1/rules.d\n# 03:02:59.235: Loading rules from directory /home/illy/Documents/CompileStuff/polkitbugfixin/policykit-1-124/test/data/usr/share/polkit-1/rules.d\n# 03:02:59.237: Finished loading, compiling and executing 4 rules\n# 03:03:14.238: Terminating runaway script after 15 seconds\nok 20 /PolkitBackendJsAuthority/rules_runaway_script\n# slow test /PolkitBackendJsAuthority/rules_runaway_script executed in 15.02 secs\n# GLib-GIO-DEBUG: Using cross-namespace EXTERNAL authentication (this will deadlock if server is GDBus < 2.73.3)\n# 03:03:14.256: Loading rules from directory /home/illy/Documents/CompileStuff/polkitbugfixin/policykit-1-124/test/data/etc/polkit-1/rules.d\n# 03:03:14.256: Loading rules from directory /home/illy/Documents/CompileStuff/polkitbugfixin/policykit-1-124/test/data/usr/share/polkit-1/rules.d\n# 03:03:14.259: Finished loading, compiling and executing 4 rules\nok 21 /PolkitBackendJsAuthority/rules_group_membership_with_non_member(highuid22)\n# GLib-GIO-DEBUG: Using cross-namespace EXTERNAL authentication (this will deadlock if server is GDBus < 2.73.3)\n# 03:03:14.280: Loading rules from directory /home/illy/Documents/CompileStuff/polkitbugfixin/policykit-1-124/test/data/etc/polkit-1/rules.d\n# 03:03:14.280: Loading rules from directory /home/illy/Documents/CompileStuff/polkitbugfixin/policykit-1-124/test/data/usr/share/polkit-1/rules.d\n# 03:03:14.283: Finished loading, compiling and executing 4 rules\nok 22 /PolkitBackendJsAuthority/rules_group_membership_with_non_member(highuid21)\n# GLib-GIO-DEBUG: Using cross-namespace EXTERNAL authentication (this will deadlock if server is GDBus < 2.73.3)\n# 03:03:14.304: Loading rules from directory /home/illy/Documents/CompileStuff/polkitbugfixin/policykit-1-124/test/data/etc/polkit-1/rules.d\n# 03:03:14.304: Loading rules from directory /home/illy/Documents/CompileStuff/polkitbugfixin/policykit-1-124/test/data/usr/share/polkit-1/rules.d\n# 03:03:14.306: Finished loading, compiling and executing 4 rules\nok 23 /PolkitBackendJsAuthority/rules_group_membership_with_non_member(highuid24)\n# GLib-GIO-DEBUG: Using cross-namespace EXTERNAL authentication (this will deadlock if server is GDBus < 2.73.3)\n# 03:03:14.324: Loading rules from directory /home/illy/Documents/CompileStuff/polkitbugfixin/policykit-1-124/test/data/etc/polkit-1/rules.d\n# 03:03:14.324: Loading rules from directory /home/illy/Documents/CompileStuff/polkitbugfixin/policykit-1-124/test/data/usr/share/polkit-1/rules.d\n# 03:03:14.327: Finished loading, compiling and executing 4 rules\nok 24 /PolkitBackendJsAuthority/rules_group_membership_with_non_member(highuid23)\n# GLib-GIO-DEBUG: Using cross-namespace EXTERNAL authentication (this will deadlock if server is GDBus < 2.73.3)\n# 03:03:14.349: Loading rules from directory /home/illy/Documents/CompileStuff/polkitbugfixin/policykit-1-124/test/data/etc/polkit-1/rules.d\n# 03:03:14.349: Loading rules from directory /home/illy/Documents/CompileStuff/polkitbugfixin/policykit-1-124/test/data/usr/share/polkit-1/rules.d\n# 03:03:14.351: Finished loading, compiling and executing 4 rules\nok 25 /PolkitBackendJsAuthority/rules_john_action\n# GLib-GIO-DEBUG: Using cross-namespace EXTERNAL authentication (this will deadlock if server is GDBus < 2.73.3)\n# 03:03:14.372: Loading rules from directory /home/illy/Documents/CompileStuff/polkitbugfixin/policykit-1-124/test/data/etc/polkit-1/rules.d\n# 03:03:14.372: Loading rules from directory /home/illy/Documents/CompileStuff/polkitbugfixin/policykit-1-124/test/data/usr/share/polkit-1/rules.d\n# 03:03:14.375: Finished loading, compiling and executing 4 rules\nok 26 /PolkitBackendJsAuthority/rules_jane_action\n# GLib-GIO-DEBUG: Using cross-namespace EXTERNAL authentication (this will deadlock if server is GDBus < 2.73.3)\n# 03:03:14.392: Loading rules from directory /home/illy/Documents/CompileStuff/polkitbugfixin/policykit-1-124/test/data/etc/polkit-1/rules.d\n# 03:03:14.392: Loading rules from directory /home/illy/Documents/CompileStuff/polkitbugfixin/policykit-1-124/test/data/usr/share/polkit-1/rules.d\n# 03:03:14.395: Finished loading, compiling and executing 4 rules\nok 27 /PolkitBackendJsAuthority/rules_highuid2_action\n# GLib-GIO-DEBUG: Using cross-namespace EXTERNAL authentication (this will deadlock if server is GDBus < 2.73.3)\n# 03:03:14.412: Loading rules from directory /home/illy/Documents/CompileStuff/polkitbugfixin/policykit-1-124/test/data/etc/polkit-1/rules.d\n# 03:03:14.412: Loading rules from directory /home/illy/Documents/CompileStuff/polkitbugfixin/policykit-1-124/test/data/usr/share/polkit-1/rules.d\n# 03:03:14.415: Finished loading, compiling and executing 4 rules\nok 28 /PolkitBackendJsAuthority/rules_highuid1_action\n# End of PolkitBackendJsAuthority tests\n\nok\n\n----------------------------------------------------------------------\nRan 1 test in 25.754s\n\nOK\n", "result": "OK", "starttime": 1712545368.6274972, "duration": 25.832518577575684, "returncode": 0, "env": {"DEB_HOST_GNU_SYSTEM": "linux-gnu", "DFLAGS": "-frelease", "DEB_BUILD_ARCH_BITS": "64", "DEB_TARGET_GNU_CPU": "x86_64", "DEB_HOST_ARCH_OS": "linux", "LC_TIME": "fr_FR.UTF-8", "USER": "illy", "ASFLAGS_FOR_BUILD": "", "CXXFLAGS": "-g -O2 -ffile-prefix-map=/home/illy/Documents/CompileStuff/polkitbugfixin/policykit-1-124=. -fstack-protector-strong -fstack-clash-protection -Wformat -Werror=format-security -fcf-protection", "DEB_BUILD_GNU_TYPE": "x86_64-linux-gnu", "HOSTNAME": "apx-polkitbs.illy-leno", "XDG_SESSION_TYPE": "wayland", "FFLAGS_FOR_BUILD": "-g -O2", "DEB_TARGET_MULTIARCH": "x86_64-linux-gnu", "OBJCFLAGS": "-g -O2 -ffile-prefix-map=/home/illy/Documents/CompileStuff/polkitbugfixin/policykit-1-124=. -fstack-protector-strong -fstack-clash-protection -Wformat -Werror=format-security -fcf-protection", "DPKG_GENSYMBOLS_CHECK_LEVEL": "4", "DH_INTERNAL_OPTIONS": "", "DEB_BUILD_ARCH_CPU": "amd64", "SHLVL": "2", "DEB_HOST_ARCH_LIBC": "gnu", "DEB_HOST_ARCH_ABI": "base", "CONTAINER_STORAGE_DRIVER": "btrfs", "HOME": "/home/illy/Documents/CompileStuff/polkitbugfixin/policykit-1-124/debian/.debhelper/generated/_source/home", "DESKTOP_SESSION": "gnome", "DEB_BUILD_ARCH_ENDIAN": "little", "DFLAGS_FOR_BUILD": "-frelease", "GTK_MODULES": "gail:atk-bridge", "LDFLAGS": "-Wl,-z,relro -Wl,-z,now", "DEB_TARGET_ARCH_BITS": "64", "LC_MONETARY": "fr_FR.UTF-8", "MANAGERPID": "2790", "DEB_BUILD_GNU_SYSTEM": "linux-gnu", "MAKEFLAGS": "w", "DBUS_SESSION_BUS_ADDRESS": "unix:path=/tmp/dbus-EbFQBDZ8Gv,guid=1e06b9c7650efb4bf7e4c6ac66135e58", "SYSTEMD_EXEC_PID": "3863", "DISTROBOX_ENTER_PATH": "/usr/share/apx/distrobox/distrobox-enter", "XDG_STATE_HOME": "/home/illy/.local/state", "DBX_SUDO_PROGRAM": "pkexec", "CXXFLAGS_FOR_BUILD": "-g -O2", "container": "podman", "OBJCFLAGS_FOR_BUILD": "-g -O2", "DEBEMAIL": "Teh404Gal@proton.me", "DEB_BUILD_ARCH_OS": "linux", "DEB_TARGET_GNU_TYPE": "x86_64-linux-gnu", "MAKE_TERMERR": "/dev/pts/0", "WAYLAND_DISPLAY": "wayland-0", "DEB_TARGET_ARCH_CPU": "amd64", "IM_CONFIG_PHASE": "1", "LOGNAME": "illy", "DEBFULLNAME": "Illy Illy", "DEB_BUILD_ARCH_LIBC": "gnu", "DEB_BUILD_ARCH_ABI": "base", "JOURNAL_STREAM": "8:24722", "MEMORY_PRESSURE_WATCH": "/sys/fs/cgroup/user.slice/user-1001.slice/user@1001.service/app.slice/flatpak-session-helper.service/memory.pressure", "TERMINFO_DIRS": "/usr/share/terminfo:/run/host/usr/share/terminfo", "XDG_SESSION_CLASS": "user", "DEB_HOST_ARCH": "amd64", "LDFLAGS_FOR_BUILD": "", "DEB_TARGET_ARCH_ENDIAN": "little", "USERNAME": "illy", "TERM": "xterm-256color", "DH_INTERNAL_OVERRIDE": "dh_auto_test", "GNOME_DESKTOP_SESSION_ID": "this-is-deprecated", "DEB_HOST_GNU_CPU": "x86_64", "DEB_TARGET_GNU_SYSTEM": "linux-gnu", "PATH": "/usr/local/bin:/usr/bin:/bin:/usr/local/games:/usr/games:/home/illy/.local/bin", "GDM_LANG": "fr_FR.UTF-8", "SESSION_MANAGER": "local/illy-leno:@/tmp/.ICE-unix/3075,unix/illy-leno:/tmp/.ICE-unix/3075", "INVOCATION_ID": "c395a01c00b342f2b25f77ec35fa35e3", "LC_ADDRESS": "fr_FR.UTF-8", "GNOME_SETUP_DISPLAY": ":1", "DEB_TARGET_ARCH_OS": "linux", "CFLAGS": "-g -O2 -ffile-prefix-map=/home/illy/Documents/CompileStuff/polkitbugfixin/policykit-1-124=. -fstack-protector-strong -fstack-clash-protection -Wformat -Werror=format-security -fcf-protection", "XDG_MENU_PREFIX": "gnome-", "MAKELEVEL": "2", "DEB_HOST_MULTIARCH": "x86_64-linux-gnu", "SOURCE_DATE_EPOCH": "1705833729", "FCFLAGS": "-g -O2 -ffile-prefix-map=/home/illy/Documents/CompileStuff/polkitbugfixin/policykit-1-124=. -fstack-protector-strong -fstack-clash-protection -fcf-protection", "DISPLAY": ":0", "OBJCXXFLAGS": "-g -O2 -ffile-prefix-map=/home/illy/Documents/CompileStuff/polkitbugfixin/policykit-1-124=. -fstack-protector-strong -fstack-clash-protection -Wformat -Werror=format-security -fcf-protection", "LANG": "fr_FR.UTF-8", "LC_TELEPHONE": "fr_FR.UTF-8", "XDG_CURRENT_DESKTOP": "GNOME", "DEB_TARGET_ARCH_LIBC": "gnu", "XAUTHORITY": "/run/user/1001/.mutter-Xwaylandauth.R328L2", "XDG_SESSION_DESKTOP": "gnome", "XMODIFIERS": "@im=ibus", "LS_COLORS": "rs=0:di=01;34:ln=01;36:mh=00:pi=40;33:so=01;35:do=01;35:bd=40;33;01:cd=40;33;01:or=40;31;01:mi=00:su=37;41:sg=30;43:ca=00:tw=30;42:ow=34;42:st=37;44:ex=01;32:*.tar=01;31:*.tgz=01;31:*.arc=01;31:*.arj=01;31:*.taz=01;31:*.lha=01;31:*.lz4=01;31:*.lzh=01;31:*.lzma=01;31:*.tlz=01;31:*.txz=01;31:*.tzo=01;31:*.t7z=01;31:*.zip=01;31:*.z=01;31:*.dz=01;31:*.gz=01;31:*.lrz=01;31:*.lz=01;31:*.lzo=01;31:*.xz=01;31:*.zst=01;31:*.tzst=01;31:*.bz2=01;31:*.bz=01;31:*.tbz=01;31:*.tbz2=01;31:*.tz=01;31:*.deb=01;31:*.rpm=01;31:*.jar=01;31:*.war=01;31:*.ear=01;31:*.sar=01;31:*.rar=01;31:*.alz=01;31:*.ace=01;31:*.zoo=01;31:*.cpio=01;31:*.7z=01;31:*.rz=01;31:*.cab=01;31:*.wim=01;31:*.swm=01;31:*.dwm=01;31:*.esd=01;31:*.avif=01;35:*.jpg=01;35:*.jpeg=01;35:*.mjpg=01;35:*.mjpeg=01;35:*.gif=01;35:*.bmp=01;35:*.pbm=01;35:*.pgm=01;35:*.ppm=01;35:*.tga=01;35:*.xbm=01;35:*.xpm=01;35:*.tif=01;35:*.tiff=01;35:*.png=01;35:*.svg=01;35:*.svgz=01;35:*.mng=01;35:*.pcx=01;35:*.mov=01;35:*.mpg=01;35:*.mpeg=01;35:*.m2v=01;35:*.mkv=01;35:*.webm=01;35:*.webp=01;35:*.ogm=01;35:*.mp4=01;35:*.m4v=01;35:*.mp4v=01;35:*.vob=01;35:*.qt=01;35:*.nuv=01;35:*.wmv=01;35:*.asf=01;35:*.rm=01;35:*.rmvb=01;35:*.flc=01;35:*.avi=01;35:*.fli=01;35:*.flv=01;35:*.gl=01;35:*.dl=01;35:*.xcf=01;35:*.xwd=01;35:*.yuv=01;35:*.cgm=01;35:*.emf=01;35:*.ogv=01;35:*.ogx=01;35:*.aac=00;36:*.au=00;36:*.flac=00;36:*.m4a=00;36:*.mid=00;36:*.midi=00;36:*.mka=00;36:*.mp3=00;36:*.mpc=00;36:*.ogg=00;36:*.ra=00;36:*.wav=00;36:*.oga=00;36:*.opus=00;36:*.spx=00;36:*.xspf=00;36:*~=00;90:*#=00;90:*.bak=00;90:*.crdownload=00;90:*.dpkg-dist=00;90:*.dpkg-new=00;90:*.dpkg-old=00;90:*.dpkg-tmp=00;90:*.old=00;90:*.orig=00;90:*.part=00;90:*.rej=00;90:*.rpmnew=00;90:*.rpmorig=00;90:*.rpmsave=00;90:*.swp=00;90:*.tmp=00;90:*.ucf-dist=00;90:*.ucf-new=00;90:*.ucf-old=00;90:", "DEB_TARGET_ARCH_ABI": "base", "SSH_AGENT_LAUNCHER": "openssh", "DEB_BUILD_OPTIONS": "parallel=12", "SSH_AUTH_SOCK": "/run/user/1001/keyring/ssh", "UID": "1001", "CPPFLAGS": "-Wdate-time -D_FORTIFY_SOURCE=2", "DH_INTERNAL_BUILDFLAGS": "1", "DBUS_SYSTEM_BUS_ADDRESS": "unix:path=/tmp/dbus-EbFQBDZ8Gv,guid=1e06b9c7650efb4bf7e4c6ac66135e58", "LC_NAME": "fr_FR.UTF-8", "SHELL": "/usr/bin/bash", "QT_ACCESSIBILITY": "1", "MAKE_TERMOUT": "/dev/pts/0", "GDMSESSION": "gnome", "DEB_HOST_ARCH_BITS": "64", "DEB_BUILD_ARCH": "amd64", "LC_MEASUREMENT": "fr_FR.UTF-8", "DEB_BUILD_MAINT_OPTIONS": "hardening=+bindnow", "CFLAGS_FOR_BUILD": "-g -O2", "DEB_BUILD_GNU_CPU": "x86_64", "LC_IDENTIFICATION": "fr_FR.UTF-8", "ASFLAGS": "", "DEB_HOST_GNU_TYPE": "x86_64-linux-gnu", "FCFLAGS_FOR_BUILD": "-g -O2", "QT_IM_MODULE": "ibus", "OBJCXXFLAGS_FOR_BUILD": "-g -O2", "PWD": "/home/illy/Documents/CompileStuff/polkitbugfixin/policykit-1-124", "CONTAINER_ID": "apx-polkitbs", "DEB_HOST_ARCH_CPU": "amd64", "DEB_RULES_REQUIRES_ROOT": "no", "FFLAGS": "-g -O2 -ffile-prefix-map=/home/illy/Documents/CompileStuff/polkitbugfixin/policykit-1-124=. -fstack-protector-strong -fstack-clash-protection -fcf-protection", "DEB_BUILD_MULTIARCH": "x86_64-linux-gnu", "LC_NUMERIC": "fr_FR.UTF-8", "CPPFLAGS_FOR_BUILD": "", "MFLAGS": "-w", "LC_PAPER": "fr_FR.UTF-8", "MEMORY_PRESSURE_WRITE": "c29tZSAyMDAwMDAgMjAwMDAwMAA=", "DEB_HOST_ARCH_ENDIAN": "little", "DEB_TARGET_ARCH": "amd64", "XDG_RUNTIME_DIR": "/tmp/dh-xdg-rundir-K36YsIqN", "MESON_TESTTHREADS": "12", "DEB_PYTHON_INSTALL_LAYOUT": "deb", "LC_ALL": "C.UTF-8", "LD_PRELOAD": "/home/illy/Documents/CompileStuff/polkitbugfixin/policykit-1-124/obj-x86_64-linux-gnu/subprojects/mocklibc-1.0/src/libmocklibc.so.0.0.0", "MOCK_PASSWD": "/home/illy/Documents/CompileStuff/polkitbugfixin/policykit-1-124/test/data/etc/passwd", "MOCK_GROUP": "/home/illy/Documents/CompileStuff/polkitbugfixin/policykit-1-124/test/data/etc/group", "MOCK_NETGROUP": "/home/illy/Documents/CompileStuff/polkitbugfixin/policykit-1-124/test/data/etc/netgroup", "POLKIT_TEST_DATA": "/home/illy/Documents/CompileStuff/polkitbugfixin/policykit-1-124/test/data", "TOP_BUILD_DIR": "/home/illy/Documents/CompileStuff/polkitbugfixin/policykit-1-124/obj-x86_64-linux-gnu", "TOP_SRC_DIR": "/home/illy/Documents/CompileStuff/polkitbugfixin/policykit-1-124", "MALLOC_PERTURB_": "232"}, "command": ["/home/illy/Documents/CompileStuff/polkitbugfixin/policykit-1-124/test/polkitbackend/polkitbackendjsauthoritytest-wrapper.py"]}
