<?xml version="1.0"?>
<!DOCTYPE glossary PUBLIC "-//OASIS//DTD DocBook XML V4.1.2//EN"
               "http://www.oasis-open.org/docbook/xml/4.1.2/docbookx.dtd" [
<!ENTITY version SYSTEM "../version.xml">
<!ENTITY extensiondir SYSTEM "../extensiondir.xml">
]>
<glossary id="annotation-glossary">
  <title>Annotation Glossary</title>
<glossdiv><title>A</title>
    <glossentry>
      <glossterm><anchor id="annotation-glossterm-allow-none"/>allow-none</glossterm>
      <glossdef>
        <para>NULL is OK, both for passing and for returning.</para>
      </glossdef>
    </glossentry>
</glossdiv>
<glossdiv><title>E</title>
    <glossentry>
      <glossterm><anchor id="annotation-glossterm-element-type"/>element-type</glossterm>
      <glossdef>
        <para>Generics and defining elements of containers and arrays.</para>
      </glossdef>
    </glossentry>
</glossdiv>
<glossdiv><title>O</title>
    <glossentry>
      <glossterm><anchor id="annotation-glossterm-out caller-allocates"/>out caller-allocates</glossterm>
      <glossdef>
        <para>Out parameter, where caller must allocate storage.</para>
      </glossdef>
    </glossentry>
</glossdiv>
<glossdiv><title>S</title>
    <glossentry>
      <glossterm><anchor id="annotation-glossterm-Stable"/>Stable</glossterm>
      <glossdef>
        <para>The intention of a Stable interface is to enable arbitrary third parties to
develop applications to these interfaces, release them, and have confidence that
they will run on all minor releases of the product (after the one in which the
interface was introduced, and within the same major release). Even at a major
release, incompatible changes are expected to be rare, and to have strong
justifications.
</para>
      </glossdef>
    </glossentry>
</glossdiv>
<glossdiv><title>T</title>
    <glossentry>
      <glossterm><anchor id="annotation-glossterm-transfer full"/>transfer full</glossterm>
      <glossdef>
        <para>The caller owns the data, and is responsible for free it.</para>
      </glossdef>
    </glossentry>
    <glossentry>
      <glossterm><anchor id="annotation-glossterm-transfer none"/>transfer none</glossterm>
      <glossdef>
        <para>The data is owned by the callee, which is responsible of freeing it.</para>
      </glossdef>
    </glossentry>
</glossdiv>
<glossdiv><title>U</title>
    <glossentry>
      <glossterm><anchor id="annotation-glossterm-Unstable"/>Unstable</glossterm>
      <glossdef>
        <para>Unstable interfaces are experimental or transitional. They are typically used to
give outside developers early access to new or rapidly changing technology, or
to provide an interim solution to a problem where a more general solution is
anticipated. No claims are made about either source or binary compatibility from
one minor release to the next.

The Unstable interface level is a warning that these interfaces are  subject to
change without warning and should not be used in unbundled products.

Given such caveats, customer impact need not be a factor when considering
incompatible changes to an Unstable interface in a major or minor release.
Nonetheless, when such changes are introduced, the changes should still be
mentioned in the release notes for the affected release.
</para>
      </glossdef>
    </glossentry>
</glossdiv>
</glossary>
