<?xml version="1.0"?>
<!DOCTYPE indexdiv PUBLIC "-//OASIS//DTD DocBook XML V4.1.2//EN"
               "http://www.oasis-open.org/docbook/xml/4.1.2/docbookx.dtd" [
<!ENTITY version SYSTEM "../version.xml">
<!ENTITY extensiondir SYSTEM "../extensiondir.xml">
]>
<indexdiv id="api-index-deprecated">
<indexdiv><title>A</title>
<indexentry><primaryie linkends="polkit-agent-register-listener"><link linkend="polkit-agent-register-listener">polkit_agent_register_listener</link>, function in <link linkend="PolkitAgentListener">PolkitAgentListener</link></primaryie></indexentry>
<indexentry><primaryie linkends="polkit-authority-get"><link linkend="polkit-authority-get">polkit_authority_get</link>, function in <link linkend="PolkitAuthority">PolkitAuthority</link></primaryie></indexentry>
</indexdiv>
<indexdiv><title>U</title>
<indexentry><primaryie linkends="polkit-unix-process-get-owner"><link linkend="polkit-unix-process-get-owner">polkit_unix_process_get_owner</link>, function in <link linkend="PolkitUnixProcess">PolkitUnixProcess</link></primaryie></indexentry>
<indexentry><primaryie linkends="polkit-unix-process-new"><link linkend="polkit-unix-process-new">polkit_unix_process_new</link>, function in <link linkend="PolkitUnixProcess">PolkitUnixProcess</link></primaryie></indexentry>
<indexentry><primaryie linkends="polkit-unix-process-new-full"><link linkend="polkit-unix-process-new-full">polkit_unix_process_new_full</link>, function in <link linkend="PolkitUnixProcess">PolkitUnixProcess</link></primaryie></indexentry>
</indexdiv>
</indexdiv>
