<?xml version="1.0"?>
<!DOCTYPE indexdiv PUBLIC "-//OASIS//DTD DocBook XML V4.1.2//EN"
               "http://www.oasis-open.org/docbook/xml/4.1.2/docbookx.dtd" [
<!ENTITY version SYSTEM "../version.xml">
<!ENTITY extensiondir SYSTEM "../extensiondir.xml">
]>
<indexdiv id="api-index-0.101">
<indexdiv><title>A</title>
<indexentry><primaryie linkends="polkit-authorization-result-get-dismissed"><link linkend="polkit-authorization-result-get-dismissed">polkit_authorization_result_get_dismissed</link>, function in <link linkend="PolkitAuthorizationResult">PolkitAuthorizationResult</link></primaryie></indexentry>
</indexdiv>
</indexdiv>
