<?xml version="1.0"?>
<!DOCTYPE indexdiv PUBLIC "-//OASIS//DTD DocBook XML V4.1.2//EN"
               "http://www.oasis-open.org/docbook/xml/4.1.2/docbookx.dtd" [
<!ENTITY version SYSTEM "../version.xml">
<!ENTITY extensiondir SYSTEM "../extensiondir.xml">
]>
<indexdiv id="api-index-full">
<indexdiv><title>A</title>
<indexentry><primaryie linkends="PolkitActionDescription-struct"><link linkend="PolkitActionDescription-struct">PolkitActionDescription</link>, struct in <link linkend="PolkitActionDescription">PolkitActionDescription</link></primaryie></indexentry>
<indexentry><primaryie linkends="polkit-action-description-get-action-id"><link linkend="polkit-action-description-get-action-id">polkit_action_description_get_action_id</link>, function in <link linkend="PolkitActionDescription">PolkitActionDescription</link></primaryie></indexentry>
<indexentry><primaryie linkends="polkit-action-description-get-annotation"><link linkend="polkit-action-description-get-annotation">polkit_action_description_get_annotation</link>, function in <link linkend="PolkitActionDescription">PolkitActionDescription</link></primaryie></indexentry>
<indexentry><primaryie linkends="polkit-action-description-get-annotation-keys"><link linkend="polkit-action-description-get-annotation-keys">polkit_action_description_get_annotation_keys</link>, function in <link linkend="PolkitActionDescription">PolkitActionDescription</link></primaryie></indexentry>
<indexentry><primaryie linkends="polkit-action-description-get-description"><link linkend="polkit-action-description-get-description">polkit_action_description_get_description</link>, function in <link linkend="PolkitActionDescription">PolkitActionDescription</link></primaryie></indexentry>
<indexentry><primaryie linkends="polkit-action-description-get-icon-name"><link linkend="polkit-action-description-get-icon-name">polkit_action_description_get_icon_name</link>, function in <link linkend="PolkitActionDescription">PolkitActionDescription</link></primaryie></indexentry>
<indexentry><primaryie linkends="polkit-action-description-get-implicit-active"><link linkend="polkit-action-description-get-implicit-active">polkit_action_description_get_implicit_active</link>, function in <link linkend="PolkitActionDescription">PolkitActionDescription</link></primaryie></indexentry>
<indexentry><primaryie linkends="polkit-action-description-get-implicit-any"><link linkend="polkit-action-description-get-implicit-any">polkit_action_description_get_implicit_any</link>, function in <link linkend="PolkitActionDescription">PolkitActionDescription</link></primaryie></indexentry>
<indexentry><primaryie linkends="polkit-action-description-get-implicit-inactive"><link linkend="polkit-action-description-get-implicit-inactive">polkit_action_description_get_implicit_inactive</link>, function in <link linkend="PolkitActionDescription">PolkitActionDescription</link></primaryie></indexentry>
<indexentry><primaryie linkends="polkit-action-description-get-message"><link linkend="polkit-action-description-get-message">polkit_action_description_get_message</link>, function in <link linkend="PolkitActionDescription">PolkitActionDescription</link></primaryie></indexentry>
<indexentry><primaryie linkends="polkit-action-description-get-vendor-name"><link linkend="polkit-action-description-get-vendor-name">polkit_action_description_get_vendor_name</link>, function in <link linkend="PolkitActionDescription">PolkitActionDescription</link></primaryie></indexentry>
<indexentry><primaryie linkends="polkit-action-description-get-vendor-url"><link linkend="polkit-action-description-get-vendor-url">polkit_action_description_get_vendor_url</link>, function in <link linkend="PolkitActionDescription">PolkitActionDescription</link></primaryie></indexentry>
<indexentry><primaryie linkends="PolkitAgentListener-struct"><link linkend="PolkitAgentListener-struct">PolkitAgentListener</link>, struct in <link linkend="PolkitAgentListener">PolkitAgentListener</link></primaryie></indexentry>
<indexentry><primaryie linkends="PolkitAgentListenerClass"><link linkend="PolkitAgentListenerClass">PolkitAgentListenerClass</link>, struct in <link linkend="PolkitAgentListener">PolkitAgentListener</link></primaryie></indexentry>
<indexentry><primaryie linkends="PolkitAgentRegisterFlags"><link linkend="PolkitAgentRegisterFlags">PolkitAgentRegisterFlags</link>, enum in <link linkend="PolkitAgentListener">PolkitAgentListener</link></primaryie></indexentry>
<indexentry><primaryie linkends="PolkitAgentSession-struct"><link linkend="PolkitAgentSession-struct">PolkitAgentSession</link>, struct in <link linkend="PolkitAgentSession">PolkitAgentSession</link></primaryie></indexentry>
<indexentry><primaryie linkends="PolkitAgentSession-completed"><link linkend="PolkitAgentSession-completed">PolkitAgentSession::completed</link>, object signal in <link linkend="PolkitAgentSession">PolkitAgentSession</link></primaryie></indexentry>
<indexentry><primaryie linkends="PolkitAgentSession-request"><link linkend="PolkitAgentSession-request">PolkitAgentSession::request</link>, object signal in <link linkend="PolkitAgentSession">PolkitAgentSession</link></primaryie></indexentry>
<indexentry><primaryie linkends="PolkitAgentSession-show-error"><link linkend="PolkitAgentSession-show-error">PolkitAgentSession::show-error</link>, object signal in <link linkend="PolkitAgentSession">PolkitAgentSession</link></primaryie></indexentry>
<indexentry><primaryie linkends="PolkitAgentSession-show-info"><link linkend="PolkitAgentSession-show-info">PolkitAgentSession::show-info</link>, object signal in <link linkend="PolkitAgentSession">PolkitAgentSession</link></primaryie></indexentry>
<indexentry><primaryie linkends="PolkitAgentSession--cookie"><link linkend="PolkitAgentSession--cookie">PolkitAgentSession:cookie</link>, object property in <link linkend="PolkitAgentSession">PolkitAgentSession</link></primaryie></indexentry>
<indexentry><primaryie linkends="PolkitAgentSession--identity"><link linkend="PolkitAgentSession--identity">PolkitAgentSession:identity</link>, object property in <link linkend="PolkitAgentSession">PolkitAgentSession</link></primaryie></indexentry>
<indexentry><primaryie linkends="PolkitAgentTextListener-struct"><link linkend="PolkitAgentTextListener-struct">PolkitAgentTextListener</link>, struct in <link linkend="PolkitAgentTextListener">PolkitAgentTextListener</link></primaryie></indexentry>
<indexentry><primaryie linkends="PolkitAgentTextListener-tty-attrs-changed"><link linkend="PolkitAgentTextListener-tty-attrs-changed">PolkitAgentTextListener::tty-attrs-changed</link>, object signal in <link linkend="PolkitAgentTextListener">PolkitAgentTextListener</link></primaryie></indexentry>
<indexentry><primaryie linkends="PolkitAgentTextListener--delay"><link linkend="PolkitAgentTextListener--delay">PolkitAgentTextListener:delay</link>, object property in <link linkend="PolkitAgentTextListener">PolkitAgentTextListener</link></primaryie></indexentry>
<indexentry><primaryie linkends="PolkitAgentTextListener--use-alternate-buffer"><link linkend="PolkitAgentTextListener--use-alternate-buffer">PolkitAgentTextListener:use-alternate-buffer</link>, object property in <link linkend="PolkitAgentTextListener">PolkitAgentTextListener</link></primaryie></indexentry>
<indexentry><primaryie linkends="PolkitAgentTextListener--use-color"><link linkend="PolkitAgentTextListener--use-color">PolkitAgentTextListener:use-color</link>, object property in <link linkend="PolkitAgentTextListener">PolkitAgentTextListener</link></primaryie></indexentry>
<indexentry><primaryie linkends="polkit-agent-listener-initiate-authentication"><link linkend="polkit-agent-listener-initiate-authentication">polkit_agent_listener_initiate_authentication</link>, function in <link linkend="PolkitAgentListener">PolkitAgentListener</link></primaryie></indexentry>
<indexentry><primaryie linkends="polkit-agent-listener-initiate-authentication-finish"><link linkend="polkit-agent-listener-initiate-authentication-finish">polkit_agent_listener_initiate_authentication_finish</link>, function in <link linkend="PolkitAgentListener">PolkitAgentListener</link></primaryie></indexentry>
<indexentry><primaryie linkends="polkit-agent-listener-register"><link linkend="polkit-agent-listener-register">polkit_agent_listener_register</link>, function in <link linkend="PolkitAgentListener">PolkitAgentListener</link></primaryie></indexentry>
<indexentry><primaryie linkends="polkit-agent-listener-register-with-options"><link linkend="polkit-agent-listener-register-with-options">polkit_agent_listener_register_with_options</link>, function in <link linkend="PolkitAgentListener">PolkitAgentListener</link></primaryie></indexentry>
<indexentry><primaryie linkends="polkit-agent-listener-unregister"><link linkend="polkit-agent-listener-unregister">polkit_agent_listener_unregister</link>, function in <link linkend="PolkitAgentListener">PolkitAgentListener</link></primaryie></indexentry>
<indexentry><primaryie linkends="polkit-agent-register-listener"><link linkend="polkit-agent-register-listener">polkit_agent_register_listener</link>, function in <link linkend="PolkitAgentListener">PolkitAgentListener</link></primaryie></indexentry>
<indexentry><primaryie linkends="polkit-agent-session-cancel"><link linkend="polkit-agent-session-cancel">polkit_agent_session_cancel</link>, function in <link linkend="PolkitAgentSession">PolkitAgentSession</link></primaryie></indexentry>
<indexentry><primaryie linkends="polkit-agent-session-initiate"><link linkend="polkit-agent-session-initiate">polkit_agent_session_initiate</link>, function in <link linkend="PolkitAgentSession">PolkitAgentSession</link></primaryie></indexentry>
<indexentry><primaryie linkends="polkit-agent-session-new"><link linkend="polkit-agent-session-new">polkit_agent_session_new</link>, function in <link linkend="PolkitAgentSession">PolkitAgentSession</link></primaryie></indexentry>
<indexentry><primaryie linkends="polkit-agent-session-response"><link linkend="polkit-agent-session-response">polkit_agent_session_response</link>, function in <link linkend="PolkitAgentSession">PolkitAgentSession</link></primaryie></indexentry>
<indexentry><primaryie linkends="polkit-agent-text-listener-new"><link linkend="polkit-agent-text-listener-new">polkit_agent_text_listener_new</link>, function in <link linkend="PolkitAgentTextListener">PolkitAgentTextListener</link></primaryie></indexentry>
<indexentry><primaryie linkends="PolkitAuthority-struct"><link linkend="PolkitAuthority-struct">PolkitAuthority</link>, struct in <link linkend="PolkitAuthority">PolkitAuthority</link></primaryie></indexentry>
<indexentry><primaryie linkends="PolkitAuthority-changed"><link linkend="PolkitAuthority-changed">PolkitAuthority::changed</link>, object signal in <link linkend="PolkitAuthority">PolkitAuthority</link></primaryie></indexentry>
<indexentry><primaryie linkends="PolkitAuthority--backend-features"><link linkend="PolkitAuthority--backend-features">PolkitAuthority:backend-features</link>, object property in <link linkend="PolkitAuthority">PolkitAuthority</link></primaryie></indexentry>
<indexentry><primaryie linkends="PolkitAuthority--backend-name"><link linkend="PolkitAuthority--backend-name">PolkitAuthority:backend-name</link>, object property in <link linkend="PolkitAuthority">PolkitAuthority</link></primaryie></indexentry>
<indexentry><primaryie linkends="PolkitAuthority--backend-version"><link linkend="PolkitAuthority--backend-version">PolkitAuthority:backend-version</link>, object property in <link linkend="PolkitAuthority">PolkitAuthority</link></primaryie></indexentry>
<indexentry><primaryie linkends="PolkitAuthority--owner"><link linkend="PolkitAuthority--owner">PolkitAuthority:owner</link>, object property in <link linkend="PolkitAuthority">PolkitAuthority</link></primaryie></indexentry>
<indexentry><primaryie linkends="PolkitAuthorityFeatures"><link linkend="PolkitAuthorityFeatures">PolkitAuthorityFeatures</link>, enum in <link linkend="PolkitAuthority">PolkitAuthority</link></primaryie></indexentry>
<indexentry><primaryie linkends="polkit-authority-authentication-agent-response"><link linkend="polkit-authority-authentication-agent-response">polkit_authority_authentication_agent_response</link>, function in <link linkend="PolkitAuthority">PolkitAuthority</link></primaryie></indexentry>
<indexentry><primaryie linkends="polkit-authority-authentication-agent-response-finish"><link linkend="polkit-authority-authentication-agent-response-finish">polkit_authority_authentication_agent_response_finish</link>, function in <link linkend="PolkitAuthority">PolkitAuthority</link></primaryie></indexentry>
<indexentry><primaryie linkends="polkit-authority-authentication-agent-response-sync"><link linkend="polkit-authority-authentication-agent-response-sync">polkit_authority_authentication_agent_response_sync</link>, function in <link linkend="PolkitAuthority">PolkitAuthority</link></primaryie></indexentry>
<indexentry><primaryie linkends="polkit-authority-check-authorization"><link linkend="polkit-authority-check-authorization">polkit_authority_check_authorization</link>, function in <link linkend="PolkitAuthority">PolkitAuthority</link></primaryie></indexentry>
<indexentry><primaryie linkends="polkit-authority-check-authorization-finish"><link linkend="polkit-authority-check-authorization-finish">polkit_authority_check_authorization_finish</link>, function in <link linkend="PolkitAuthority">PolkitAuthority</link></primaryie></indexentry>
<indexentry><primaryie linkends="polkit-authority-check-authorization-sync"><link linkend="polkit-authority-check-authorization-sync">polkit_authority_check_authorization_sync</link>, function in <link linkend="PolkitAuthority">PolkitAuthority</link></primaryie></indexentry>
<indexentry><primaryie linkends="polkit-authority-enumerate-actions"><link linkend="polkit-authority-enumerate-actions">polkit_authority_enumerate_actions</link>, function in <link linkend="PolkitAuthority">PolkitAuthority</link></primaryie></indexentry>
<indexentry><primaryie linkends="polkit-authority-enumerate-actions-finish"><link linkend="polkit-authority-enumerate-actions-finish">polkit_authority_enumerate_actions_finish</link>, function in <link linkend="PolkitAuthority">PolkitAuthority</link></primaryie></indexentry>
<indexentry><primaryie linkends="polkit-authority-enumerate-actions-sync"><link linkend="polkit-authority-enumerate-actions-sync">polkit_authority_enumerate_actions_sync</link>, function in <link linkend="PolkitAuthority">PolkitAuthority</link></primaryie></indexentry>
<indexentry><primaryie linkends="polkit-authority-enumerate-temporary-authorizations"><link linkend="polkit-authority-enumerate-temporary-authorizations">polkit_authority_enumerate_temporary_authorizations</link>, function in <link linkend="PolkitAuthority">PolkitAuthority</link></primaryie></indexentry>
<indexentry><primaryie linkends="polkit-authority-enumerate-temporary-authorizations-finish"><link linkend="polkit-authority-enumerate-temporary-authorizations-finish">polkit_authority_enumerate_temporary_authorizations_finish</link>, function in <link linkend="PolkitAuthority">PolkitAuthority</link></primaryie></indexentry>
<indexentry><primaryie linkends="polkit-authority-enumerate-temporary-authorizations-sync"><link linkend="polkit-authority-enumerate-temporary-authorizations-sync">polkit_authority_enumerate_temporary_authorizations_sync</link>, function in <link linkend="PolkitAuthority">PolkitAuthority</link></primaryie></indexentry>
<indexentry><primaryie linkends="polkit-authority-get"><link linkend="polkit-authority-get">polkit_authority_get</link>, function in <link linkend="PolkitAuthority">PolkitAuthority</link></primaryie></indexentry>
<indexentry><primaryie linkends="polkit-authority-get-async"><link linkend="polkit-authority-get-async">polkit_authority_get_async</link>, function in <link linkend="PolkitAuthority">PolkitAuthority</link></primaryie></indexentry>
<indexentry><primaryie linkends="polkit-authority-get-backend-features"><link linkend="polkit-authority-get-backend-features">polkit_authority_get_backend_features</link>, function in <link linkend="PolkitAuthority">PolkitAuthority</link></primaryie></indexentry>
<indexentry><primaryie linkends="polkit-authority-get-backend-name"><link linkend="polkit-authority-get-backend-name">polkit_authority_get_backend_name</link>, function in <link linkend="PolkitAuthority">PolkitAuthority</link></primaryie></indexentry>
<indexentry><primaryie linkends="polkit-authority-get-backend-version"><link linkend="polkit-authority-get-backend-version">polkit_authority_get_backend_version</link>, function in <link linkend="PolkitAuthority">PolkitAuthority</link></primaryie></indexentry>
<indexentry><primaryie linkends="polkit-authority-get-finish"><link linkend="polkit-authority-get-finish">polkit_authority_get_finish</link>, function in <link linkend="PolkitAuthority">PolkitAuthority</link></primaryie></indexentry>
<indexentry><primaryie linkends="polkit-authority-get-owner"><link linkend="polkit-authority-get-owner">polkit_authority_get_owner</link>, function in <link linkend="PolkitAuthority">PolkitAuthority</link></primaryie></indexentry>
<indexentry><primaryie linkends="polkit-authority-get-sync"><link linkend="polkit-authority-get-sync">polkit_authority_get_sync</link>, function in <link linkend="PolkitAuthority">PolkitAuthority</link></primaryie></indexentry>
<indexentry><primaryie linkends="polkit-authority-register-authentication-agent"><link linkend="polkit-authority-register-authentication-agent">polkit_authority_register_authentication_agent</link>, function in <link linkend="PolkitAuthority">PolkitAuthority</link></primaryie></indexentry>
<indexentry><primaryie linkends="polkit-authority-register-authentication-agent-finish"><link linkend="polkit-authority-register-authentication-agent-finish">polkit_authority_register_authentication_agent_finish</link>, function in <link linkend="PolkitAuthority">PolkitAuthority</link></primaryie></indexentry>
<indexentry><primaryie linkends="polkit-authority-register-authentication-agent-sync"><link linkend="polkit-authority-register-authentication-agent-sync">polkit_authority_register_authentication_agent_sync</link>, function in <link linkend="PolkitAuthority">PolkitAuthority</link></primaryie></indexentry>
<indexentry><primaryie linkends="polkit-authority-register-authentication-agent-with-options"><link linkend="polkit-authority-register-authentication-agent-with-options">polkit_authority_register_authentication_agent_with_options</link>, function in <link linkend="PolkitAuthority">PolkitAuthority</link></primaryie></indexentry>
<indexentry><primaryie linkends="polkit-authority-register-authentication-agent-with-options-finish"><link linkend="polkit-authority-register-authentication-agent-with-options-finish">polkit_authority_register_authentication_agent_with_options_finish</link>, function in <link linkend="PolkitAuthority">PolkitAuthority</link></primaryie></indexentry>
<indexentry><primaryie linkends="polkit-authority-register-authentication-agent-with-options-sync"><link linkend="polkit-authority-register-authentication-agent-with-options-sync">polkit_authority_register_authentication_agent_with_options_sync</link>, function in <link linkend="PolkitAuthority">PolkitAuthority</link></primaryie></indexentry>
<indexentry><primaryie linkends="polkit-authority-revoke-temporary-authorizations"><link linkend="polkit-authority-revoke-temporary-authorizations">polkit_authority_revoke_temporary_authorizations</link>, function in <link linkend="PolkitAuthority">PolkitAuthority</link></primaryie></indexentry>
<indexentry><primaryie linkends="polkit-authority-revoke-temporary-authorizations-finish"><link linkend="polkit-authority-revoke-temporary-authorizations-finish">polkit_authority_revoke_temporary_authorizations_finish</link>, function in <link linkend="PolkitAuthority">PolkitAuthority</link></primaryie></indexentry>
<indexentry><primaryie linkends="polkit-authority-revoke-temporary-authorizations-sync"><link linkend="polkit-authority-revoke-temporary-authorizations-sync">polkit_authority_revoke_temporary_authorizations_sync</link>, function in <link linkend="PolkitAuthority">PolkitAuthority</link></primaryie></indexentry>
<indexentry><primaryie linkends="polkit-authority-revoke-temporary-authorization-by-id"><link linkend="polkit-authority-revoke-temporary-authorization-by-id">polkit_authority_revoke_temporary_authorization_by_id</link>, function in <link linkend="PolkitAuthority">PolkitAuthority</link></primaryie></indexentry>
<indexentry><primaryie linkends="polkit-authority-revoke-temporary-authorization-by-id-finish"><link linkend="polkit-authority-revoke-temporary-authorization-by-id-finish">polkit_authority_revoke_temporary_authorization_by_id_finish</link>, function in <link linkend="PolkitAuthority">PolkitAuthority</link></primaryie></indexentry>
<indexentry><primaryie linkends="polkit-authority-revoke-temporary-authorization-by-id-sync"><link linkend="polkit-authority-revoke-temporary-authorization-by-id-sync">polkit_authority_revoke_temporary_authorization_by_id_sync</link>, function in <link linkend="PolkitAuthority">PolkitAuthority</link></primaryie></indexentry>
<indexentry><primaryie linkends="polkit-authority-unregister-authentication-agent"><link linkend="polkit-authority-unregister-authentication-agent">polkit_authority_unregister_authentication_agent</link>, function in <link linkend="PolkitAuthority">PolkitAuthority</link></primaryie></indexentry>
<indexentry><primaryie linkends="polkit-authority-unregister-authentication-agent-finish"><link linkend="polkit-authority-unregister-authentication-agent-finish">polkit_authority_unregister_authentication_agent_finish</link>, function in <link linkend="PolkitAuthority">PolkitAuthority</link></primaryie></indexentry>
<indexentry><primaryie linkends="polkit-authority-unregister-authentication-agent-sync"><link linkend="polkit-authority-unregister-authentication-agent-sync">polkit_authority_unregister_authentication_agent_sync</link>, function in <link linkend="PolkitAuthority">PolkitAuthority</link></primaryie></indexentry>
<indexentry><primaryie linkends="PolkitAuthorizationResult-struct"><link linkend="PolkitAuthorizationResult-struct">PolkitAuthorizationResult</link>, struct in <link linkend="PolkitAuthorizationResult">PolkitAuthorizationResult</link></primaryie></indexentry>
<indexentry><primaryie linkends="polkit-authorization-result-get-details"><link linkend="polkit-authorization-result-get-details">polkit_authorization_result_get_details</link>, function in <link linkend="PolkitAuthorizationResult">PolkitAuthorizationResult</link></primaryie></indexentry>
<indexentry><primaryie linkends="polkit-authorization-result-get-dismissed"><link linkend="polkit-authorization-result-get-dismissed">polkit_authorization_result_get_dismissed</link>, function in <link linkend="PolkitAuthorizationResult">PolkitAuthorizationResult</link></primaryie></indexentry>
<indexentry><primaryie linkends="polkit-authorization-result-get-is-authorized"><link linkend="polkit-authorization-result-get-is-authorized">polkit_authorization_result_get_is_authorized</link>, function in <link linkend="PolkitAuthorizationResult">PolkitAuthorizationResult</link></primaryie></indexentry>
<indexentry><primaryie linkends="polkit-authorization-result-get-is-challenge"><link linkend="polkit-authorization-result-get-is-challenge">polkit_authorization_result_get_is_challenge</link>, function in <link linkend="PolkitAuthorizationResult">PolkitAuthorizationResult</link></primaryie></indexentry>
<indexentry><primaryie linkends="polkit-authorization-result-get-retains-authorization"><link linkend="polkit-authorization-result-get-retains-authorization">polkit_authorization_result_get_retains_authorization</link>, function in <link linkend="PolkitAuthorizationResult">PolkitAuthorizationResult</link></primaryie></indexentry>
<indexentry><primaryie linkends="polkit-authorization-result-get-temporary-authorization-id"><link linkend="polkit-authorization-result-get-temporary-authorization-id">polkit_authorization_result_get_temporary_authorization_id</link>, function in <link linkend="PolkitAuthorizationResult">PolkitAuthorizationResult</link></primaryie></indexentry>
<indexentry><primaryie linkends="polkit-authorization-result-new"><link linkend="polkit-authorization-result-new">polkit_authorization_result_new</link>, function in <link linkend="PolkitAuthorizationResult">PolkitAuthorizationResult</link></primaryie></indexentry>
</indexdiv>
<indexdiv><title>C</title>
<indexentry><primaryie linkends="PolkitCheckAuthorizationFlags"><link linkend="PolkitCheckAuthorizationFlags">PolkitCheckAuthorizationFlags</link>, enum in <link linkend="PolkitAuthority">PolkitAuthority</link></primaryie></indexentry>
</indexdiv>
<indexdiv><title>D</title>
<indexentry><primaryie linkends="PolkitDetails-struct"><link linkend="PolkitDetails-struct">PolkitDetails</link>, struct in <link linkend="PolkitDetails">PolkitDetails</link></primaryie></indexentry>
<indexentry><primaryie linkends="polkit-details-get-keys"><link linkend="polkit-details-get-keys">polkit_details_get_keys</link>, function in <link linkend="PolkitDetails">PolkitDetails</link></primaryie></indexentry>
<indexentry><primaryie linkends="polkit-details-insert"><link linkend="polkit-details-insert">polkit_details_insert</link>, function in <link linkend="PolkitDetails">PolkitDetails</link></primaryie></indexentry>
<indexentry><primaryie linkends="polkit-details-lookup"><link linkend="polkit-details-lookup">polkit_details_lookup</link>, function in <link linkend="PolkitDetails">PolkitDetails</link></primaryie></indexentry>
<indexentry><primaryie linkends="polkit-details-new"><link linkend="polkit-details-new">polkit_details_new</link>, function in <link linkend="PolkitDetails">PolkitDetails</link></primaryie></indexentry>
</indexdiv>
<indexdiv><title>E</title>
<indexentry><primaryie linkends="POLKIT-ERROR:CAPS"><link linkend="POLKIT-ERROR:CAPS">POLKIT_ERROR</link>, macro in <link linkend="polkit-1-PolkitError">PolkitError</link></primaryie></indexentry>
<indexentry><primaryie linkends="PolkitError"><link linkend="PolkitError">PolkitError</link>, enum in <link linkend="polkit-1-PolkitError">PolkitError</link></primaryie></indexentry>
</indexdiv>
<indexdiv><title>I</title>
<indexentry><primaryie linkends="PolkitIdentity-struct"><link linkend="PolkitIdentity-struct">PolkitIdentity</link>, struct in <link linkend="PolkitIdentity">PolkitIdentity</link></primaryie></indexentry>
<indexentry><primaryie linkends="PolkitIdentityIface"><link linkend="PolkitIdentityIface">PolkitIdentityIface</link>, struct in <link linkend="PolkitIdentity">PolkitIdentity</link></primaryie></indexentry>
<indexentry><primaryie linkends="polkit-identity-equal"><link linkend="polkit-identity-equal">polkit_identity_equal</link>, function in <link linkend="PolkitIdentity">PolkitIdentity</link></primaryie></indexentry>
<indexentry><primaryie linkends="polkit-identity-from-string"><link linkend="polkit-identity-from-string">polkit_identity_from_string</link>, function in <link linkend="PolkitIdentity">PolkitIdentity</link></primaryie></indexentry>
<indexentry><primaryie linkends="polkit-identity-hash"><link linkend="polkit-identity-hash">polkit_identity_hash</link>, function in <link linkend="PolkitIdentity">PolkitIdentity</link></primaryie></indexentry>
<indexentry><primaryie linkends="polkit-identity-to-string"><link linkend="polkit-identity-to-string">polkit_identity_to_string</link>, function in <link linkend="PolkitIdentity">PolkitIdentity</link></primaryie></indexentry>
<indexentry><primaryie linkends="PolkitImplicitAuthorization"><link linkend="PolkitImplicitAuthorization">PolkitImplicitAuthorization</link>, enum in <link linkend="PolkitActionDescription">PolkitActionDescription</link></primaryie></indexentry>
<indexentry><primaryie linkends="polkit-implicit-authorization-from-string"><link linkend="polkit-implicit-authorization-from-string">polkit_implicit_authorization_from_string</link>, function in <link linkend="PolkitActionDescription">PolkitActionDescription</link></primaryie></indexentry>
<indexentry><primaryie linkends="polkit-implicit-authorization-to-string"><link linkend="polkit-implicit-authorization-to-string">polkit_implicit_authorization_to_string</link>, function in <link linkend="PolkitActionDescription">PolkitActionDescription</link></primaryie></indexentry>
</indexdiv>
<indexdiv><title>P</title>
<indexentry><primaryie linkends="PolkitPermission-struct"><link linkend="PolkitPermission-struct">PolkitPermission</link>, struct in <link linkend="PolkitPermission">PolkitPermission</link></primaryie></indexentry>
<indexentry><primaryie linkends="PolkitPermission--action-id"><link linkend="PolkitPermission--action-id">PolkitPermission:action-id</link>, object property in <link linkend="PolkitPermission">PolkitPermission</link></primaryie></indexentry>
<indexentry><primaryie linkends="PolkitPermission--subject"><link linkend="PolkitPermission--subject">PolkitPermission:subject</link>, object property in <link linkend="PolkitPermission">PolkitPermission</link></primaryie></indexentry>
<indexentry><primaryie linkends="polkit-permission-get-action-id"><link linkend="polkit-permission-get-action-id">polkit_permission_get_action_id</link>, function in <link linkend="PolkitPermission">PolkitPermission</link></primaryie></indexentry>
<indexentry><primaryie linkends="polkit-permission-get-subject"><link linkend="polkit-permission-get-subject">polkit_permission_get_subject</link>, function in <link linkend="PolkitPermission">PolkitPermission</link></primaryie></indexentry>
<indexentry><primaryie linkends="polkit-permission-new"><link linkend="polkit-permission-new">polkit_permission_new</link>, function in <link linkend="PolkitPermission">PolkitPermission</link></primaryie></indexentry>
<indexentry><primaryie linkends="polkit-permission-new-finish"><link linkend="polkit-permission-new-finish">polkit_permission_new_finish</link>, function in <link linkend="PolkitPermission">PolkitPermission</link></primaryie></indexentry>
<indexentry><primaryie linkends="polkit-permission-new-sync"><link linkend="polkit-permission-new-sync">polkit_permission_new_sync</link>, function in <link linkend="PolkitPermission">PolkitPermission</link></primaryie></indexentry>
</indexdiv>
<indexdiv><title>S</title>
<indexentry><primaryie linkends="PolkitSubject-struct"><link linkend="PolkitSubject-struct">PolkitSubject</link>, struct in <link linkend="PolkitSubject">PolkitSubject</link></primaryie></indexentry>
<indexentry><primaryie linkends="PolkitSubjectIface"><link linkend="PolkitSubjectIface">PolkitSubjectIface</link>, struct in <link linkend="PolkitSubject">PolkitSubject</link></primaryie></indexentry>
<indexentry><primaryie linkends="polkit-subject-equal"><link linkend="polkit-subject-equal">polkit_subject_equal</link>, function in <link linkend="PolkitSubject">PolkitSubject</link></primaryie></indexentry>
<indexentry><primaryie linkends="polkit-subject-exists"><link linkend="polkit-subject-exists">polkit_subject_exists</link>, function in <link linkend="PolkitSubject">PolkitSubject</link></primaryie></indexentry>
<indexentry><primaryie linkends="polkit-subject-exists-finish"><link linkend="polkit-subject-exists-finish">polkit_subject_exists_finish</link>, function in <link linkend="PolkitSubject">PolkitSubject</link></primaryie></indexentry>
<indexentry><primaryie linkends="polkit-subject-exists-sync"><link linkend="polkit-subject-exists-sync">polkit_subject_exists_sync</link>, function in <link linkend="PolkitSubject">PolkitSubject</link></primaryie></indexentry>
<indexentry><primaryie linkends="polkit-subject-from-string"><link linkend="polkit-subject-from-string">polkit_subject_from_string</link>, function in <link linkend="PolkitSubject">PolkitSubject</link></primaryie></indexentry>
<indexentry><primaryie linkends="polkit-subject-hash"><link linkend="polkit-subject-hash">polkit_subject_hash</link>, function in <link linkend="PolkitSubject">PolkitSubject</link></primaryie></indexentry>
<indexentry><primaryie linkends="polkit-subject-to-string"><link linkend="polkit-subject-to-string">polkit_subject_to_string</link>, function in <link linkend="PolkitSubject">PolkitSubject</link></primaryie></indexentry>
<indexentry><primaryie linkends="PolkitSystemBusName-struct"><link linkend="PolkitSystemBusName-struct">PolkitSystemBusName</link>, struct in <link linkend="PolkitSystemBusName">PolkitSystemBusName</link></primaryie></indexentry>
<indexentry><primaryie linkends="PolkitSystemBusName--name"><link linkend="PolkitSystemBusName--name">PolkitSystemBusName:name</link>, object property in <link linkend="PolkitSystemBusName">PolkitSystemBusName</link></primaryie></indexentry>
<indexentry><primaryie linkends="polkit-system-bus-name-get-name"><link linkend="polkit-system-bus-name-get-name">polkit_system_bus_name_get_name</link>, function in <link linkend="PolkitSystemBusName">PolkitSystemBusName</link></primaryie></indexentry>
<indexentry><primaryie linkends="polkit-system-bus-name-get-process-sync"><link linkend="polkit-system-bus-name-get-process-sync">polkit_system_bus_name_get_process_sync</link>, function in <link linkend="PolkitSystemBusName">PolkitSystemBusName</link></primaryie></indexentry>
<indexentry><primaryie linkends="polkit-system-bus-name-new"><link linkend="polkit-system-bus-name-new">polkit_system_bus_name_new</link>, function in <link linkend="PolkitSystemBusName">PolkitSystemBusName</link></primaryie></indexentry>
<indexentry><primaryie linkends="polkit-system-bus-name-set-name"><link linkend="polkit-system-bus-name-set-name">polkit_system_bus_name_set_name</link>, function in <link linkend="PolkitSystemBusName">PolkitSystemBusName</link></primaryie></indexentry>
</indexdiv>
<indexdiv><title>T</title>
<indexentry><primaryie linkends="PolkitTemporaryAuthorization-struct"><link linkend="PolkitTemporaryAuthorization-struct">PolkitTemporaryAuthorization</link>, struct in <link linkend="PolkitTemporaryAuthorization">PolkitTemporaryAuthorization</link></primaryie></indexentry>
<indexentry><primaryie linkends="polkit-temporary-authorization-get-action-id"><link linkend="polkit-temporary-authorization-get-action-id">polkit_temporary_authorization_get_action_id</link>, function in <link linkend="PolkitTemporaryAuthorization">PolkitTemporaryAuthorization</link></primaryie></indexentry>
<indexentry><primaryie linkends="polkit-temporary-authorization-get-id"><link linkend="polkit-temporary-authorization-get-id">polkit_temporary_authorization_get_id</link>, function in <link linkend="PolkitTemporaryAuthorization">PolkitTemporaryAuthorization</link></primaryie></indexentry>
<indexentry><primaryie linkends="polkit-temporary-authorization-get-subject"><link linkend="polkit-temporary-authorization-get-subject">polkit_temporary_authorization_get_subject</link>, function in <link linkend="PolkitTemporaryAuthorization">PolkitTemporaryAuthorization</link></primaryie></indexentry>
<indexentry><primaryie linkends="polkit-temporary-authorization-get-time-expires"><link linkend="polkit-temporary-authorization-get-time-expires">polkit_temporary_authorization_get_time_expires</link>, function in <link linkend="PolkitTemporaryAuthorization">PolkitTemporaryAuthorization</link></primaryie></indexentry>
<indexentry><primaryie linkends="polkit-temporary-authorization-get-time-obtained"><link linkend="polkit-temporary-authorization-get-time-obtained">polkit_temporary_authorization_get_time_obtained</link>, function in <link linkend="PolkitTemporaryAuthorization">PolkitTemporaryAuthorization</link></primaryie></indexentry>
</indexdiv>
<indexdiv><title>U</title>
<indexentry><primaryie linkends="PolkitUnixGroup-struct"><link linkend="PolkitUnixGroup-struct">PolkitUnixGroup</link>, struct in <link linkend="PolkitUnixGroup">PolkitUnixGroup</link></primaryie></indexentry>
<indexentry><primaryie linkends="PolkitUnixGroup--gid"><link linkend="PolkitUnixGroup--gid">PolkitUnixGroup:gid</link>, object property in <link linkend="PolkitUnixGroup">PolkitUnixGroup</link></primaryie></indexentry>
<indexentry><primaryie linkends="PolkitUnixNetgroup-struct"><link linkend="PolkitUnixNetgroup-struct">PolkitUnixNetgroup</link>, struct in <link linkend="PolkitUnixNetgroup">PolkitUnixNetgroup</link></primaryie></indexentry>
<indexentry><primaryie linkends="PolkitUnixNetgroup--name"><link linkend="PolkitUnixNetgroup--name">PolkitUnixNetgroup:name</link>, object property in <link linkend="PolkitUnixNetgroup">PolkitUnixNetgroup</link></primaryie></indexentry>
<indexentry><primaryie linkends="PolkitUnixProcess-struct"><link linkend="PolkitUnixProcess-struct">PolkitUnixProcess</link>, struct in <link linkend="PolkitUnixProcess">PolkitUnixProcess</link></primaryie></indexentry>
<indexentry><primaryie linkends="PolkitUnixProcess--gids"><link linkend="PolkitUnixProcess--gids">PolkitUnixProcess:gids</link>, object property in <link linkend="PolkitUnixProcess">PolkitUnixProcess</link></primaryie></indexentry>
<indexentry><primaryie linkends="PolkitUnixProcess--pid"><link linkend="PolkitUnixProcess--pid">PolkitUnixProcess:pid</link>, object property in <link linkend="PolkitUnixProcess">PolkitUnixProcess</link></primaryie></indexentry>
<indexentry><primaryie linkends="PolkitUnixProcess--pidfd"><link linkend="PolkitUnixProcess--pidfd">PolkitUnixProcess:pidfd</link>, object property in <link linkend="PolkitUnixProcess">PolkitUnixProcess</link></primaryie></indexentry>
<indexentry><primaryie linkends="PolkitUnixProcess--pidfd-is-safe"><link linkend="PolkitUnixProcess--pidfd-is-safe">PolkitUnixProcess:pidfd-is-safe</link>, object property in <link linkend="PolkitUnixProcess">PolkitUnixProcess</link></primaryie></indexentry>
<indexentry><primaryie linkends="PolkitUnixProcess--start-time"><link linkend="PolkitUnixProcess--start-time">PolkitUnixProcess:start-time</link>, object property in <link linkend="PolkitUnixProcess">PolkitUnixProcess</link></primaryie></indexentry>
<indexentry><primaryie linkends="PolkitUnixProcess--uid"><link linkend="PolkitUnixProcess--uid">PolkitUnixProcess:uid</link>, object property in <link linkend="PolkitUnixProcess">PolkitUnixProcess</link></primaryie></indexentry>
<indexentry><primaryie linkends="PolkitUnixSession-struct"><link linkend="PolkitUnixSession-struct">PolkitUnixSession</link>, struct in <link linkend="PolkitUnixSession">PolkitUnixSession</link></primaryie></indexentry>
<indexentry><primaryie linkends="PolkitUnixSession--pid"><link linkend="PolkitUnixSession--pid">PolkitUnixSession:pid</link>, object property in <link linkend="PolkitUnixSession">PolkitUnixSession</link></primaryie></indexentry>
<indexentry><primaryie linkends="PolkitUnixSession--session-id"><link linkend="PolkitUnixSession--session-id">PolkitUnixSession:session-id</link>, object property in <link linkend="PolkitUnixSession">PolkitUnixSession</link></primaryie></indexentry>
<indexentry><primaryie linkends="PolkitUnixUser-struct"><link linkend="PolkitUnixUser-struct">PolkitUnixUser</link>, struct in <link linkend="PolkitUnixUser">PolkitUnixUser</link></primaryie></indexentry>
<indexentry><primaryie linkends="PolkitUnixUser--uid"><link linkend="PolkitUnixUser--uid">PolkitUnixUser:uid</link>, object property in <link linkend="PolkitUnixUser">PolkitUnixUser</link></primaryie></indexentry>
<indexentry><primaryie linkends="polkit-unix-group-get-gid"><link linkend="polkit-unix-group-get-gid">polkit_unix_group_get_gid</link>, function in <link linkend="PolkitUnixGroup">PolkitUnixGroup</link></primaryie></indexentry>
<indexentry><primaryie linkends="polkit-unix-group-new"><link linkend="polkit-unix-group-new">polkit_unix_group_new</link>, function in <link linkend="PolkitUnixGroup">PolkitUnixGroup</link></primaryie></indexentry>
<indexentry><primaryie linkends="polkit-unix-group-new-for-name"><link linkend="polkit-unix-group-new-for-name">polkit_unix_group_new_for_name</link>, function in <link linkend="PolkitUnixGroup">PolkitUnixGroup</link></primaryie></indexentry>
<indexentry><primaryie linkends="polkit-unix-group-set-gid"><link linkend="polkit-unix-group-set-gid">polkit_unix_group_set_gid</link>, function in <link linkend="PolkitUnixGroup">PolkitUnixGroup</link></primaryie></indexentry>
<indexentry><primaryie linkends="polkit-unix-netgroup-get-name"><link linkend="polkit-unix-netgroup-get-name">polkit_unix_netgroup_get_name</link>, function in <link linkend="PolkitUnixNetgroup">PolkitUnixNetgroup</link></primaryie></indexentry>
<indexentry><primaryie linkends="polkit-unix-netgroup-new"><link linkend="polkit-unix-netgroup-new">polkit_unix_netgroup_new</link>, function in <link linkend="PolkitUnixNetgroup">PolkitUnixNetgroup</link></primaryie></indexentry>
<indexentry><primaryie linkends="polkit-unix-netgroup-set-name"><link linkend="polkit-unix-netgroup-set-name">polkit_unix_netgroup_set_name</link>, function in <link linkend="PolkitUnixNetgroup">PolkitUnixNetgroup</link></primaryie></indexentry>
<indexentry><primaryie linkends="polkit-unix-process-get-owner"><link linkend="polkit-unix-process-get-owner">polkit_unix_process_get_owner</link>, function in <link linkend="PolkitUnixProcess">PolkitUnixProcess</link></primaryie></indexentry>
<indexentry><primaryie linkends="polkit-unix-process-get-pid"><link linkend="polkit-unix-process-get-pid">polkit_unix_process_get_pid</link>, function in <link linkend="PolkitUnixProcess">PolkitUnixProcess</link></primaryie></indexentry>
<indexentry><primaryie linkends="polkit-unix-process-get-start-time"><link linkend="polkit-unix-process-get-start-time">polkit_unix_process_get_start_time</link>, function in <link linkend="PolkitUnixProcess">PolkitUnixProcess</link></primaryie></indexentry>
<indexentry><primaryie linkends="polkit-unix-process-get-uid"><link linkend="polkit-unix-process-get-uid">polkit_unix_process_get_uid</link>, function in <link linkend="PolkitUnixProcess">PolkitUnixProcess</link></primaryie></indexentry>
<indexentry><primaryie linkends="polkit-unix-process-new"><link linkend="polkit-unix-process-new">polkit_unix_process_new</link>, function in <link linkend="PolkitUnixProcess">PolkitUnixProcess</link></primaryie></indexentry>
<indexentry><primaryie linkends="polkit-unix-process-new-for-owner"><link linkend="polkit-unix-process-new-for-owner">polkit_unix_process_new_for_owner</link>, function in <link linkend="PolkitUnixProcess">PolkitUnixProcess</link></primaryie></indexentry>
<indexentry><primaryie linkends="polkit-unix-process-new-full"><link linkend="polkit-unix-process-new-full">polkit_unix_process_new_full</link>, function in <link linkend="PolkitUnixProcess">PolkitUnixProcess</link></primaryie></indexentry>
<indexentry><primaryie linkends="polkit-unix-process-set-pid"><link linkend="polkit-unix-process-set-pid">polkit_unix_process_set_pid</link>, function in <link linkend="PolkitUnixProcess">PolkitUnixProcess</link></primaryie></indexentry>
<indexentry><primaryie linkends="polkit-unix-process-set-start-time"><link linkend="polkit-unix-process-set-start-time">polkit_unix_process_set_start_time</link>, function in <link linkend="PolkitUnixProcess">PolkitUnixProcess</link></primaryie></indexentry>
<indexentry><primaryie linkends="polkit-unix-process-set-uid"><link linkend="polkit-unix-process-set-uid">polkit_unix_process_set_uid</link>, function in <link linkend="PolkitUnixProcess">PolkitUnixProcess</link></primaryie></indexentry>
<indexentry><primaryie linkends="polkit-unix-session-get-session-id"><link linkend="polkit-unix-session-get-session-id">polkit_unix_session_get_session_id</link>, function in <link linkend="PolkitUnixSession">PolkitUnixSession</link></primaryie></indexentry>
<indexentry><primaryie linkends="polkit-unix-session-new"><link linkend="polkit-unix-session-new">polkit_unix_session_new</link>, function in <link linkend="PolkitUnixSession">PolkitUnixSession</link></primaryie></indexentry>
<indexentry><primaryie linkends="polkit-unix-session-new-for-process"><link linkend="polkit-unix-session-new-for-process">polkit_unix_session_new_for_process</link>, function in <link linkend="PolkitUnixSession">PolkitUnixSession</link></primaryie></indexentry>
<indexentry><primaryie linkends="polkit-unix-session-new-for-process-finish"><link linkend="polkit-unix-session-new-for-process-finish">polkit_unix_session_new_for_process_finish</link>, function in <link linkend="PolkitUnixSession">PolkitUnixSession</link></primaryie></indexentry>
<indexentry><primaryie linkends="polkit-unix-session-new-for-process-sync"><link linkend="polkit-unix-session-new-for-process-sync">polkit_unix_session_new_for_process_sync</link>, function in <link linkend="PolkitUnixSession">PolkitUnixSession</link></primaryie></indexentry>
<indexentry><primaryie linkends="polkit-unix-session-set-session-id"><link linkend="polkit-unix-session-set-session-id">polkit_unix_session_set_session_id</link>, function in <link linkend="PolkitUnixSession">PolkitUnixSession</link></primaryie></indexentry>
<indexentry><primaryie linkends="polkit-unix-user-get-name"><link linkend="polkit-unix-user-get-name">polkit_unix_user_get_name</link>, function in <link linkend="PolkitUnixUser">PolkitUnixUser</link></primaryie></indexentry>
<indexentry><primaryie linkends="polkit-unix-user-get-uid"><link linkend="polkit-unix-user-get-uid">polkit_unix_user_get_uid</link>, function in <link linkend="PolkitUnixUser">PolkitUnixUser</link></primaryie></indexentry>
<indexentry><primaryie linkends="polkit-unix-user-new"><link linkend="polkit-unix-user-new">polkit_unix_user_new</link>, function in <link linkend="PolkitUnixUser">PolkitUnixUser</link></primaryie></indexentry>
<indexentry><primaryie linkends="polkit-unix-user-new-for-name"><link linkend="polkit-unix-user-new-for-name">polkit_unix_user_new_for_name</link>, function in <link linkend="PolkitUnixUser">PolkitUnixUser</link></primaryie></indexentry>
<indexentry><primaryie linkends="polkit-unix-user-set-uid"><link linkend="polkit-unix-user-set-uid">polkit_unix_user_set_uid</link>, function in <link linkend="PolkitUnixUser">PolkitUnixUser</link></primaryie></indexentry>
</indexdiv>
</indexdiv>
