<?xml version="1.0"?>
<!DOCTYPE refentry PUBLIC "-//OASIS//DTD DocBook XML V4.1.2//EN"
               "http://www.oasis-open.org/docbook/xml/4.1.2/docbookx.dtd" [
<!ENTITY version SYSTEM "../version.xml">
<!ENTITY extensiondir SYSTEM "../extensiondir.xml">
]>
<refentry id="PolkitAuthorizationResult">
<refmeta>
<refentrytitle role="top_of_page" id="PolkitAuthorizationResult.top_of_page">PolkitAuthorizationResult</refentrytitle>
<manvolnum>3</manvolnum>
<refmiscinfo>POLKIT-1 Library</refmiscinfo>
</refmeta>
<refnamediv>
<refname>PolkitAuthorizationResult</refname>
<refpurpose>Result for checking an authorization</refpurpose>
</refnamediv>
<refsect1 id="PolkitAuthorizationResult.stability-level">
<title>Stability Level</title>
<acronym>Stable</acronym>, unless otherwise indicated
</refsect1>

<refsect1 id="PolkitAuthorizationResult.functions" role="functions_proto">
<title role="functions_proto.title">Functions</title>
<informaltable pgwide="1" frame="none">
<tgroup cols="2">
<colspec colname="functions_proto_type" colwidth="150px"/>
<colspec colname="functions_proto_name"/>
<tbody>
<row><entry role="function_type"><link linkend="PolkitAuthorizationResult"><returnvalue>PolkitAuthorizationResult</returnvalue></link>&#160;*
</entry><entry role="function_name"><link linkend="polkit-authorization-result-new">polkit_authorization_result_new</link>&#160;<phrase role="c_punctuation">()</phrase></entry></row>
<row><entry role="function_type"><link linkend="gboolean"><returnvalue>gboolean</returnvalue></link>
</entry><entry role="function_name"><link linkend="polkit-authorization-result-get-is-authorized">polkit_authorization_result_get_is_authorized</link>&#160;<phrase role="c_punctuation">()</phrase></entry></row>
<row><entry role="function_type"><link linkend="gboolean"><returnvalue>gboolean</returnvalue></link>
</entry><entry role="function_name"><link linkend="polkit-authorization-result-get-is-challenge">polkit_authorization_result_get_is_challenge</link>&#160;<phrase role="c_punctuation">()</phrase></entry></row>
<row><entry role="function_type"><link linkend="gboolean"><returnvalue>gboolean</returnvalue></link>
</entry><entry role="function_name"><link linkend="polkit-authorization-result-get-retains-authorization">polkit_authorization_result_get_retains_authorization</link>&#160;<phrase role="c_punctuation">()</phrase></entry></row>
<row><entry role="function_type">const <link linkend="gchar"><returnvalue>gchar</returnvalue></link>&#160;*
</entry><entry role="function_name"><link linkend="polkit-authorization-result-get-temporary-authorization-id">polkit_authorization_result_get_temporary_authorization_id</link>&#160;<phrase role="c_punctuation">()</phrase></entry></row>
<row><entry role="function_type"><link linkend="gboolean"><returnvalue>gboolean</returnvalue></link>
</entry><entry role="function_name"><link linkend="polkit-authorization-result-get-dismissed">polkit_authorization_result_get_dismissed</link>&#160;<phrase role="c_punctuation">()</phrase></entry></row>
<row><entry role="function_type"><link linkend="PolkitDetails"><returnvalue>PolkitDetails</returnvalue></link>&#160;*
</entry><entry role="function_name"><link linkend="polkit-authorization-result-get-details">polkit_authorization_result_get_details</link>&#160;<phrase role="c_punctuation">()</phrase></entry></row>

</tbody>
</tgroup>
</informaltable>
</refsect1>
<refsect1 id="PolkitAuthorizationResult.other" role="other_proto">
<title role="other_proto.title">Types and Values</title>
<informaltable pgwide="1" frame="none">
<tgroup cols="2">
<colspec colname="other_proto_type" colwidth="150px"/>
<colspec colname="other_proto_name"/>
<tbody>
<row><entry role="datatype_keyword"></entry><entry role="function_name"><link linkend="PolkitAuthorizationResult-struct">PolkitAuthorizationResult</link></entry></row>

</tbody>
</tgroup>
</informaltable>
</refsect1>
<refsect1 id="PolkitAuthorizationResult.object-hierarchy" role="object_hierarchy">
<title role="object_hierarchy.title">Object Hierarchy</title>
<screen>    <link linkend="GObject">GObject</link>
    <phrase role="lineart">&#9584;&#9472;&#9472;</phrase> PolkitAuthorizationResult
</screen>
</refsect1>


<refsect1 id="PolkitAuthorizationResult.description" role="desc">
<title role="desc.title">Description</title>
<para>This class represents the result you get when checking for an authorization.</para>

</refsect1>
<refsect1 id="PolkitAuthorizationResult.functions_details" role="details">
<title role="details.title">Functions</title>
<refsect2 id="polkit-authorization-result-new" role="function">
<title>polkit_authorization_result_new&#160;()</title>
<indexterm zone="polkit-authorization-result-new"><primary sortas="authorization_result_new">polkit_authorization_result_new</primary></indexterm>
<programlisting language="C"><link linkend="PolkitAuthorizationResult"><returnvalue>PolkitAuthorizationResult</returnvalue></link>&#160;*
polkit_authorization_result_new (<parameter><link linkend="gboolean"><type>gboolean</type></link> is_authorized</parameter>,
                                 <parameter><link linkend="gboolean"><type>gboolean</type></link> is_challenge</parameter>,
                                 <parameter><link linkend="PolkitDetails"><type>PolkitDetails</type></link> *details</parameter>);</programlisting>
<para>Creates a new <link linkend="PolkitAuthorizationResult"><type>PolkitAuthorizationResult</type></link> object.</para>
<refsect3 id="polkit-authorization-result-new.parameters" role="parameters">
<title>Parameters</title>
<informaltable role="parameters_table" pgwide="1" frame="none">
<tgroup cols="3">
<colspec colname="parameters_name" colwidth="150px"/>
<colspec colname="parameters_description"/>
<colspec colname="parameters_annotations" colwidth="200px"/>
<tbody>
<row><entry role="parameter_name"><para>is_authorized</para></entry>
<entry role="parameter_description"><para>Whether the subject is authorized.</para></entry>
<entry role="parameter_annotations"></entry></row>
<row><entry role="parameter_name"><para>is_challenge</para></entry>
<entry role="parameter_description"><para>Whether the subject is authorized if more
information is provided. Must be <link linkend="FALSE:CAPS"><literal>FALSE</literal></link> unless <parameter>is_authorized</parameter>
is
<link linkend="TRUE:CAPS"><literal>TRUE</literal></link>.</para></entry>
<entry role="parameter_annotations"></entry></row>
<row><entry role="parameter_name"><para>details</para></entry>
<entry role="parameter_description"><para>Must be <link linkend="NULL:CAPS"><literal>NULL</literal></link> unless <parameter>is_authorized</parameter>
is <link linkend="TRUE:CAPS"><literal>TRUE</literal></link>. </para></entry>
<entry role="parameter_annotations"><emphasis role="annotation">[<acronym>allow-none</acronym>]</emphasis></entry></row>
</tbody></tgroup></informaltable>
</refsect3><refsect3 id="polkit-authorization-result-new.returns" role="returns">
<title>Returns</title>
<para> A <link linkend="PolkitAuthorizationResult"><type>PolkitAuthorizationResult</type></link> object. Free with <link linkend="g-object-unref"><function>g_object_unref()</function></link>.</para>
</refsect3></refsect2>
<refsect2 id="polkit-authorization-result-get-is-authorized" role="function">
<title>polkit_authorization_result_get_is_authorized&#160;()</title>
<indexterm zone="polkit-authorization-result-get-is-authorized"><primary sortas="authorization_result_get_is_authorized">polkit_authorization_result_get_is_authorized</primary></indexterm>
<programlisting language="C"><link linkend="gboolean"><returnvalue>gboolean</returnvalue></link>
polkit_authorization_result_get_is_authorized
                               (<parameter><link linkend="PolkitAuthorizationResult"><type>PolkitAuthorizationResult</type></link> *result</parameter>);</programlisting>
<para>Gets whether the subject is authorized.</para>
<para>If the authorization is temporary, use <link linkend="polkit-authorization-result-get-temporary-authorization-id"><function>polkit_authorization_result_get_temporary_authorization_id()</function></link>
to get the opaque identifier for the temporary authorization.</para>
<refsect3 id="polkit-authorization-result-get-is-authorized.parameters" role="parameters">
<title>Parameters</title>
<informaltable role="parameters_table" pgwide="1" frame="none">
<tgroup cols="3">
<colspec colname="parameters_name" colwidth="150px"/>
<colspec colname="parameters_description"/>
<colspec colname="parameters_annotations" colwidth="200px"/>
<tbody>
<row><entry role="parameter_name"><para>result</para></entry>
<entry role="parameter_description"><para>A <link linkend="PolkitAuthorizationResult"><type>PolkitAuthorizationResult</type></link>.</para></entry>
<entry role="parameter_annotations"></entry></row>
</tbody></tgroup></informaltable>
</refsect3><refsect3 id="polkit-authorization-result-get-is-authorized.returns" role="returns">
<title>Returns</title>
<para> Whether the subject is authorized.</para>
</refsect3></refsect2>
<refsect2 id="polkit-authorization-result-get-is-challenge" role="function">
<title>polkit_authorization_result_get_is_challenge&#160;()</title>
<indexterm zone="polkit-authorization-result-get-is-challenge"><primary sortas="authorization_result_get_is_challenge">polkit_authorization_result_get_is_challenge</primary></indexterm>
<programlisting language="C"><link linkend="gboolean"><returnvalue>gboolean</returnvalue></link>
polkit_authorization_result_get_is_challenge
                               (<parameter><link linkend="PolkitAuthorizationResult"><type>PolkitAuthorizationResult</type></link> *result</parameter>);</programlisting>
<para>Gets whether the subject is authorized if more information is provided.</para>
<refsect3 id="polkit-authorization-result-get-is-challenge.parameters" role="parameters">
<title>Parameters</title>
<informaltable role="parameters_table" pgwide="1" frame="none">
<tgroup cols="3">
<colspec colname="parameters_name" colwidth="150px"/>
<colspec colname="parameters_description"/>
<colspec colname="parameters_annotations" colwidth="200px"/>
<tbody>
<row><entry role="parameter_name"><para>result</para></entry>
<entry role="parameter_description"><para>A <link linkend="PolkitAuthorizationResult"><type>PolkitAuthorizationResult</type></link>.</para></entry>
<entry role="parameter_annotations"></entry></row>
</tbody></tgroup></informaltable>
</refsect3><refsect3 id="polkit-authorization-result-get-is-challenge.returns" role="returns">
<title>Returns</title>
<para> Whether the subject is authorized if more information is provided.</para>
</refsect3></refsect2>
<refsect2 id="polkit-authorization-result-get-retains-authorization" role="function">
<title>polkit_authorization_result_get_retains_authorization&#160;()</title>
<indexterm zone="polkit-authorization-result-get-retains-authorization"><primary sortas="authorization_result_get_retains_authorization">polkit_authorization_result_get_retains_authorization</primary></indexterm>
<programlisting language="C"><link linkend="gboolean"><returnvalue>gboolean</returnvalue></link>
polkit_authorization_result_get_retains_authorization
                               (<parameter><link linkend="PolkitAuthorizationResult"><type>PolkitAuthorizationResult</type></link> *result</parameter>);</programlisting>
<para>Gets whether authorization is retained if obtained via authentication. This can only be the case
if <parameter>result</parameter>
 indicates that the subject can obtain authorization after challenge (cf.
<link linkend="polkit-authorization-result-get-is-challenge"><function>polkit_authorization_result_get_is_challenge()</function></link>), e.g. when the subject is not already authorized (cf.
<link linkend="polkit-authorization-result-get-is-authorized"><function>polkit_authorization_result_get_is_authorized()</function></link>).</para>
<para>If the subject is already authorized, use <link linkend="polkit-authorization-result-get-temporary-authorization-id"><function>polkit_authorization_result_get_temporary_authorization_id()</function></link>
to check if the authorization is temporary.</para>
<para>This method simply reads the value of the key/value pair in <parameter>details</parameter>
 with the
key <literal>polkit.retains_authorization_after_challenge</literal>.</para>
<refsect3 id="polkit-authorization-result-get-retains-authorization.parameters" role="parameters">
<title>Parameters</title>
<informaltable role="parameters_table" pgwide="1" frame="none">
<tgroup cols="3">
<colspec colname="parameters_name" colwidth="150px"/>
<colspec colname="parameters_description"/>
<colspec colname="parameters_annotations" colwidth="200px"/>
<tbody>
<row><entry role="parameter_name"><para>result</para></entry>
<entry role="parameter_description"><para>A <link linkend="PolkitAuthorizationResult"><type>PolkitAuthorizationResult</type></link>.</para></entry>
<entry role="parameter_annotations"></entry></row>
</tbody></tgroup></informaltable>
</refsect3><refsect3 id="polkit-authorization-result-get-retains-authorization.returns" role="returns">
<title>Returns</title>
<para> <link linkend="TRUE:CAPS"><literal>TRUE</literal></link> if the authorization is or will be temporary.</para>
</refsect3></refsect2>
<refsect2 id="polkit-authorization-result-get-temporary-authorization-id" role="function">
<title>polkit_authorization_result_get_temporary_authorization_id&#160;()</title>
<indexterm zone="polkit-authorization-result-get-temporary-authorization-id"><primary sortas="authorization_result_get_temporary_authorization_id">polkit_authorization_result_get_temporary_authorization_id</primary></indexterm>
<programlisting language="C">const <link linkend="gchar"><returnvalue>gchar</returnvalue></link>&#160;*
polkit_authorization_result_get_temporary_authorization_id
                               (<parameter><link linkend="PolkitAuthorizationResult"><type>PolkitAuthorizationResult</type></link> *result</parameter>);</programlisting>
<para>Gets the opaque temporary authorization id for <parameter>result</parameter>
 if <parameter>result</parameter>
 indicates the
subject is authorized and the authorization is temporary rather than one-shot or
permanent.</para>
<para>You can use this string together with the result from
<link linkend="polkit-authority-enumerate-temporary-authorizations"><function>polkit_authority_enumerate_temporary_authorizations()</function></link> to get more details
about the temporary authorization or <link linkend="polkit-authority-revoke-temporary-authorization-by-id"><function>polkit_authority_revoke_temporary_authorization_by_id()</function></link>
to revoke the temporary authorization.</para>
<para>If the subject is not authorized, use <link linkend="polkit-authorization-result-get-retains-authorization"><function>polkit_authorization_result_get_retains_authorization()</function></link>
to check if the authorization will be retained if obtained via authentication.</para>
<para>This method simply reads the value of the key/value pair in <parameter>details</parameter>
 with the
key <literal>polkit.temporary_authorization_id</literal>.</para>
<refsect3 id="polkit-authorization-result-get-temporary-authorization-id.parameters" role="parameters">
<title>Parameters</title>
<informaltable role="parameters_table" pgwide="1" frame="none">
<tgroup cols="3">
<colspec colname="parameters_name" colwidth="150px"/>
<colspec colname="parameters_description"/>
<colspec colname="parameters_annotations" colwidth="200px"/>
<tbody>
<row><entry role="parameter_name"><para>result</para></entry>
<entry role="parameter_description"><para>A <link linkend="PolkitAuthorizationResult"><type>PolkitAuthorizationResult</type></link>.</para></entry>
<entry role="parameter_annotations"></entry></row>
</tbody></tgroup></informaltable>
</refsect3><refsect3 id="polkit-authorization-result-get-temporary-authorization-id.returns" role="returns">
<title>Returns</title>
<para>The opaque temporary authorization id for
<parameter>result</parameter>
or <link linkend="NULL:CAPS"><literal>NULL</literal></link> if not available. Do not free this string, it
is owned by <parameter>result</parameter>
. </para>
<para><emphasis role="annotation">[<acronym>allow-none</acronym>]</emphasis></para>
</refsect3></refsect2>
<refsect2 id="polkit-authorization-result-get-dismissed" role="function" condition="since:0.101">
<title>polkit_authorization_result_get_dismissed&#160;()</title>
<indexterm zone="polkit-authorization-result-get-dismissed" role="0.101"><primary sortas="authorization_result_get_dismissed">polkit_authorization_result_get_dismissed</primary></indexterm>
<programlisting language="C"><link linkend="gboolean"><returnvalue>gboolean</returnvalue></link>
polkit_authorization_result_get_dismissed
                               (<parameter><link linkend="PolkitAuthorizationResult"><type>PolkitAuthorizationResult</type></link> *result</parameter>);</programlisting>
<para>Gets whether the authentication request was dismissed / canceled by the user.</para>
<para>This method simply reads the value of the key/value pair in <parameter>details</parameter>
 with the
key <literal>polkit.dismissed</literal>.</para>
<refsect3 id="polkit-authorization-result-get-dismissed.parameters" role="parameters">
<title>Parameters</title>
<informaltable role="parameters_table" pgwide="1" frame="none">
<tgroup cols="3">
<colspec colname="parameters_name" colwidth="150px"/>
<colspec colname="parameters_description"/>
<colspec colname="parameters_annotations" colwidth="200px"/>
<tbody>
<row><entry role="parameter_name"><para>result</para></entry>
<entry role="parameter_description"><para>A <link linkend="PolkitAuthorizationResult"><type>PolkitAuthorizationResult</type></link>.</para></entry>
<entry role="parameter_annotations"></entry></row>
</tbody></tgroup></informaltable>
</refsect3><refsect3 id="polkit-authorization-result-get-dismissed.returns" role="returns">
<title>Returns</title>
<para> <link linkend="TRUE:CAPS"><literal>TRUE</literal></link> if the authentication request was dismissed, <link linkend="FALSE:CAPS"><literal>FALSE</literal></link> otherwise.</para>
</refsect3><para role="since">Since: <link linkend="api-index-0.101">0.101</link></para></refsect2>
<refsect2 id="polkit-authorization-result-get-details" role="function">
<title>polkit_authorization_result_get_details&#160;()</title>
<indexterm zone="polkit-authorization-result-get-details"><primary sortas="authorization_result_get_details">polkit_authorization_result_get_details</primary></indexterm>
<programlisting language="C"><link linkend="PolkitDetails"><returnvalue>PolkitDetails</returnvalue></link>&#160;*
polkit_authorization_result_get_details
                               (<parameter><link linkend="PolkitAuthorizationResult"><type>PolkitAuthorizationResult</type></link> *result</parameter>);</programlisting>
<para>Gets the details about the result.</para>
<refsect3 id="polkit-authorization-result-get-details.parameters" role="parameters">
<title>Parameters</title>
<informaltable role="parameters_table" pgwide="1" frame="none">
<tgroup cols="3">
<colspec colname="parameters_name" colwidth="150px"/>
<colspec colname="parameters_description"/>
<colspec colname="parameters_annotations" colwidth="200px"/>
<tbody>
<row><entry role="parameter_name"><para>result</para></entry>
<entry role="parameter_description"><para>A <link linkend="PolkitAuthorizationResult"><type>PolkitAuthorizationResult</type></link>.</para></entry>
<entry role="parameter_annotations"></entry></row>
</tbody></tgroup></informaltable>
</refsect3><refsect3 id="polkit-authorization-result-get-details.returns" role="returns">
<title>Returns</title>
<para>A <link linkend="PolkitDetails"><type>PolkitDetails</type></link> object or
<link linkend="NULL:CAPS"><literal>NULL</literal></link> if there are no details. This object is owned by <parameter>result</parameter>
and
should not be freed by the caller. </para>
<para><emphasis role="annotation">[<acronym>allow-none</acronym>][<acronym>transfer none</acronym>]</emphasis></para>
</refsect3></refsect2>

</refsect1>
<refsect1 id="PolkitAuthorizationResult.other_details" role="details">
<title role="details.title">Types and Values</title>
<refsect2 id="PolkitAuthorizationResult-struct" role="struct">
<title>PolkitAuthorizationResult</title>
<indexterm zone="PolkitAuthorizationResult-struct"><primary sortas="AuthorizationResult">PolkitAuthorizationResult</primary></indexterm>
<programlisting language="C">typedef struct _PolkitAuthorizationResult PolkitAuthorizationResult;</programlisting>
<para>The <link linkend="PolkitAuthorizationResult"><type>PolkitAuthorizationResult</type></link> struct should not be accessed directly.</para>
</refsect2>

</refsect1>

</refentry>
