<?xml version="1.0"?>
<!DOCTYPE refentry PUBLIC "-//OASIS//DTD DocBook XML V4.1.2//EN"
               "http://www.oasis-open.org/docbook/xml/4.1.2/docbookx.dtd" [
<!ENTITY version SYSTEM "../version.xml">
<!ENTITY extensiondir SYSTEM "../extensiondir.xml">
]>
<refentry id="PolkitSubject">
<refmeta>
<refentrytitle role="top_of_page" id="PolkitSubject.top_of_page">PolkitSubject</refentrytitle>
<manvolnum>3</manvolnum>
<refmiscinfo>POLKIT-1 Library</refmiscinfo>
</refmeta>
<refnamediv>
<refname>PolkitSubject</refname>
<refpurpose>Type for representing subjects</refpurpose>
</refnamediv>

<refsect1 id="PolkitSubject.functions" role="functions_proto">
<title role="functions_proto.title">Functions</title>
<informaltable pgwide="1" frame="none">
<tgroup cols="2">
<colspec colname="functions_proto_type" colwidth="150px"/>
<colspec colname="functions_proto_name"/>
<tbody>
<row><entry role="function_type"><link linkend="guint"><returnvalue>guint</returnvalue></link>
</entry><entry role="function_name"><link linkend="polkit-subject-hash">polkit_subject_hash</link>&#160;<phrase role="c_punctuation">()</phrase></entry></row>
<row><entry role="function_type"><link linkend="gboolean"><returnvalue>gboolean</returnvalue></link>
</entry><entry role="function_name"><link linkend="polkit-subject-equal">polkit_subject_equal</link>&#160;<phrase role="c_punctuation">()</phrase></entry></row>
<row><entry role="function_type"><link linkend="void"><returnvalue>void</returnvalue></link>
</entry><entry role="function_name"><link linkend="polkit-subject-exists">polkit_subject_exists</link>&#160;<phrase role="c_punctuation">()</phrase></entry></row>
<row><entry role="function_type"><link linkend="gboolean"><returnvalue>gboolean</returnvalue></link>
</entry><entry role="function_name"><link linkend="polkit-subject-exists-finish">polkit_subject_exists_finish</link>&#160;<phrase role="c_punctuation">()</phrase></entry></row>
<row><entry role="function_type"><link linkend="gboolean"><returnvalue>gboolean</returnvalue></link>
</entry><entry role="function_name"><link linkend="polkit-subject-exists-sync">polkit_subject_exists_sync</link>&#160;<phrase role="c_punctuation">()</phrase></entry></row>
<row><entry role="function_type"><link linkend="gchar"><returnvalue>gchar</returnvalue></link>&#160;*
</entry><entry role="function_name"><link linkend="polkit-subject-to-string">polkit_subject_to_string</link>&#160;<phrase role="c_punctuation">()</phrase></entry></row>
<row><entry role="function_type"><link linkend="PolkitSubject"><returnvalue>PolkitSubject</returnvalue></link>&#160;*
</entry><entry role="function_name"><link linkend="polkit-subject-from-string">polkit_subject_from_string</link>&#160;<phrase role="c_punctuation">()</phrase></entry></row>

</tbody>
</tgroup>
</informaltable>
</refsect1>
<refsect1 id="PolkitSubject.other" role="other_proto">
<title role="other_proto.title">Types and Values</title>
<informaltable pgwide="1" frame="none">
<tgroup cols="2">
<colspec colname="other_proto_type" colwidth="150px"/>
<colspec colname="other_proto_name"/>
<tbody>
<row><entry role="datatype_keyword"></entry><entry role="function_name"><link linkend="PolkitSubject-struct">PolkitSubject</link></entry></row>
<row><entry role="datatype_keyword">struct</entry><entry role="function_name"><link linkend="PolkitSubjectIface">PolkitSubjectIface</link></entry></row>

</tbody>
</tgroup>
</informaltable>
</refsect1>
<refsect1 id="PolkitSubject.object-hierarchy" role="object_hierarchy">
<title role="object_hierarchy.title">Object Hierarchy</title>
<screen>    <link linkend="GInterface">GInterface</link>
    <phrase role="lineart">&#9584;&#9472;&#9472;</phrase> PolkitSubject
</screen>
</refsect1>
<refsect1 id="PolkitSubject.prerequisites" role="prerequisites">
<title role="prerequisites.title">Prerequisites</title>
<para>
PolkitSubject requires
 <link linkend="GObject">GObject</link>.</para>

</refsect1>
<refsect1 id="PolkitSubject.implementations" role="implementations">
<title role="implementations.title">Known Implementations</title>
<para>
PolkitSubject is implemented by
 <link linkend="PolkitSystemBusName">PolkitSystemBusName</link>,  <link linkend="PolkitUnixProcess">PolkitUnixProcess</link> and  <link linkend="PolkitUnixSession">PolkitUnixSession</link>.</para>

</refsect1>


<refsect1 id="PolkitSubject.description" role="desc">
<title role="desc.title">Description</title>
<para><link linkend="PolkitSubject"><type>PolkitSubject</type></link> is an abstract type for representing one or more
processes.</para>

</refsect1>
<refsect1 id="PolkitSubject.functions_details" role="details">
<title role="details.title">Functions</title>
<refsect2 id="polkit-subject-hash" role="function">
<title>polkit_subject_hash&#160;()</title>
<indexterm zone="polkit-subject-hash"><primary sortas="subject_hash">polkit_subject_hash</primary></indexterm>
<programlisting language="C"><link linkend="guint"><returnvalue>guint</returnvalue></link>
polkit_subject_hash (<parameter><link linkend="PolkitSubject"><type>PolkitSubject</type></link> *subject</parameter>);</programlisting>
<para>Gets a hash code for <parameter>subject</parameter>
 that can be used with e.g. <link linkend="g-hash-table-new"><function>g_hash_table_new()</function></link>.</para>
<refsect3 id="polkit-subject-hash.parameters" role="parameters">
<title>Parameters</title>
<informaltable role="parameters_table" pgwide="1" frame="none">
<tgroup cols="3">
<colspec colname="parameters_name" colwidth="150px"/>
<colspec colname="parameters_description"/>
<colspec colname="parameters_annotations" colwidth="200px"/>
<tbody>
<row><entry role="parameter_name"><para>subject</para></entry>
<entry role="parameter_description"><para>A <link linkend="PolkitSubject"><type>PolkitSubject</type></link>.</para></entry>
<entry role="parameter_annotations"></entry></row>
</tbody></tgroup></informaltable>
</refsect3><refsect3 id="polkit-subject-hash.returns" role="returns">
<title>Returns</title>
<para> A hash code.</para>
</refsect3></refsect2>
<refsect2 id="polkit-subject-equal" role="function">
<title>polkit_subject_equal&#160;()</title>
<indexterm zone="polkit-subject-equal"><primary sortas="subject_equal">polkit_subject_equal</primary></indexterm>
<programlisting language="C"><link linkend="gboolean"><returnvalue>gboolean</returnvalue></link>
polkit_subject_equal (<parameter><link linkend="PolkitSubject"><type>PolkitSubject</type></link> *a</parameter>,
                      <parameter><link linkend="PolkitSubject"><type>PolkitSubject</type></link> *b</parameter>);</programlisting>
<para>Checks if <parameter>a</parameter>
 and <parameter>b</parameter>
 are equal, ie. represent the same subject.
However, avoid calling <link linkend="polkit-subject-equal"><function>polkit_subject_equal()</function></link> to compare two processes;
for more information see the <literal>PolkitUnixProcess</literal> documentation.</para>
<para>This function can be used in e.g. <link linkend="g-hash-table-new"><function>g_hash_table_new()</function></link>.</para>
<refsect3 id="polkit-subject-equal.parameters" role="parameters">
<title>Parameters</title>
<informaltable role="parameters_table" pgwide="1" frame="none">
<tgroup cols="3">
<colspec colname="parameters_name" colwidth="150px"/>
<colspec colname="parameters_description"/>
<colspec colname="parameters_annotations" colwidth="200px"/>
<tbody>
<row><entry role="parameter_name"><para>a</para></entry>
<entry role="parameter_description"><para>A <link linkend="PolkitSubject"><type>PolkitSubject</type></link>.</para></entry>
<entry role="parameter_annotations"></entry></row>
<row><entry role="parameter_name"><para>b</para></entry>
<entry role="parameter_description"><para>A <link linkend="PolkitSubject"><type>PolkitSubject</type></link>.</para></entry>
<entry role="parameter_annotations"></entry></row>
</tbody></tgroup></informaltable>
</refsect3><refsect3 id="polkit-subject-equal.returns" role="returns">
<title>Returns</title>
<para> <link linkend="TRUE:CAPS"><literal>TRUE</literal></link> if <parameter>a</parameter>
and <parameter>b</parameter>
are equal, <link linkend="FALSE:CAPS"><literal>FALSE</literal></link> otherwise.</para>
</refsect3></refsect2>
<refsect2 id="polkit-subject-exists" role="function">
<title>polkit_subject_exists&#160;()</title>
<indexterm zone="polkit-subject-exists"><primary sortas="subject_exists">polkit_subject_exists</primary></indexterm>
<programlisting language="C"><link linkend="void"><returnvalue>void</returnvalue></link>
polkit_subject_exists (<parameter><link linkend="PolkitSubject"><type>PolkitSubject</type></link> *subject</parameter>,
                       <parameter><link linkend="GCancellable"><type>GCancellable</type></link> *cancellable</parameter>,
                       <parameter><link linkend="GAsyncReadyCallback"><type>GAsyncReadyCallback</type></link> callback</parameter>,
                       <parameter><link linkend="gpointer"><type>gpointer</type></link> user_data</parameter>);</programlisting>
<para>Asynchronously checks if <parameter>subject</parameter>
 exists.</para>
<para>When the operation is finished, <parameter>callback</parameter>
 will be invoked in the</para>
<link linkend="g-main-context-push-thread-default">thread-default
main loop</link> of the thread you are calling this method
<para>from. You can then call <link linkend="polkit-subject-exists-finish"><function>polkit_subject_exists_finish()</function></link> to get the
result of the operation.</para>
<refsect3 id="polkit-subject-exists.parameters" role="parameters">
<title>Parameters</title>
<informaltable role="parameters_table" pgwide="1" frame="none">
<tgroup cols="3">
<colspec colname="parameters_name" colwidth="150px"/>
<colspec colname="parameters_description"/>
<colspec colname="parameters_annotations" colwidth="200px"/>
<tbody>
<row><entry role="parameter_name"><para>subject</para></entry>
<entry role="parameter_description"><para>A <link linkend="PolkitSubject"><type>PolkitSubject</type></link>.</para></entry>
<entry role="parameter_annotations"></entry></row>
<row><entry role="parameter_name"><para>cancellable</para></entry>
<entry role="parameter_description"><para>A <link linkend="GCancellable"><type>GCancellable</type></link> or <link linkend="NULL:CAPS"><literal>NULL</literal></link>. </para></entry>
<entry role="parameter_annotations"><emphasis role="annotation">[<acronym>allow-none</acronym>]</emphasis></entry></row>
<row><entry role="parameter_name"><para>callback</para></entry>
<entry role="parameter_description"><para>A <link linkend="GAsyncReadyCallback"><type>GAsyncReadyCallback</type></link> to call when the request is satisfied</para></entry>
<entry role="parameter_annotations"></entry></row>
<row><entry role="parameter_name"><para>user_data</para></entry>
<entry role="parameter_description"><para>The data to pass to <parameter>callback</parameter>
.</para></entry>
<entry role="parameter_annotations"></entry></row>
</tbody></tgroup></informaltable>
</refsect3></refsect2>
<refsect2 id="polkit-subject-exists-finish" role="function">
<title>polkit_subject_exists_finish&#160;()</title>
<indexterm zone="polkit-subject-exists-finish"><primary sortas="subject_exists_finish">polkit_subject_exists_finish</primary></indexterm>
<programlisting language="C"><link linkend="gboolean"><returnvalue>gboolean</returnvalue></link>
polkit_subject_exists_finish (<parameter><link linkend="PolkitSubject"><type>PolkitSubject</type></link> *subject</parameter>,
                              <parameter><link linkend="GAsyncResult"><type>GAsyncResult</type></link> *res</parameter>,
                              <parameter><link linkend="GError"><type>GError</type></link> **error</parameter>);</programlisting>
<para>Finishes checking whether a subject exists.</para>
<refsect3 id="polkit-subject-exists-finish.parameters" role="parameters">
<title>Parameters</title>
<informaltable role="parameters_table" pgwide="1" frame="none">
<tgroup cols="3">
<colspec colname="parameters_name" colwidth="150px"/>
<colspec colname="parameters_description"/>
<colspec colname="parameters_annotations" colwidth="200px"/>
<tbody>
<row><entry role="parameter_name"><para>subject</para></entry>
<entry role="parameter_description"><para>A <link linkend="PolkitSubject"><type>PolkitSubject</type></link>.</para></entry>
<entry role="parameter_annotations"></entry></row>
<row><entry role="parameter_name"><para>res</para></entry>
<entry role="parameter_description"><para>A <link linkend="GAsyncResult"><type>GAsyncResult</type></link> obtained from the <link linkend="GAsyncReadyCallback"><type>GAsyncReadyCallback</type></link> passed to <link linkend="polkit-subject-exists"><function>polkit_subject_exists()</function></link>.</para></entry>
<entry role="parameter_annotations"></entry></row>
<row><entry role="parameter_name"><para>error</para></entry>
<entry role="parameter_description"><para>Return location for error or <link linkend="NULL:CAPS"><literal>NULL</literal></link>. </para></entry>
<entry role="parameter_annotations"><emphasis role="annotation">[<acronym>allow-none</acronym>]</emphasis></entry></row>
</tbody></tgroup></informaltable>
</refsect3><refsect3 id="polkit-subject-exists-finish.returns" role="returns">
<title>Returns</title>
<para> <link linkend="TRUE:CAPS"><literal>TRUE</literal></link> if the subject exists, <link linkend="FALSE:CAPS"><literal>FALSE</literal></link> if not or <parameter>error</parameter>
is set.</para>
</refsect3></refsect2>
<refsect2 id="polkit-subject-exists-sync" role="function">
<title>polkit_subject_exists_sync&#160;()</title>
<indexterm zone="polkit-subject-exists-sync"><primary sortas="subject_exists_sync">polkit_subject_exists_sync</primary></indexterm>
<programlisting language="C"><link linkend="gboolean"><returnvalue>gboolean</returnvalue></link>
polkit_subject_exists_sync (<parameter><link linkend="PolkitSubject"><type>PolkitSubject</type></link> *subject</parameter>,
                            <parameter><link linkend="GCancellable"><type>GCancellable</type></link> *cancellable</parameter>,
                            <parameter><link linkend="GError"><type>GError</type></link> **error</parameter>);</programlisting>
<para>Checks if <parameter>subject</parameter>
 exists.</para>
<para>This is a synchronous blocking call - the calling thread is blocked
until a reply is received. See <link linkend="polkit-subject-exists"><function>polkit_subject_exists()</function></link> for the
asynchronous version.</para>
<refsect3 id="polkit-subject-exists-sync.parameters" role="parameters">
<title>Parameters</title>
<informaltable role="parameters_table" pgwide="1" frame="none">
<tgroup cols="3">
<colspec colname="parameters_name" colwidth="150px"/>
<colspec colname="parameters_description"/>
<colspec colname="parameters_annotations" colwidth="200px"/>
<tbody>
<row><entry role="parameter_name"><para>subject</para></entry>
<entry role="parameter_description"><para>A <link linkend="PolkitSubject"><type>PolkitSubject</type></link>.</para></entry>
<entry role="parameter_annotations"></entry></row>
<row><entry role="parameter_name"><para>cancellable</para></entry>
<entry role="parameter_description"><para>A <link linkend="GCancellable"><type>GCancellable</type></link> or <link linkend="NULL:CAPS"><literal>NULL</literal></link>. </para></entry>
<entry role="parameter_annotations"><emphasis role="annotation">[<acronym>allow-none</acronym>]</emphasis></entry></row>
<row><entry role="parameter_name"><para>error</para></entry>
<entry role="parameter_description"><para>Return location for error or <link linkend="NULL:CAPS"><literal>NULL</literal></link>. </para></entry>
<entry role="parameter_annotations"><emphasis role="annotation">[<acronym>allow-none</acronym>]</emphasis></entry></row>
</tbody></tgroup></informaltable>
</refsect3><refsect3 id="polkit-subject-exists-sync.returns" role="returns">
<title>Returns</title>
<para> <link linkend="TRUE:CAPS"><literal>TRUE</literal></link> if the subject exists, <link linkend="FALSE:CAPS"><literal>FALSE</literal></link> if not or <parameter>error</parameter>
is set.</para>
</refsect3></refsect2>
<refsect2 id="polkit-subject-to-string" role="function">
<title>polkit_subject_to_string&#160;()</title>
<indexterm zone="polkit-subject-to-string"><primary sortas="subject_to_string">polkit_subject_to_string</primary></indexterm>
<programlisting language="C"><link linkend="gchar"><returnvalue>gchar</returnvalue></link>&#160;*
polkit_subject_to_string (<parameter><link linkend="PolkitSubject"><type>PolkitSubject</type></link> *subject</parameter>);</programlisting>
<para>Serializes <parameter>subject</parameter>
 to a string that can be used in
<link linkend="polkit-subject-from-string"><function>polkit_subject_from_string()</function></link>.</para>
<refsect3 id="polkit-subject-to-string.parameters" role="parameters">
<title>Parameters</title>
<informaltable role="parameters_table" pgwide="1" frame="none">
<tgroup cols="3">
<colspec colname="parameters_name" colwidth="150px"/>
<colspec colname="parameters_description"/>
<colspec colname="parameters_annotations" colwidth="200px"/>
<tbody>
<row><entry role="parameter_name"><para>subject</para></entry>
<entry role="parameter_description"><para>A <link linkend="PolkitSubject"><type>PolkitSubject</type></link>.</para></entry>
<entry role="parameter_annotations"></entry></row>
</tbody></tgroup></informaltable>
</refsect3><refsect3 id="polkit-subject-to-string.returns" role="returns">
<title>Returns</title>
<para> A string representing <parameter>subject</parameter>
. Free with <link linkend="g-free"><function>g_free()</function></link>.</para>
</refsect3></refsect2>
<refsect2 id="polkit-subject-from-string" role="function">
<title>polkit_subject_from_string&#160;()</title>
<indexterm zone="polkit-subject-from-string"><primary sortas="subject_from_string">polkit_subject_from_string</primary></indexterm>
<programlisting language="C"><link linkend="PolkitSubject"><returnvalue>PolkitSubject</returnvalue></link>&#160;*
polkit_subject_from_string (<parameter>const <link linkend="gchar"><type>gchar</type></link> *str</parameter>,
                            <parameter><link linkend="GError"><type>GError</type></link> **error</parameter>);</programlisting>
<para>Creates an object from <parameter>str</parameter>
 that implements the <link linkend="PolkitSubject"><type>PolkitSubject</type></link>
interface.</para>
<refsect3 id="polkit-subject-from-string.parameters" role="parameters">
<title>Parameters</title>
<informaltable role="parameters_table" pgwide="1" frame="none">
<tgroup cols="3">
<colspec colname="parameters_name" colwidth="150px"/>
<colspec colname="parameters_description"/>
<colspec colname="parameters_annotations" colwidth="200px"/>
<tbody>
<row><entry role="parameter_name"><para>str</para></entry>
<entry role="parameter_description"><para>A string obtained from <link linkend="polkit-subject-to-string"><function>polkit_subject_to_string()</function></link>.</para></entry>
<entry role="parameter_annotations"></entry></row>
<row><entry role="parameter_name"><para>error</para></entry>
<entry role="parameter_description"><para>Return location for error or <link linkend="NULL:CAPS"><literal>NULL</literal></link>. </para></entry>
<entry role="parameter_annotations"><emphasis role="annotation">[<acronym>allow-none</acronym>]</emphasis></entry></row>
</tbody></tgroup></informaltable>
</refsect3><refsect3 id="polkit-subject-from-string.returns" role="returns">
<title>Returns</title>
<para>A <link linkend="PolkitSubject"><type>PolkitSubject</type></link> or <link linkend="NULL:CAPS"><literal>NULL</literal></link> if <parameter>error</parameter>
is
set. Free with <link linkend="g-object-unref"><function>g_object_unref()</function></link>. </para>
<para><emphasis role="annotation">[<acronym>transfer full</acronym>]</emphasis></para>
</refsect3></refsect2>

</refsect1>
<refsect1 id="PolkitSubject.other_details" role="details">
<title role="details.title">Types and Values</title>
<refsect2 id="PolkitSubject-struct" role="struct">
<title>PolkitSubject</title>
<indexterm zone="PolkitSubject-struct"><primary sortas="Subject">PolkitSubject</primary></indexterm>
<programlisting language="C">typedef struct _PolkitSubject PolkitSubject;</programlisting>
<para>Generic type for all objects that can be used as subjects.</para>
</refsect2>
<refsect2 id="PolkitSubjectIface" role="struct">
<title>struct PolkitSubjectIface</title>
<indexterm zone="PolkitSubjectIface"><primary sortas="SubjectIface">PolkitSubjectIface</primary></indexterm>
<programlisting language="C">struct PolkitSubjectIface {
  GTypeInterface parent_iface;

  guint    (*hash)          (PolkitSubject       *subject);

  gboolean (*equal)         (PolkitSubject       *a,
                             PolkitSubject       *b);

  gchar *  (*to_string)     (PolkitSubject       *subject);

  void     (*exists)        (PolkitSubject       *subject,
                             GCancellable        *cancellable,
                             GAsyncReadyCallback  callback,
                             gpointer             user_data);

  gboolean (*exists_finish) (PolkitSubject       *subject,
                             GAsyncResult        *res,
                             GError             **error);

  gboolean (*exists_sync)   (PolkitSubject       *subject,
                             GCancellable        *cancellable,
                             GError             **error);
};
</programlisting>
<para>An interface for subjects.</para>
<refsect3 id="PolkitSubjectIface.members" role="struct_members">
<title>Members</title>
<informaltable role="struct_members_table" pgwide="1" frame="none">
<tgroup cols="3">
<colspec colname="struct_members_name" colwidth="300px"/>
<colspec colname="struct_members_description"/>
<colspec colname="struct_members_annotations" colwidth="200px"/>
<tbody>
<row role="member"><entry role="struct_member_name"><para><link linkend="GTypeInterface"><type>GTypeInterface</type></link>&#160;<structfield id="PolkitSubjectIface.parent-iface">parent_iface</structfield>;</para></entry>
<entry role="struct_member_description"><para>The parent interface.</para></entry>
<entry role="struct_member_annotations"></entry>
</row>
<row role="member"><entry role="struct_member_name"><para><structfield id="PolkitSubjectIface.hash">hash</structfield>&#160;()</para></entry>
<entry role="struct_member_description"><para>Gets a hash value for a <link linkend="PolkitSubject"><type>PolkitSubject</type></link>.</para></entry>
<entry role="struct_member_annotations"></entry>
</row>
<row role="member"><entry role="struct_member_name"><para><structfield id="PolkitSubjectIface.equal">equal</structfield>&#160;()</para></entry>
<entry role="struct_member_description"><para>Checks if two <link linkend="PolkitSubject"><type>PolkitSubject</type></link><!-- -->s are equal.</para></entry>
<entry role="struct_member_annotations"></entry>
</row>
<row role="member"><entry role="struct_member_name"><para><structfield id="PolkitSubjectIface.to-string">to_string</structfield>&#160;()</para></entry>
<entry role="struct_member_description"><para>Serializes a <link linkend="PolkitSubject"><type>PolkitSubject</type></link> to a string that can be
used in <link linkend="polkit-subject-from-string"><function>polkit_subject_from_string()</function></link>.</para></entry>
<entry role="struct_member_annotations"></entry>
</row>
<row role="member"><entry role="struct_member_name"><para><structfield id="PolkitSubjectIface.exists">exists</structfield>&#160;()</para></entry>
<entry role="struct_member_description"><para>Asynchronously check if a <link linkend="PolkitSubject"><type>PolkitSubject</type></link> exists.</para></entry>
<entry role="struct_member_annotations"></entry>
</row>
<row role="member"><entry role="struct_member_name"><para><structfield id="PolkitSubjectIface.exists-finish">exists_finish</structfield>&#160;()</para></entry>
<entry role="struct_member_description"><para>Finishes checking if a <link linkend="PolkitSubject"><type>PolkitSubject</type></link> exists.</para></entry>
<entry role="struct_member_annotations"></entry>
</row>
<row role="member"><entry role="struct_member_name"><para><structfield id="PolkitSubjectIface.exists-sync">exists_sync</structfield>&#160;()</para></entry>
<entry role="struct_member_description"><para>Synchronously check if a <link linkend="PolkitSubject"><type>PolkitSubject</type></link> exists.</para></entry>
<entry role="struct_member_annotations"></entry>
</row>
</tbody></tgroup></informaltable>
</refsect3>
</refsect2>

</refsect1>

</refentry>
