<?xml version="1.0"?>
<!DOCTYPE refentry PUBLIC "-//OASIS//DTD DocBook XML V4.1.2//EN"
               "http://www.oasis-open.org/docbook/xml/4.1.2/docbookx.dtd" [
<!ENTITY version SYSTEM "../version.xml">
<!ENTITY extensiondir SYSTEM "../extensiondir.xml">
]>
<refentry id="PolkitSystemBusName">
<refmeta>
<refentrytitle role="top_of_page" id="PolkitSystemBusName.top_of_page">PolkitSystemBusName</refentrytitle>
<manvolnum>3</manvolnum>
<refmiscinfo>POLKIT-1 Library</refmiscinfo>
</refmeta>
<refnamediv>
<refname>PolkitSystemBusName</refname>
<refpurpose>Unique system bus names</refpurpose>
</refnamediv>

<refsect1 id="PolkitSystemBusName.functions" role="functions_proto">
<title role="functions_proto.title">Functions</title>
<informaltable pgwide="1" frame="none">
<tgroup cols="2">
<colspec colname="functions_proto_type" colwidth="150px"/>
<colspec colname="functions_proto_name"/>
<tbody>
<row><entry role="function_type"><link linkend="PolkitSubject"><returnvalue>PolkitSubject</returnvalue></link>&#160;*
</entry><entry role="function_name"><link linkend="polkit-system-bus-name-new">polkit_system_bus_name_new</link>&#160;<phrase role="c_punctuation">()</phrase></entry></row>
<row><entry role="function_type">const <link linkend="gchar"><returnvalue>gchar</returnvalue></link>&#160;*
</entry><entry role="function_name"><link linkend="polkit-system-bus-name-get-name">polkit_system_bus_name_get_name</link>&#160;<phrase role="c_punctuation">()</phrase></entry></row>
<row><entry role="function_type"><link linkend="void"><returnvalue>void</returnvalue></link>
</entry><entry role="function_name"><link linkend="polkit-system-bus-name-set-name">polkit_system_bus_name_set_name</link>&#160;<phrase role="c_punctuation">()</phrase></entry></row>
<row><entry role="function_type"><link linkend="PolkitSubject"><returnvalue>PolkitSubject</returnvalue></link>&#160;*
</entry><entry role="function_name"><link linkend="polkit-system-bus-name-get-process-sync">polkit_system_bus_name_get_process_sync</link>&#160;<phrase role="c_punctuation">()</phrase></entry></row>

</tbody>
</tgroup>
</informaltable>
</refsect1>
<refsect1 id="PolkitSystemBusName.properties" role="properties">
<title role="properties.title">Properties</title>
<informaltable frame="none">
<tgroup cols="3">
<colspec colname="properties_type" colwidth="150px"/>
<colspec colname="properties_name" colwidth="300px"/>
<colspec colname="properties_flags" colwidth="200px"/>
<tbody>
<row><entry role="property_type"><link linkend="char"><type>char</type></link>&#160;*</entry><entry role="property_name"><link linkend="PolkitSystemBusName--name">name</link></entry><entry role="property_flags">Read / Write / Construct</entry></row>

</tbody>
</tgroup>
</informaltable>
</refsect1>
<refsect1 id="PolkitSystemBusName.other" role="other_proto">
<title role="other_proto.title">Types and Values</title>
<informaltable pgwide="1" frame="none">
<tgroup cols="2">
<colspec colname="other_proto_type" colwidth="150px"/>
<colspec colname="other_proto_name"/>
<tbody>
<row><entry role="datatype_keyword"></entry><entry role="function_name"><link linkend="PolkitSystemBusName-struct">PolkitSystemBusName</link></entry></row>

</tbody>
</tgroup>
</informaltable>
</refsect1>
<refsect1 id="PolkitSystemBusName.object-hierarchy" role="object_hierarchy">
<title role="object_hierarchy.title">Object Hierarchy</title>
<screen>    <link linkend="GObject">GObject</link>
    <phrase role="lineart">&#9584;&#9472;&#9472;</phrase> PolkitSystemBusName
</screen>
</refsect1>
<refsect1 id="PolkitSystemBusName.implemented-interfaces" role="impl_interfaces">
<title role="impl_interfaces.title">Implemented Interfaces</title>
<para>
PolkitSystemBusName implements
 <link linkend="PolkitSubject">PolkitSubject</link>.</para>

</refsect1>


<refsect1 id="PolkitSystemBusName.description" role="desc">
<title role="desc.title">Description</title>
<para>An object that represents a process owning a unique name on the system bus.</para>

</refsect1>
<refsect1 id="PolkitSystemBusName.functions_details" role="details">
<title role="details.title">Functions</title>
<refsect2 id="polkit-system-bus-name-new" role="function">
<title>polkit_system_bus_name_new&#160;()</title>
<indexterm zone="polkit-system-bus-name-new"><primary sortas="system_bus_name_new">polkit_system_bus_name_new</primary></indexterm>
<programlisting language="C"><link linkend="PolkitSubject"><returnvalue>PolkitSubject</returnvalue></link>&#160;*
polkit_system_bus_name_new (<parameter>const <link linkend="gchar"><type>gchar</type></link> *name</parameter>);</programlisting>
<para>Creates a new <link linkend="PolkitSystemBusName"><type>PolkitSystemBusName</type></link> for <parameter>name</parameter>
.</para>
<refsect3 id="polkit-system-bus-name-new.parameters" role="parameters">
<title>Parameters</title>
<informaltable role="parameters_table" pgwide="1" frame="none">
<tgroup cols="3">
<colspec colname="parameters_name" colwidth="150px"/>
<colspec colname="parameters_description"/>
<colspec colname="parameters_annotations" colwidth="200px"/>
<tbody>
<row><entry role="parameter_name"><para>name</para></entry>
<entry role="parameter_description"><para>A unique system bus name.</para></entry>
<entry role="parameter_annotations"></entry></row>
</tbody></tgroup></informaltable>
</refsect3><refsect3 id="polkit-system-bus-name-new.returns" role="returns">
<title>Returns</title>
<para>A <link linkend="PolkitSystemBusName"><type>PolkitSystemBusName</type></link>. Free with <link linkend="g-object-unref"><function>g_object_unref()</function></link>. </para>
<para><emphasis role="annotation">[<acronym>transfer full</acronym>]</emphasis></para>
</refsect3></refsect2>
<refsect2 id="polkit-system-bus-name-get-name" role="function">
<title>polkit_system_bus_name_get_name&#160;()</title>
<indexterm zone="polkit-system-bus-name-get-name"><primary sortas="system_bus_name_get_name">polkit_system_bus_name_get_name</primary></indexterm>
<programlisting language="C">const <link linkend="gchar"><returnvalue>gchar</returnvalue></link>&#160;*
polkit_system_bus_name_get_name (<parameter><link linkend="PolkitSystemBusName"><type>PolkitSystemBusName</type></link> *system_bus_name</parameter>);</programlisting>
<para>Gets the unique system bus name for <parameter>system_bus_name</parameter>
.</para>
<refsect3 id="polkit-system-bus-name-get-name.parameters" role="parameters">
<title>Parameters</title>
<informaltable role="parameters_table" pgwide="1" frame="none">
<tgroup cols="3">
<colspec colname="parameters_name" colwidth="150px"/>
<colspec colname="parameters_description"/>
<colspec colname="parameters_annotations" colwidth="200px"/>
<tbody>
<row><entry role="parameter_name"><para>system_bus_name</para></entry>
<entry role="parameter_description"><para>A <link linkend="PolkitSystemBusName"><type>PolkitSystemBusName</type></link>.</para></entry>
<entry role="parameter_annotations"></entry></row>
</tbody></tgroup></informaltable>
</refsect3><refsect3 id="polkit-system-bus-name-get-name.returns" role="returns">
<title>Returns</title>
<para> The unique system bus name for <parameter>system_bus_name</parameter>
. Do not
free, this string is owned by <parameter>system_bus_name</parameter>
.</para>
</refsect3></refsect2>
<refsect2 id="polkit-system-bus-name-set-name" role="function">
<title>polkit_system_bus_name_set_name&#160;()</title>
<indexterm zone="polkit-system-bus-name-set-name"><primary sortas="system_bus_name_set_name">polkit_system_bus_name_set_name</primary></indexterm>
<programlisting language="C"><link linkend="void"><returnvalue>void</returnvalue></link>
polkit_system_bus_name_set_name (<parameter><link linkend="PolkitSystemBusName"><type>PolkitSystemBusName</type></link> *system_bus_name</parameter>,
                                 <parameter>const <link linkend="gchar"><type>gchar</type></link> *name</parameter>);</programlisting>
<para>Sets the unique system bus name for <parameter>system_bus_name</parameter>
.</para>
<refsect3 id="polkit-system-bus-name-set-name.parameters" role="parameters">
<title>Parameters</title>
<informaltable role="parameters_table" pgwide="1" frame="none">
<tgroup cols="3">
<colspec colname="parameters_name" colwidth="150px"/>
<colspec colname="parameters_description"/>
<colspec colname="parameters_annotations" colwidth="200px"/>
<tbody>
<row><entry role="parameter_name"><para>system_bus_name</para></entry>
<entry role="parameter_description"><para>A <link linkend="PolkitSystemBusName"><type>PolkitSystemBusName</type></link>.</para></entry>
<entry role="parameter_annotations"></entry></row>
<row><entry role="parameter_name"><para>name</para></entry>
<entry role="parameter_description"><para>A unique system bus name.</para></entry>
<entry role="parameter_annotations"></entry></row>
</tbody></tgroup></informaltable>
</refsect3></refsect2>
<refsect2 id="polkit-system-bus-name-get-process-sync" role="function">
<title>polkit_system_bus_name_get_process_sync&#160;()</title>
<indexterm zone="polkit-system-bus-name-get-process-sync"><primary sortas="system_bus_name_get_process_sync">polkit_system_bus_name_get_process_sync</primary></indexterm>
<programlisting language="C"><link linkend="PolkitSubject"><returnvalue>PolkitSubject</returnvalue></link>&#160;*
polkit_system_bus_name_get_process_sync
                               (<parameter><link linkend="PolkitSystemBusName"><type>PolkitSystemBusName</type></link> *system_bus_name</parameter>,
                                <parameter><link linkend="GCancellable"><type>GCancellable</type></link> *cancellable</parameter>,
                                <parameter><link linkend="GError"><type>GError</type></link> **error</parameter>);</programlisting>
<para>Synchronously gets a <link linkend="PolkitUnixProcess"><type>PolkitUnixProcess</type></link> object for <parameter>system_bus_name</parameter>
</para>
<itemizedlist>
<listitem><para>the calling thread is blocked until a reply is received.</para></listitem>
</itemizedlist>
<refsect3 id="polkit-system-bus-name-get-process-sync.parameters" role="parameters">
<title>Parameters</title>
<informaltable role="parameters_table" pgwide="1" frame="none">
<tgroup cols="3">
<colspec colname="parameters_name" colwidth="150px"/>
<colspec colname="parameters_description"/>
<colspec colname="parameters_annotations" colwidth="200px"/>
<tbody>
<row><entry role="parameter_name"><para>system_bus_name</para></entry>
<entry role="parameter_description"><para>A <link linkend="PolkitSystemBusName"><type>PolkitSystemBusName</type></link>.</para></entry>
<entry role="parameter_annotations"></entry></row>
<row><entry role="parameter_name"><para>cancellable</para></entry>
<entry role="parameter_description"><para>A <link linkend="GCancellable"><type>GCancellable</type></link> or <link linkend="NULL:CAPS"><literal>NULL</literal></link>. </para></entry>
<entry role="parameter_annotations"><emphasis role="annotation">[<acronym>allow-none</acronym>]</emphasis></entry></row>
<row><entry role="parameter_name"><para>error</para></entry>
<entry role="parameter_description"><para>Return location for error or <link linkend="NULL:CAPS"><literal>NULL</literal></link>. </para></entry>
<entry role="parameter_annotations"><emphasis role="annotation">[<acronym>allow-none</acronym>]</emphasis></entry></row>
</tbody></tgroup></informaltable>
</refsect3><refsect3 id="polkit-system-bus-name-get-process-sync.returns" role="returns">
<title>Returns</title>
<para>A <link linkend="PolkitUnixProcess"><type>PolkitUnixProcess</type></link> object or <link linkend="NULL:CAPS"><literal>NULL</literal></link> if <parameter>error</parameter>
is set. </para>
<para><emphasis role="annotation">[<acronym>allow-none</acronym>][<acronym>transfer full</acronym>]</emphasis></para>
</refsect3></refsect2>

</refsect1>
<refsect1 id="PolkitSystemBusName.other_details" role="details">
<title role="details.title">Types and Values</title>
<refsect2 id="PolkitSystemBusName-struct" role="struct">
<title>PolkitSystemBusName</title>
<indexterm zone="PolkitSystemBusName-struct"><primary sortas="SystemBusName">PolkitSystemBusName</primary></indexterm>
<programlisting language="C">typedef struct _PolkitSystemBusName PolkitSystemBusName;</programlisting>
</refsect2>

</refsect1>
<refsect1 id="PolkitSystemBusName.property-details" role="property_details">
<title role="property_details.title">Property Details</title>
<refsect2 id="PolkitSystemBusName--name" role="property"><title>The <literal>“name”</literal> property</title>
<indexterm zone="PolkitSystemBusName--name"><primary sortas="SystemBusName:name">PolkitSystemBusName:name</primary></indexterm>
<programlisting>  “name”                     <link linkend="char"><type>char</type></link>&#160;*</programlisting>
<para>The unique name on the system message bus.</para>
<para>Owner: PolkitSystemBusName</para>
<para>Flags: Read / Write / Construct</para>
<para>Default value: NULL</para>
</refsect2>

</refsect1>

</refentry>
