<?xml version="1.0"?>
<!DOCTYPE refentry PUBLIC "-//OASIS//DTD DocBook XML V4.1.2//EN"
               "http://www.oasis-open.org/docbook/xml/4.1.2/docbookx.dtd" [
<!ENTITY version SYSTEM "../version.xml">
<!ENTITY extensiondir SYSTEM "../extensiondir.xml">
]>
<refentry id="PolkitUnixNetgroup">
<refmeta>
<refentrytitle role="top_of_page" id="PolkitUnixNetgroup.top_of_page">PolkitUnixNetgroup</refentrytitle>
<manvolnum>3</manvolnum>
<refmiscinfo>POLKIT-1 Library</refmiscinfo>
</refmeta>
<refnamediv>
<refname>PolkitUnixNetgroup</refname>
<refpurpose>Unix netgroups</refpurpose>
</refnamediv>

<refsect1 id="PolkitUnixNetgroup.functions" role="functions_proto">
<title role="functions_proto.title">Functions</title>
<informaltable pgwide="1" frame="none">
<tgroup cols="2">
<colspec colname="functions_proto_type" colwidth="150px"/>
<colspec colname="functions_proto_name"/>
<tbody>
<row><entry role="function_type"><link linkend="PolkitIdentity"><returnvalue>PolkitIdentity</returnvalue></link>&#160;*
</entry><entry role="function_name"><link linkend="polkit-unix-netgroup-new">polkit_unix_netgroup_new</link>&#160;<phrase role="c_punctuation">()</phrase></entry></row>
<row><entry role="function_type">const <link linkend="gchar"><returnvalue>gchar</returnvalue></link>&#160;*
</entry><entry role="function_name"><link linkend="polkit-unix-netgroup-get-name">polkit_unix_netgroup_get_name</link>&#160;<phrase role="c_punctuation">()</phrase></entry></row>
<row><entry role="function_type"><link linkend="void"><returnvalue>void</returnvalue></link>
</entry><entry role="function_name"><link linkend="polkit-unix-netgroup-set-name">polkit_unix_netgroup_set_name</link>&#160;<phrase role="c_punctuation">()</phrase></entry></row>

</tbody>
</tgroup>
</informaltable>
</refsect1>
<refsect1 id="PolkitUnixNetgroup.properties" role="properties">
<title role="properties.title">Properties</title>
<informaltable frame="none">
<tgroup cols="3">
<colspec colname="properties_type" colwidth="150px"/>
<colspec colname="properties_name" colwidth="300px"/>
<colspec colname="properties_flags" colwidth="200px"/>
<tbody>
<row><entry role="property_type"><link linkend="char"><type>char</type></link>&#160;*</entry><entry role="property_name"><link linkend="PolkitUnixNetgroup--name">name</link></entry><entry role="property_flags">Read / Write / Construct</entry></row>

</tbody>
</tgroup>
</informaltable>
</refsect1>
<refsect1 id="PolkitUnixNetgroup.other" role="other_proto">
<title role="other_proto.title">Types and Values</title>
<informaltable pgwide="1" frame="none">
<tgroup cols="2">
<colspec colname="other_proto_type" colwidth="150px"/>
<colspec colname="other_proto_name"/>
<tbody>
<row><entry role="datatype_keyword"></entry><entry role="function_name"><link linkend="PolkitUnixNetgroup-struct">PolkitUnixNetgroup</link></entry></row>

</tbody>
</tgroup>
</informaltable>
</refsect1>
<refsect1 id="PolkitUnixNetgroup.object-hierarchy" role="object_hierarchy">
<title role="object_hierarchy.title">Object Hierarchy</title>
<screen>    <link linkend="GObject">GObject</link>
    <phrase role="lineart">&#9584;&#9472;&#9472;</phrase> PolkitUnixNetgroup
</screen>
</refsect1>
<refsect1 id="PolkitUnixNetgroup.implemented-interfaces" role="impl_interfaces">
<title role="impl_interfaces.title">Implemented Interfaces</title>
<para>
PolkitUnixNetgroup implements
 <link linkend="PolkitIdentity">PolkitIdentity</link>.</para>

</refsect1>


<refsect1 id="PolkitUnixNetgroup.description" role="desc">
<title role="desc.title">Description</title>
<para>An object representing a netgroup identity on a UNIX system.</para>

</refsect1>
<refsect1 id="PolkitUnixNetgroup.functions_details" role="details">
<title role="details.title">Functions</title>
<refsect2 id="polkit-unix-netgroup-new" role="function">
<title>polkit_unix_netgroup_new&#160;()</title>
<indexterm zone="polkit-unix-netgroup-new"><primary sortas="unix_netgroup_new">polkit_unix_netgroup_new</primary></indexterm>
<programlisting language="C"><link linkend="PolkitIdentity"><returnvalue>PolkitIdentity</returnvalue></link>&#160;*
polkit_unix_netgroup_new (<parameter>const <link linkend="gchar"><type>gchar</type></link> *name</parameter>);</programlisting>
<para>Creates a new <link linkend="PolkitUnixNetgroup"><type>PolkitUnixNetgroup</type></link> object for <parameter>name</parameter>
.</para>
<refsect3 id="polkit-unix-netgroup-new.parameters" role="parameters">
<title>Parameters</title>
<informaltable role="parameters_table" pgwide="1" frame="none">
<tgroup cols="3">
<colspec colname="parameters_name" colwidth="150px"/>
<colspec colname="parameters_description"/>
<colspec colname="parameters_annotations" colwidth="200px"/>
<tbody>
<row><entry role="parameter_name"><para>name</para></entry>
<entry role="parameter_description"><para>A netgroup name.</para></entry>
<entry role="parameter_annotations"></entry></row>
</tbody></tgroup></informaltable>
</refsect3><refsect3 id="polkit-unix-netgroup-new.returns" role="returns">
<title>Returns</title>
<para>A <link linkend="PolkitUnixNetgroup"><type>PolkitUnixNetgroup</type></link> object. Free with <link linkend="g-object-unref"><function>g_object_unref()</function></link>. </para>
<para><emphasis role="annotation">[<acronym>transfer full</acronym>]</emphasis></para>
</refsect3></refsect2>
<refsect2 id="polkit-unix-netgroup-get-name" role="function">
<title>polkit_unix_netgroup_get_name&#160;()</title>
<indexterm zone="polkit-unix-netgroup-get-name"><primary sortas="unix_netgroup_get_name">polkit_unix_netgroup_get_name</primary></indexterm>
<programlisting language="C">const <link linkend="gchar"><returnvalue>gchar</returnvalue></link>&#160;*
polkit_unix_netgroup_get_name (<parameter><link linkend="PolkitUnixNetgroup"><type>PolkitUnixNetgroup</type></link> *group</parameter>);</programlisting>
<para>Gets the netgroup name for <parameter>group</parameter>
.</para>
<refsect3 id="polkit-unix-netgroup-get-name.parameters" role="parameters">
<title>Parameters</title>
<informaltable role="parameters_table" pgwide="1" frame="none">
<tgroup cols="3">
<colspec colname="parameters_name" colwidth="150px"/>
<colspec colname="parameters_description"/>
<colspec colname="parameters_annotations" colwidth="200px"/>
<tbody>
<row><entry role="parameter_name"><para>group</para></entry>
<entry role="parameter_description"><para>A <link linkend="PolkitUnixNetgroup"><type>PolkitUnixNetgroup</type></link>.</para></entry>
<entry role="parameter_annotations"></entry></row>
</tbody></tgroup></informaltable>
</refsect3><refsect3 id="polkit-unix-netgroup-get-name.returns" role="returns">
<title>Returns</title>
<para> A netgroup name string.</para>
</refsect3></refsect2>
<refsect2 id="polkit-unix-netgroup-set-name" role="function">
<title>polkit_unix_netgroup_set_name&#160;()</title>
<indexterm zone="polkit-unix-netgroup-set-name"><primary sortas="unix_netgroup_set_name">polkit_unix_netgroup_set_name</primary></indexterm>
<programlisting language="C"><link linkend="void"><returnvalue>void</returnvalue></link>
polkit_unix_netgroup_set_name (<parameter><link linkend="PolkitUnixNetgroup"><type>PolkitUnixNetgroup</type></link> *group</parameter>,
                               <parameter>const <link linkend="gchar"><type>gchar</type></link> *name</parameter>);</programlisting>
<para>Sets <parameter>name</parameter>
 for <parameter>group</parameter>
.</para>
<refsect3 id="polkit-unix-netgroup-set-name.parameters" role="parameters">
<title>Parameters</title>
<informaltable role="parameters_table" pgwide="1" frame="none">
<tgroup cols="3">
<colspec colname="parameters_name" colwidth="150px"/>
<colspec colname="parameters_description"/>
<colspec colname="parameters_annotations" colwidth="200px"/>
<tbody>
<row><entry role="parameter_name"><para>group</para></entry>
<entry role="parameter_description"><para>A <link linkend="PolkitUnixNetgroup"><type>PolkitUnixNetgroup</type></link>.</para></entry>
<entry role="parameter_annotations"></entry></row>
<row><entry role="parameter_name"><para>name</para></entry>
<entry role="parameter_description"><para>A netgroup name.</para></entry>
<entry role="parameter_annotations"></entry></row>
</tbody></tgroup></informaltable>
</refsect3></refsect2>

</refsect1>
<refsect1 id="PolkitUnixNetgroup.other_details" role="details">
<title role="details.title">Types and Values</title>
<refsect2 id="PolkitUnixNetgroup-struct" role="struct">
<title>PolkitUnixNetgroup</title>
<indexterm zone="PolkitUnixNetgroup-struct"><primary sortas="UnixNetgroup">PolkitUnixNetgroup</primary></indexterm>
<programlisting language="C">typedef struct _PolkitUnixNetgroup PolkitUnixNetgroup;</programlisting>
<para>The <link linkend="PolkitUnixNetgroup"><type>PolkitUnixNetgroup</type></link> struct should not be accessed directly.</para>
</refsect2>

</refsect1>
<refsect1 id="PolkitUnixNetgroup.property-details" role="property_details">
<title role="property_details.title">Property Details</title>
<refsect2 id="PolkitUnixNetgroup--name" role="property"><title>The <literal>“name”</literal> property</title>
<indexterm zone="PolkitUnixNetgroup--name"><primary sortas="UnixNetgroup:name">PolkitUnixNetgroup:name</primary></indexterm>
<programlisting>  “name”                     <link linkend="char"><type>char</type></link>&#160;*</programlisting>
<para>The NIS netgroup name.</para>
<para>Owner: PolkitUnixNetgroup</para>
<para>Flags: Read / Write / Construct</para>
<para>Default value: NULL</para>
</refsect2>

</refsect1>

</refentry>
