<?xml version="1.0"?>
<!DOCTYPE refentry PUBLIC "-//OASIS//DTD DocBook XML V4.1.2//EN"
               "http://www.oasis-open.org/docbook/xml/4.1.2/docbookx.dtd" [
<!ENTITY version SYSTEM "../version.xml">
<!ENTITY extensiondir SYSTEM "../extensiondir.xml">
]>
<refentry id="PolkitIdentity">
<refmeta>
<refentrytitle role="top_of_page" id="PolkitIdentity.top_of_page">PolkitIdentity</refentrytitle>
<manvolnum>3</manvolnum>
<refmiscinfo>POLKIT-1 Library</refmiscinfo>
</refmeta>
<refnamediv>
<refname>PolkitIdentity</refname>
<refpurpose>Type for representing identities</refpurpose>
</refnamediv>

<refsect1 id="PolkitIdentity.functions" role="functions_proto">
<title role="functions_proto.title">Functions</title>
<informaltable pgwide="1" frame="none">
<tgroup cols="2">
<colspec colname="functions_proto_type" colwidth="150px"/>
<colspec colname="functions_proto_name"/>
<tbody>
<row><entry role="function_type"><link linkend="guint"><returnvalue>guint</returnvalue></link>
</entry><entry role="function_name"><link linkend="polkit-identity-hash">polkit_identity_hash</link>&#160;<phrase role="c_punctuation">()</phrase></entry></row>
<row><entry role="function_type"><link linkend="gboolean"><returnvalue>gboolean</returnvalue></link>
</entry><entry role="function_name"><link linkend="polkit-identity-equal">polkit_identity_equal</link>&#160;<phrase role="c_punctuation">()</phrase></entry></row>
<row><entry role="function_type"><link linkend="gchar"><returnvalue>gchar</returnvalue></link>&#160;*
</entry><entry role="function_name"><link linkend="polkit-identity-to-string">polkit_identity_to_string</link>&#160;<phrase role="c_punctuation">()</phrase></entry></row>
<row><entry role="function_type"><link linkend="PolkitIdentity"><returnvalue>PolkitIdentity</returnvalue></link>&#160;*
</entry><entry role="function_name"><link linkend="polkit-identity-from-string">polkit_identity_from_string</link>&#160;<phrase role="c_punctuation">()</phrase></entry></row>

</tbody>
</tgroup>
</informaltable>
</refsect1>
<refsect1 id="PolkitIdentity.other" role="other_proto">
<title role="other_proto.title">Types and Values</title>
<informaltable pgwide="1" frame="none">
<tgroup cols="2">
<colspec colname="other_proto_type" colwidth="150px"/>
<colspec colname="other_proto_name"/>
<tbody>
<row><entry role="datatype_keyword"></entry><entry role="function_name"><link linkend="PolkitIdentity-struct">PolkitIdentity</link></entry></row>
<row><entry role="datatype_keyword">struct</entry><entry role="function_name"><link linkend="PolkitIdentityIface">PolkitIdentityIface</link></entry></row>

</tbody>
</tgroup>
</informaltable>
</refsect1>
<refsect1 id="PolkitIdentity.object-hierarchy" role="object_hierarchy">
<title role="object_hierarchy.title">Object Hierarchy</title>
<screen>    <link linkend="GInterface">GInterface</link>
    <phrase role="lineart">&#9584;&#9472;&#9472;</phrase> PolkitIdentity
</screen>
</refsect1>
<refsect1 id="PolkitIdentity.prerequisites" role="prerequisites">
<title role="prerequisites.title">Prerequisites</title>
<para>
PolkitIdentity requires
 <link linkend="GObject">GObject</link>.</para>

</refsect1>
<refsect1 id="PolkitIdentity.implementations" role="implementations">
<title role="implementations.title">Known Implementations</title>
<para>
PolkitIdentity is implemented by
 <link linkend="PolkitUnixGroup">PolkitUnixGroup</link>,  <link linkend="PolkitUnixNetgroup">PolkitUnixNetgroup</link> and  <link linkend="PolkitUnixUser">PolkitUnixUser</link>.</para>

</refsect1>


<refsect1 id="PolkitIdentity.description" role="desc">
<title role="desc.title">Description</title>
<para><link linkend="PolkitIdentity"><type>PolkitIdentity</type></link> is an abstract type for representing one or more
identities.</para>

</refsect1>
<refsect1 id="PolkitIdentity.functions_details" role="details">
<title role="details.title">Functions</title>
<refsect2 id="polkit-identity-hash" role="function">
<title>polkit_identity_hash&#160;()</title>
<indexterm zone="polkit-identity-hash"><primary sortas="identity_hash">polkit_identity_hash</primary></indexterm>
<programlisting language="C"><link linkend="guint"><returnvalue>guint</returnvalue></link>
polkit_identity_hash (<parameter><link linkend="PolkitIdentity"><type>PolkitIdentity</type></link> *identity</parameter>);</programlisting>
<para>Gets a hash code for <parameter>identity</parameter>
 that can be used with e.g. <link linkend="g-hash-table-new"><function>g_hash_table_new()</function></link>.</para>
<refsect3 id="polkit-identity-hash.parameters" role="parameters">
<title>Parameters</title>
<informaltable role="parameters_table" pgwide="1" frame="none">
<tgroup cols="3">
<colspec colname="parameters_name" colwidth="150px"/>
<colspec colname="parameters_description"/>
<colspec colname="parameters_annotations" colwidth="200px"/>
<tbody>
<row><entry role="parameter_name"><para>identity</para></entry>
<entry role="parameter_description"><para>A <link linkend="PolkitIdentity"><type>PolkitIdentity</type></link>.</para></entry>
<entry role="parameter_annotations"></entry></row>
</tbody></tgroup></informaltable>
</refsect3><refsect3 id="polkit-identity-hash.returns" role="returns">
<title>Returns</title>
<para> A hash code.</para>
</refsect3></refsect2>
<refsect2 id="polkit-identity-equal" role="function">
<title>polkit_identity_equal&#160;()</title>
<indexterm zone="polkit-identity-equal"><primary sortas="identity_equal">polkit_identity_equal</primary></indexterm>
<programlisting language="C"><link linkend="gboolean"><returnvalue>gboolean</returnvalue></link>
polkit_identity_equal (<parameter><link linkend="PolkitIdentity"><type>PolkitIdentity</type></link> *a</parameter>,
                       <parameter><link linkend="PolkitIdentity"><type>PolkitIdentity</type></link> *b</parameter>);</programlisting>
<para>Checks if <parameter>a</parameter>
 and <parameter>b</parameter>
 are equal, ie. represent the same identity.</para>
<para>This function can be used in e.g. <link linkend="g-hash-table-new"><function>g_hash_table_new()</function></link>.</para>
<refsect3 id="polkit-identity-equal.parameters" role="parameters">
<title>Parameters</title>
<informaltable role="parameters_table" pgwide="1" frame="none">
<tgroup cols="3">
<colspec colname="parameters_name" colwidth="150px"/>
<colspec colname="parameters_description"/>
<colspec colname="parameters_annotations" colwidth="200px"/>
<tbody>
<row><entry role="parameter_name"><para>a</para></entry>
<entry role="parameter_description"><para>A <link linkend="PolkitIdentity"><type>PolkitIdentity</type></link>.</para></entry>
<entry role="parameter_annotations"></entry></row>
<row><entry role="parameter_name"><para>b</para></entry>
<entry role="parameter_description"><para>A <link linkend="PolkitIdentity"><type>PolkitIdentity</type></link>.</para></entry>
<entry role="parameter_annotations"></entry></row>
</tbody></tgroup></informaltable>
</refsect3><refsect3 id="polkit-identity-equal.returns" role="returns">
<title>Returns</title>
<para> <link linkend="TRUE:CAPS"><literal>TRUE</literal></link> if <parameter>a</parameter>
and <parameter>b</parameter>
are equal, <link linkend="FALSE:CAPS"><literal>FALSE</literal></link> otherwise.</para>
</refsect3></refsect2>
<refsect2 id="polkit-identity-to-string" role="function">
<title>polkit_identity_to_string&#160;()</title>
<indexterm zone="polkit-identity-to-string"><primary sortas="identity_to_string">polkit_identity_to_string</primary></indexterm>
<programlisting language="C"><link linkend="gchar"><returnvalue>gchar</returnvalue></link>&#160;*
polkit_identity_to_string (<parameter><link linkend="PolkitIdentity"><type>PolkitIdentity</type></link> *identity</parameter>);</programlisting>
<para>Serializes <parameter>identity</parameter>
 to a string that can be used in
<link linkend="polkit-identity-from-string"><function>polkit_identity_from_string()</function></link>.</para>
<refsect3 id="polkit-identity-to-string.parameters" role="parameters">
<title>Parameters</title>
<informaltable role="parameters_table" pgwide="1" frame="none">
<tgroup cols="3">
<colspec colname="parameters_name" colwidth="150px"/>
<colspec colname="parameters_description"/>
<colspec colname="parameters_annotations" colwidth="200px"/>
<tbody>
<row><entry role="parameter_name"><para>identity</para></entry>
<entry role="parameter_description"><para>A <link linkend="PolkitIdentity"><type>PolkitIdentity</type></link>.</para></entry>
<entry role="parameter_annotations"></entry></row>
</tbody></tgroup></informaltable>
</refsect3><refsect3 id="polkit-identity-to-string.returns" role="returns">
<title>Returns</title>
<para> A string representing <parameter>identity</parameter>
. Free with <link linkend="g-free"><function>g_free()</function></link>.</para>
</refsect3></refsect2>
<refsect2 id="polkit-identity-from-string" role="function">
<title>polkit_identity_from_string&#160;()</title>
<indexterm zone="polkit-identity-from-string"><primary sortas="identity_from_string">polkit_identity_from_string</primary></indexterm>
<programlisting language="C"><link linkend="PolkitIdentity"><returnvalue>PolkitIdentity</returnvalue></link>&#160;*
polkit_identity_from_string (<parameter>const <link linkend="gchar"><type>gchar</type></link> *str</parameter>,
                             <parameter><link linkend="GError"><type>GError</type></link> **error</parameter>);</programlisting>
<para>Creates an object from <parameter>str</parameter>
 that implements the <link linkend="PolkitIdentity"><type>PolkitIdentity</type></link>
interface.</para>
<refsect3 id="polkit-identity-from-string.parameters" role="parameters">
<title>Parameters</title>
<informaltable role="parameters_table" pgwide="1" frame="none">
<tgroup cols="3">
<colspec colname="parameters_name" colwidth="150px"/>
<colspec colname="parameters_description"/>
<colspec colname="parameters_annotations" colwidth="200px"/>
<tbody>
<row><entry role="parameter_name"><para>str</para></entry>
<entry role="parameter_description"><para>A string obtained from <link linkend="polkit-identity-to-string"><function>polkit_identity_to_string()</function></link>.</para></entry>
<entry role="parameter_annotations"></entry></row>
<row><entry role="parameter_name"><para>error</para></entry>
<entry role="parameter_description"><para>Return location for error.</para></entry>
<entry role="parameter_annotations"></entry></row>
</tbody></tgroup></informaltable>
</refsect3><refsect3 id="polkit-identity-from-string.returns" role="returns">
<title>Returns</title>
<para>A <link linkend="PolkitIdentity"><type>PolkitIdentity</type></link> or <link linkend="NULL:CAPS"><literal>NULL</literal></link>
if <parameter>error</parameter>
is set. Free with <link linkend="g-object-unref"><function>g_object_unref()</function></link>. </para>
<para><emphasis role="annotation">[<acronym>allow-none</acronym>][<acronym>transfer full</acronym>]</emphasis></para>
</refsect3></refsect2>

</refsect1>
<refsect1 id="PolkitIdentity.other_details" role="details">
<title role="details.title">Types and Values</title>
<refsect2 id="PolkitIdentity-struct" role="struct">
<title>PolkitIdentity</title>
<indexterm zone="PolkitIdentity-struct"><primary sortas="Identity">PolkitIdentity</primary></indexterm>
<programlisting language="C">typedef struct _PolkitIdentity PolkitIdentity;</programlisting>
<para>Generic type for all objects that can be used as identities.</para>
</refsect2>
<refsect2 id="PolkitIdentityIface" role="struct">
<title>struct PolkitIdentityIface</title>
<indexterm zone="PolkitIdentityIface"><primary sortas="IdentityIface">PolkitIdentityIface</primary></indexterm>
<programlisting language="C">struct PolkitIdentityIface {
  GTypeInterface parent_iface;

  guint    (*hash)      (PolkitIdentity *identity);

  gboolean (*equal)     (PolkitIdentity *a,
                         PolkitIdentity *b);

  gchar *  (*to_string) (PolkitIdentity *identity);
};
</programlisting>
<para>An interface for identities.</para>
<refsect3 id="PolkitIdentityIface.members" role="struct_members">
<title>Members</title>
<informaltable role="struct_members_table" pgwide="1" frame="none">
<tgroup cols="3">
<colspec colname="struct_members_name" colwidth="300px"/>
<colspec colname="struct_members_description"/>
<colspec colname="struct_members_annotations" colwidth="200px"/>
<tbody>
<row role="member"><entry role="struct_member_name"><para><link linkend="GTypeInterface"><type>GTypeInterface</type></link>&#160;<structfield id="PolkitIdentityIface.parent-iface">parent_iface</structfield>;</para></entry>
<entry role="struct_member_description"><para>The parent interface.</para></entry>
<entry role="struct_member_annotations"></entry>
</row>
<row role="member"><entry role="struct_member_name"><para><structfield id="PolkitIdentityIface.hash">hash</structfield>&#160;()</para></entry>
<entry role="struct_member_description"><para>Gets a hash value for a <link linkend="PolkitIdentity"><type>PolkitIdentity</type></link>.</para></entry>
<entry role="struct_member_annotations"></entry>
</row>
<row role="member"><entry role="struct_member_name"><para><structfield id="PolkitIdentityIface.equal">equal</structfield>&#160;()</para></entry>
<entry role="struct_member_description"><para>Checks if two <link linkend="PolkitIdentity"><type>PolkitIdentity</type></link><!-- -->s are equal.</para></entry>
<entry role="struct_member_annotations"></entry>
</row>
<row role="member"><entry role="struct_member_name"><para><structfield id="PolkitIdentityIface.to-string">to_string</structfield>&#160;()</para></entry>
<entry role="struct_member_description"><para>Serializes a <link linkend="PolkitIdentity"><type>PolkitIdentity</type></link> to a string that can be
used in <link linkend="polkit-identity-from-string"><function>polkit_identity_from_string()</function></link>.</para></entry>
<entry role="struct_member_annotations"></entry>
</row>
</tbody></tgroup></informaltable>
</refsect3>
</refsect2>

</refsect1>

</refentry>
