<?xml version="1.0"?>
<!DOCTYPE refentry PUBLIC "-//OASIS//DTD DocBook XML V4.1.2//EN"
               "http://www.oasis-open.org/docbook/xml/4.1.2/docbookx.dtd" [
<!ENTITY version SYSTEM "../version.xml">
<!ENTITY extensiondir SYSTEM "../extensiondir.xml">
]>
<refentry id="PolkitPermission">
<refmeta>
<refentrytitle role="top_of_page" id="PolkitPermission.top_of_page">PolkitPermission</refentrytitle>
<manvolnum>3</manvolnum>
<refmiscinfo>POLKIT-1 Library</refmiscinfo>
</refmeta>
<refnamediv>
<refname>PolkitPermission</refname>
<refpurpose>PolicyKit <link linkend="GPermission"><type>GPermission</type></link> implementation</refpurpose>
</refnamediv>
<refsect1 id="PolkitPermission.stability-level">
<title>Stability Level</title>
<acronym>Stable</acronym>, unless otherwise indicated
</refsect1>

<refsect1 id="PolkitPermission.functions" role="functions_proto">
<title role="functions_proto.title">Functions</title>
<informaltable pgwide="1" frame="none">
<tgroup cols="2">
<colspec colname="functions_proto_type" colwidth="150px"/>
<colspec colname="functions_proto_name"/>
<tbody>
<row><entry role="function_type"><link linkend="void"><returnvalue>void</returnvalue></link>
</entry><entry role="function_name"><link linkend="polkit-permission-new">polkit_permission_new</link>&#160;<phrase role="c_punctuation">()</phrase></entry></row>
<row><entry role="function_type"><link linkend="GPermission"><returnvalue>GPermission</returnvalue></link>&#160;*
</entry><entry role="function_name"><link linkend="polkit-permission-new-finish">polkit_permission_new_finish</link>&#160;<phrase role="c_punctuation">()</phrase></entry></row>
<row><entry role="function_type"><link linkend="GPermission"><returnvalue>GPermission</returnvalue></link>&#160;*
</entry><entry role="function_name"><link linkend="polkit-permission-new-sync">polkit_permission_new_sync</link>&#160;<phrase role="c_punctuation">()</phrase></entry></row>
<row><entry role="function_type">const <link linkend="gchar"><returnvalue>gchar</returnvalue></link>&#160;*
</entry><entry role="function_name"><link linkend="polkit-permission-get-action-id">polkit_permission_get_action_id</link>&#160;<phrase role="c_punctuation">()</phrase></entry></row>
<row><entry role="function_type"><link linkend="PolkitSubject"><returnvalue>PolkitSubject</returnvalue></link>&#160;*
</entry><entry role="function_name"><link linkend="polkit-permission-get-subject">polkit_permission_get_subject</link>&#160;<phrase role="c_punctuation">()</phrase></entry></row>

</tbody>
</tgroup>
</informaltable>
</refsect1>
<refsect1 id="PolkitPermission.properties" role="properties">
<title role="properties.title">Properties</title>
<informaltable frame="none">
<tgroup cols="3">
<colspec colname="properties_type" colwidth="150px"/>
<colspec colname="properties_name" colwidth="300px"/>
<colspec colname="properties_flags" colwidth="200px"/>
<tbody>
<row><entry role="property_type"><link linkend="char"><type>char</type></link>&#160;*</entry><entry role="property_name"><link linkend="PolkitPermission--action-id">action-id</link></entry><entry role="property_flags">Read / Write / Construct&#160;Only</entry></row>
<row><entry role="property_type"><link linkend="PolkitSubject"><type>PolkitSubject</type></link>&#160;*</entry><entry role="property_name"><link linkend="PolkitPermission--subject">subject</link></entry><entry role="property_flags">Read / Write / Construct&#160;Only</entry></row>

</tbody>
</tgroup>
</informaltable>
</refsect1>
<refsect1 id="PolkitPermission.other" role="other_proto">
<title role="other_proto.title">Types and Values</title>
<informaltable pgwide="1" frame="none">
<tgroup cols="2">
<colspec colname="other_proto_type" colwidth="150px"/>
<colspec colname="other_proto_name"/>
<tbody>
<row><entry role="datatype_keyword"></entry><entry role="function_name"><link linkend="PolkitPermission-struct">PolkitPermission</link></entry></row>

</tbody>
</tgroup>
</informaltable>
</refsect1>
<refsect1 id="PolkitPermission.object-hierarchy" role="object_hierarchy">
<title role="object_hierarchy.title">Object Hierarchy</title>
<screen>    <link linkend="GObject">GObject</link>
    <phrase role="lineart">&#9584;&#9472;&#9472;</phrase> <link linkend="GPermission">GPermission</link>
        <phrase role="lineart">&#9584;&#9472;&#9472;</phrase> PolkitPermission
</screen>
</refsect1>
<refsect1 id="PolkitPermission.implemented-interfaces" role="impl_interfaces">
<title role="impl_interfaces.title">Implemented Interfaces</title>
<para>
PolkitPermission implements
 <link linkend="GInitable">GInitable</link> and  <link linkend="GAsyncInitable">GAsyncInitable</link>.</para>

</refsect1>


<refsect1 id="PolkitPermission.description" role="desc">
<title role="desc.title">Description</title>
<para><link linkend="PolkitPermission"><type>PolkitPermission</type></link> is a <link linkend="GPermission"><type>GPermission</type></link> implementation. It can be used
with e.g. <link linkend="GtkLockButton"><type>GtkLockButton</type></link>. See the <link linkend="GPermission"><type>GPermission</type></link> documentation for
more information.</para>

</refsect1>
<refsect1 id="PolkitPermission.functions_details" role="details">
<title role="details.title">Functions</title>
<refsect2 id="polkit-permission-new" role="function">
<title>polkit_permission_new&#160;()</title>
<indexterm zone="polkit-permission-new"><primary sortas="permission_new">polkit_permission_new</primary></indexterm>
<programlisting language="C"><link linkend="void"><returnvalue>void</returnvalue></link>
polkit_permission_new (<parameter>const <link linkend="gchar"><type>gchar</type></link> *action_id</parameter>,
                       <parameter><link linkend="PolkitSubject"><type>PolkitSubject</type></link> *subject</parameter>,
                       <parameter><link linkend="GCancellable"><type>GCancellable</type></link> *cancellable</parameter>,
                       <parameter><link linkend="GAsyncReadyCallback"><type>GAsyncReadyCallback</type></link> callback</parameter>,
                       <parameter><link linkend="gpointer"><type>gpointer</type></link> user_data</parameter>);</programlisting>
<para>Creates a <link linkend="GPermission"><type>GPermission</type></link> instance for the PolicyKit action
<parameter>action_id</parameter>
.</para>
<para>When the operation is finished, <parameter>callback</parameter>
 will be invoked. You can
then call <link linkend="polkit-permission-new-finish"><function>polkit_permission_new_finish()</function></link> to get the result of the
operation.</para>
<para>This is a asynchronous failable constructor. See
<link linkend="polkit-permission-new-sync"><function>polkit_permission_new_sync()</function></link> for the synchronous version.</para>
<refsect3 id="polkit-permission-new.parameters" role="parameters">
<title>Parameters</title>
<informaltable role="parameters_table" pgwide="1" frame="none">
<tgroup cols="3">
<colspec colname="parameters_name" colwidth="150px"/>
<colspec colname="parameters_description"/>
<colspec colname="parameters_annotations" colwidth="200px"/>
<tbody>
<row><entry role="parameter_name"><para>action_id</para></entry>
<entry role="parameter_description"><para>The PolicyKit action identifier.</para></entry>
<entry role="parameter_annotations"></entry></row>
<row><entry role="parameter_name"><para>subject</para></entry>
<entry role="parameter_description"><para>A <link linkend="PolkitSubject"><type>PolkitSubject</type></link> or <link linkend="NULL:CAPS"><literal>NULL</literal></link> for the current process. </para></entry>
<entry role="parameter_annotations"><emphasis role="annotation">[<acronym>allow-none</acronym>]</emphasis></entry></row>
<row><entry role="parameter_name"><para>cancellable</para></entry>
<entry role="parameter_description"><para>A <link linkend="GCancellable"><type>GCancellable</type></link> or <link linkend="NULL:CAPS"><literal>NULL</literal></link>. </para></entry>
<entry role="parameter_annotations"><emphasis role="annotation">[<acronym>allow-none</acronym>]</emphasis></entry></row>
<row><entry role="parameter_name"><para>callback</para></entry>
<entry role="parameter_description"><para>A <link linkend="GAsyncReadyCallback"><type>GAsyncReadyCallback</type></link> to call when the request is satisfied.</para></entry>
<entry role="parameter_annotations"></entry></row>
<row><entry role="parameter_name"><para>user_data</para></entry>
<entry role="parameter_description"><para>The data to pass to <parameter>callback</parameter>
.</para></entry>
<entry role="parameter_annotations"></entry></row>
</tbody></tgroup></informaltable>
</refsect3></refsect2>
<refsect2 id="polkit-permission-new-finish" role="function">
<title>polkit_permission_new_finish&#160;()</title>
<indexterm zone="polkit-permission-new-finish"><primary sortas="permission_new_finish">polkit_permission_new_finish</primary></indexterm>
<programlisting language="C"><link linkend="GPermission"><returnvalue>GPermission</returnvalue></link>&#160;*
polkit_permission_new_finish (<parameter><link linkend="GAsyncResult"><type>GAsyncResult</type></link> *res</parameter>,
                              <parameter><link linkend="GError"><type>GError</type></link> **error</parameter>);</programlisting>
<para>Finishes an operation started with <link linkend="polkit-permission-new"><function>polkit_permission_new()</function></link>.</para>
<refsect3 id="polkit-permission-new-finish.parameters" role="parameters">
<title>Parameters</title>
<informaltable role="parameters_table" pgwide="1" frame="none">
<tgroup cols="3">
<colspec colname="parameters_name" colwidth="150px"/>
<colspec colname="parameters_description"/>
<colspec colname="parameters_annotations" colwidth="200px"/>
<tbody>
<row><entry role="parameter_name"><para>res</para></entry>
<entry role="parameter_description"><para>A <link linkend="GAsyncResult"><type>GAsyncResult</type></link> obtained from the <link linkend="GAsyncReadyCallback"><type>GAsyncReadyCallback</type></link> passed to <link linkend="polkit-permission-new"><function>polkit_permission_new()</function></link>.</para></entry>
<entry role="parameter_annotations"></entry></row>
<row><entry role="parameter_name"><para>error</para></entry>
<entry role="parameter_description"><para>Return location for error or <link linkend="NULL:CAPS"><literal>NULL</literal></link>. </para></entry>
<entry role="parameter_annotations"><emphasis role="annotation">[<acronym>allow-none</acronym>]</emphasis></entry></row>
</tbody></tgroup></informaltable>
</refsect3><refsect3 id="polkit-permission-new-finish.returns" role="returns">
<title>Returns</title>
<para> A <link linkend="GPermission"><type>GPermission</type></link> or <link linkend="NULL:CAPS"><literal>NULL</literal></link> if <parameter>error</parameter>
is set.</para>
</refsect3></refsect2>
<refsect2 id="polkit-permission-new-sync" role="function">
<title>polkit_permission_new_sync&#160;()</title>
<indexterm zone="polkit-permission-new-sync"><primary sortas="permission_new_sync">polkit_permission_new_sync</primary></indexterm>
<programlisting language="C"><link linkend="GPermission"><returnvalue>GPermission</returnvalue></link>&#160;*
polkit_permission_new_sync (<parameter>const <link linkend="gchar"><type>gchar</type></link> *action_id</parameter>,
                            <parameter><link linkend="PolkitSubject"><type>PolkitSubject</type></link> *subject</parameter>,
                            <parameter><link linkend="GCancellable"><type>GCancellable</type></link> *cancellable</parameter>,
                            <parameter><link linkend="GError"><type>GError</type></link> **error</parameter>);</programlisting>
<para>Creates a <link linkend="GPermission"><type>GPermission</type></link> instance for the PolicyKit action
<parameter>action_id</parameter>
.</para>
<para>This is a synchronous failable constructor. See
<link linkend="polkit-permission-new"><function>polkit_permission_new()</function></link> for the asynchronous version.</para>
<refsect3 id="polkit-permission-new-sync.parameters" role="parameters">
<title>Parameters</title>
<informaltable role="parameters_table" pgwide="1" frame="none">
<tgroup cols="3">
<colspec colname="parameters_name" colwidth="150px"/>
<colspec colname="parameters_description"/>
<colspec colname="parameters_annotations" colwidth="200px"/>
<tbody>
<row><entry role="parameter_name"><para>action_id</para></entry>
<entry role="parameter_description"><para>The PolicyKit action identifier.</para></entry>
<entry role="parameter_annotations"></entry></row>
<row><entry role="parameter_name"><para>subject</para></entry>
<entry role="parameter_description"><para>A <link linkend="PolkitSubject"><type>PolkitSubject</type></link> or <link linkend="NULL:CAPS"><literal>NULL</literal></link> for the current process. </para></entry>
<entry role="parameter_annotations"><emphasis role="annotation">[<acronym>allow-none</acronym>]</emphasis></entry></row>
<row><entry role="parameter_name"><para>cancellable</para></entry>
<entry role="parameter_description"><para>A <link linkend="GCancellable"><type>GCancellable</type></link> or <link linkend="NULL:CAPS"><literal>NULL</literal></link>. </para></entry>
<entry role="parameter_annotations"><emphasis role="annotation">[<acronym>allow-none</acronym>]</emphasis></entry></row>
<row><entry role="parameter_name"><para>error</para></entry>
<entry role="parameter_description"><para>Return location for error or <link linkend="NULL:CAPS"><literal>NULL</literal></link>. </para></entry>
<entry role="parameter_annotations"><emphasis role="annotation">[<acronym>allow-none</acronym>]</emphasis></entry></row>
</tbody></tgroup></informaltable>
</refsect3><refsect3 id="polkit-permission-new-sync.returns" role="returns">
<title>Returns</title>
<para> A <link linkend="GPermission"><type>GPermission</type></link> or <link linkend="NULL:CAPS"><literal>NULL</literal></link> if <parameter>error</parameter>
is set.</para>
</refsect3></refsect2>
<refsect2 id="polkit-permission-get-action-id" role="function">
<title>polkit_permission_get_action_id&#160;()</title>
<indexterm zone="polkit-permission-get-action-id"><primary sortas="permission_get_action_id">polkit_permission_get_action_id</primary></indexterm>
<programlisting language="C">const <link linkend="gchar"><returnvalue>gchar</returnvalue></link>&#160;*
polkit_permission_get_action_id (<parameter><link linkend="PolkitPermission"><type>PolkitPermission</type></link> *permission</parameter>);</programlisting>
<para>Gets the PolicyKit action identifier used for <parameter>permission</parameter>
.</para>
<refsect3 id="polkit-permission-get-action-id.parameters" role="parameters">
<title>Parameters</title>
<informaltable role="parameters_table" pgwide="1" frame="none">
<tgroup cols="3">
<colspec colname="parameters_name" colwidth="150px"/>
<colspec colname="parameters_description"/>
<colspec colname="parameters_annotations" colwidth="200px"/>
<tbody>
<row><entry role="parameter_name"><para>permission</para></entry>
<entry role="parameter_description"><para>A <link linkend="PolkitPermission"><type>PolkitPermission</type></link>.</para></entry>
<entry role="parameter_annotations"></entry></row>
</tbody></tgroup></informaltable>
</refsect3><refsect3 id="polkit-permission-get-action-id.returns" role="returns">
<title>Returns</title>
<para> A string owned by <parameter>permission</parameter>
. Do not free.</para>
</refsect3></refsect2>
<refsect2 id="polkit-permission-get-subject" role="function">
<title>polkit_permission_get_subject&#160;()</title>
<indexterm zone="polkit-permission-get-subject"><primary sortas="permission_get_subject">polkit_permission_get_subject</primary></indexterm>
<programlisting language="C"><link linkend="PolkitSubject"><returnvalue>PolkitSubject</returnvalue></link>&#160;*
polkit_permission_get_subject (<parameter><link linkend="PolkitPermission"><type>PolkitPermission</type></link> *permission</parameter>);</programlisting>
<para>Gets the subject used for <parameter>permission</parameter>
.</para>
<refsect3 id="polkit-permission-get-subject.parameters" role="parameters">
<title>Parameters</title>
<informaltable role="parameters_table" pgwide="1" frame="none">
<tgroup cols="3">
<colspec colname="parameters_name" colwidth="150px"/>
<colspec colname="parameters_description"/>
<colspec colname="parameters_annotations" colwidth="200px"/>
<tbody>
<row><entry role="parameter_name"><para>permission</para></entry>
<entry role="parameter_description"><para>A <link linkend="PolkitPermission"><type>PolkitPermission</type></link>.</para></entry>
<entry role="parameter_annotations"></entry></row>
</tbody></tgroup></informaltable>
</refsect3><refsect3 id="polkit-permission-get-subject.returns" role="returns">
<title>Returns</title>
<para>An object owned by <parameter>permission</parameter>
. Do not free. </para>
<para><emphasis role="annotation">[<acronym>transfer none</acronym>]</emphasis></para>
</refsect3></refsect2>

</refsect1>
<refsect1 id="PolkitPermission.other_details" role="details">
<title role="details.title">Types and Values</title>
<refsect2 id="PolkitPermission-struct" role="struct">
<title>PolkitPermission</title>
<indexterm zone="PolkitPermission-struct"><primary sortas="Permission">PolkitPermission</primary></indexterm>
<programlisting language="C">typedef struct _PolkitPermission PolkitPermission;</programlisting>
<para>The <link linkend="PolkitPermission"><type>PolkitPermission</type></link> struct should not be accessed directly.</para>
</refsect2>

</refsect1>
<refsect1 id="PolkitPermission.property-details" role="property_details">
<title role="property_details.title">Property Details</title>
<refsect2 id="PolkitPermission--action-id" role="property"><title>The <literal>“action-id”</literal> property</title>
<indexterm zone="PolkitPermission--action-id"><primary sortas="Permission:action-id">PolkitPermission:action-id</primary></indexterm>
<programlisting>  “action-id”                <link linkend="char"><type>char</type></link>&#160;*</programlisting>
<para>The action identifier to use for the permission.</para>
<para>Owner: PolkitPermission</para>
<para>Flags: Read / Write / Construct&#160;Only</para>
<para>Default value: NULL</para>
</refsect2>
<refsect2 id="PolkitPermission--subject" role="property"><title>The <literal>“subject”</literal> property</title>
<indexterm zone="PolkitPermission--subject"><primary sortas="Permission:subject">PolkitPermission:subject</primary></indexterm>
<programlisting>  “subject”                  <link linkend="PolkitSubject"><type>PolkitSubject</type></link>&#160;*</programlisting>
<para>The <link linkend="PolkitSubject"><type>PolkitSubject</type></link> to use for the permission. If not set during
construction, it will be set to match the current process.</para>
<para>Owner: PolkitPermission</para>
<para>Flags: Read / Write / Construct&#160;Only</para>
</refsect2>

</refsect1>

</refentry>
