<?xml version="1.0"?>
<!DOCTYPE refentry PUBLIC "-//OASIS//DTD DocBook XML V4.1.2//EN"
               "http://www.oasis-open.org/docbook/xml/4.1.2/docbookx.dtd" [
<!ENTITY version SYSTEM "../version.xml">
<!ENTITY extensiondir SYSTEM "../extensiondir.xml">
]>
<refentry id="polkit-1-PolkitError">
<refmeta>
<refentrytitle role="top_of_page" id="polkit-1-PolkitError.top_of_page">PolkitError</refentrytitle>
<manvolnum>3</manvolnum>
<refmiscinfo>POLKIT-1 Library</refmiscinfo>
</refmeta>
<refnamediv>
<refname>PolkitError</refname>
<refpurpose>Error codes</refpurpose>
</refnamediv>

<refsect1 id="polkit-1-PolkitError.other" role="other_proto">
<title role="other_proto.title">Types and Values</title>
<informaltable pgwide="1" frame="none">
<tgroup cols="2">
<colspec colname="other_proto_type" colwidth="150px"/>
<colspec colname="other_proto_name"/>
<tbody>
<row><entry role="define_keyword">#define</entry><entry role="function_name"><link linkend="POLKIT-ERROR:CAPS">POLKIT_ERROR</link></entry></row>
<row><entry role="datatype_keyword">enum</entry><entry role="function_name"><link linkend="PolkitError">PolkitError</link></entry></row>

</tbody>
</tgroup>
</informaltable>
</refsect1>
<refsect1 id="polkit-1-PolkitError.object-hierarchy" role="object_hierarchy">
<title role="object_hierarchy.title">Object Hierarchy</title>
<screen>    <link linkend="GEnum">GEnum</link>
    <phrase role="lineart">&#9584;&#9472;&#9472;</phrase> PolkitError
</screen>
</refsect1>


<refsect1 id="polkit-1-PolkitError.description" role="desc">
<title role="desc.title">Description</title>
<para>Error codes.</para>

</refsect1>
<refsect1 id="polkit-1-PolkitError.functions_details" role="details">
<title role="details.title">Functions</title>
<para />
</refsect1>
<refsect1 id="polkit-1-PolkitError.other_details" role="details">
<title role="details.title">Types and Values</title>
<refsect2 id="POLKIT-ERROR:CAPS" role="macro">
<title>POLKIT_ERROR</title>
<indexterm zone="POLKIT-ERROR:CAPS"><primary sortas="ERROR">POLKIT_ERROR</primary></indexterm>
<programlisting language="C">#define POLKIT_ERROR (polkit_error_quark())
</programlisting>
<para>Error domain for errors when using PolicyKit. Errors in this domain will be from the <link linkend="PolkitError"><type>PolkitError</type></link>
enumeration. See <link linkend="GError"><type>GError</type></link> for information on error domains</para>
</refsect2>
<refsect2 id="PolkitError" role="enum">
<title>enum PolkitError</title>
<indexterm zone="PolkitError"><primary sortas="Error">PolkitError</primary></indexterm>
<para>Possible error when using PolicyKit.</para>
<refsect3 id="PolkitError.members" role="enum_members">
<title>Members</title>
<informaltable role="enum_members_table" pgwide="1" frame="none">
<tgroup cols="3">
<colspec colname="enum_members_name" colwidth="300px"/>
<colspec colname="enum_members_description"/>
<colspec colname="enum_members_annotations" colwidth="200px"/>
<tbody>
<row role="constant"><entry role="enum_member_name"><para id="POLKIT-ERROR-FAILED:CAPS">POLKIT_ERROR_FAILED</para></entry>
<entry role="enum_member_description"><para>The operation failed.</para>
</entry>
<entry role="enum_member_annotations"></entry>
</row>
<row role="constant"><entry role="enum_member_name"><para id="POLKIT-ERROR-CANCELLED:CAPS">POLKIT_ERROR_CANCELLED</para></entry>
<entry role="enum_member_description"><para>The operation was cancelled.</para>
</entry>
<entry role="enum_member_annotations"></entry>
</row>
<row role="constant"><entry role="enum_member_name"><para id="POLKIT-ERROR-NOT-SUPPORTED:CAPS">POLKIT_ERROR_NOT_SUPPORTED</para></entry>
<entry role="enum_member_description"><para>Operation is not supported.</para>
</entry>
<entry role="enum_member_annotations"></entry>
</row>
<row role="constant"><entry role="enum_member_name"><para id="POLKIT-ERROR-NOT-AUTHORIZED:CAPS">POLKIT_ERROR_NOT_AUTHORIZED</para></entry>
<entry role="enum_member_description"><para>Not authorized to perform operation.</para>
</entry>
<entry role="enum_member_annotations"></entry>
</row>
</tbody></tgroup></informaltable>
</refsect3></refsect2>

</refsect1>

</refentry>
