<?xml version="1.0"?>
<!DOCTYPE refentry PUBLIC "-//OASIS//DTD DocBook XML V4.1.2//EN"
               "http://www.oasis-open.org/docbook/xml/4.1.2/docbookx.dtd" [
<!ENTITY version SYSTEM "../version.xml">
<!ENTITY extensiondir SYSTEM "../extensiondir.xml">
]>
<refentry id="PolkitActionDescription">
<refmeta>
<refentrytitle role="top_of_page" id="PolkitActionDescription.top_of_page">PolkitActionDescription</refentrytitle>
<manvolnum>3</manvolnum>
<refmiscinfo>POLKIT-1 Library</refmiscinfo>
</refmeta>
<refnamediv>
<refname>PolkitActionDescription</refname>
<refpurpose>Description of Actions</refpurpose>
</refnamediv>

<refsect1 id="PolkitActionDescription.functions" role="functions_proto">
<title role="functions_proto.title">Functions</title>
<informaltable pgwide="1" frame="none">
<tgroup cols="2">
<colspec colname="functions_proto_type" colwidth="150px"/>
<colspec colname="functions_proto_name"/>
<tbody>
<row><entry role="function_type">const <link linkend="gchar"><returnvalue>gchar</returnvalue></link>&#160;*
</entry><entry role="function_name"><link linkend="polkit-action-description-get-action-id">polkit_action_description_get_action_id</link>&#160;<phrase role="c_punctuation">()</phrase></entry></row>
<row><entry role="function_type">const <link linkend="gchar"><returnvalue>gchar</returnvalue></link>&#160;*
</entry><entry role="function_name"><link linkend="polkit-action-description-get-description">polkit_action_description_get_description</link>&#160;<phrase role="c_punctuation">()</phrase></entry></row>
<row><entry role="function_type">const <link linkend="gchar"><returnvalue>gchar</returnvalue></link>&#160;*
</entry><entry role="function_name"><link linkend="polkit-action-description-get-message">polkit_action_description_get_message</link>&#160;<phrase role="c_punctuation">()</phrase></entry></row>
<row><entry role="function_type">const <link linkend="gchar"><returnvalue>gchar</returnvalue></link>&#160;*
</entry><entry role="function_name"><link linkend="polkit-action-description-get-vendor-name">polkit_action_description_get_vendor_name</link>&#160;<phrase role="c_punctuation">()</phrase></entry></row>
<row><entry role="function_type">const <link linkend="gchar"><returnvalue>gchar</returnvalue></link>&#160;*
</entry><entry role="function_name"><link linkend="polkit-action-description-get-vendor-url">polkit_action_description_get_vendor_url</link>&#160;<phrase role="c_punctuation">()</phrase></entry></row>
<row><entry role="function_type">const <link linkend="gchar"><returnvalue>gchar</returnvalue></link>&#160;*
</entry><entry role="function_name"><link linkend="polkit-action-description-get-icon-name">polkit_action_description_get_icon_name</link>&#160;<phrase role="c_punctuation">()</phrase></entry></row>
<row><entry role="function_type"><link linkend="PolkitImplicitAuthorization"><returnvalue>PolkitImplicitAuthorization</returnvalue></link>
</entry><entry role="function_name"><link linkend="polkit-action-description-get-implicit-any">polkit_action_description_get_implicit_any</link>&#160;<phrase role="c_punctuation">()</phrase></entry></row>
<row><entry role="function_type"><link linkend="PolkitImplicitAuthorization"><returnvalue>PolkitImplicitAuthorization</returnvalue></link>
</entry><entry role="function_name"><link linkend="polkit-action-description-get-implicit-inactive">polkit_action_description_get_implicit_inactive</link>&#160;<phrase role="c_punctuation">()</phrase></entry></row>
<row><entry role="function_type"><link linkend="PolkitImplicitAuthorization"><returnvalue>PolkitImplicitAuthorization</returnvalue></link>
</entry><entry role="function_name"><link linkend="polkit-action-description-get-implicit-active">polkit_action_description_get_implicit_active</link>&#160;<phrase role="c_punctuation">()</phrase></entry></row>
<row><entry role="function_type">const <link linkend="gchar"><returnvalue>gchar</returnvalue></link>&#160;*
</entry><entry role="function_name"><link linkend="polkit-action-description-get-annotation">polkit_action_description_get_annotation</link>&#160;<phrase role="c_punctuation">()</phrase></entry></row>
<row><entry role="function_type">const <link linkend="gchar"><returnvalue>gchar</returnvalue></link>&#160;* const *
</entry><entry role="function_name"><link linkend="polkit-action-description-get-annotation-keys">polkit_action_description_get_annotation_keys</link>&#160;<phrase role="c_punctuation">()</phrase></entry></row>
<row><entry role="function_type">const <link linkend="gchar"><returnvalue>gchar</returnvalue></link>&#160;*
</entry><entry role="function_name"><link linkend="polkit-implicit-authorization-to-string">polkit_implicit_authorization_to_string</link>&#160;<phrase role="c_punctuation">()</phrase></entry></row>
<row><entry role="function_type"><link linkend="gboolean"><returnvalue>gboolean</returnvalue></link>
</entry><entry role="function_name"><link linkend="polkit-implicit-authorization-from-string">polkit_implicit_authorization_from_string</link>&#160;<phrase role="c_punctuation">()</phrase></entry></row>

</tbody>
</tgroup>
</informaltable>
</refsect1>
<refsect1 id="PolkitActionDescription.other" role="other_proto">
<title role="other_proto.title">Types and Values</title>
<informaltable pgwide="1" frame="none">
<tgroup cols="2">
<colspec colname="other_proto_type" colwidth="150px"/>
<colspec colname="other_proto_name"/>
<tbody>
<row><entry role="datatype_keyword"></entry><entry role="function_name"><link linkend="PolkitActionDescription-struct">PolkitActionDescription</link></entry></row>
<row><entry role="datatype_keyword">enum</entry><entry role="function_name"><link linkend="PolkitImplicitAuthorization">PolkitImplicitAuthorization</link></entry></row>

</tbody>
</tgroup>
</informaltable>
</refsect1>
<refsect1 id="PolkitActionDescription.object-hierarchy" role="object_hierarchy">
<title role="object_hierarchy.title">Object Hierarchy</title>
<screen>    <link linkend="GEnum">GEnum</link>
    <phrase role="lineart">&#9584;&#9472;&#9472;</phrase> PolkitImplicitAuthorization
    <link linkend="GObject">GObject</link>
    <phrase role="lineart">&#9584;&#9472;&#9472;</phrase> PolkitActionDescription
</screen>
</refsect1>


<refsect1 id="PolkitActionDescription.description" role="desc">
<title role="desc.title">Description</title>
<para>Object used to encapsulate a registered action.</para>

</refsect1>
<refsect1 id="PolkitActionDescription.functions_details" role="details">
<title role="details.title">Functions</title>
<refsect2 id="polkit-action-description-get-action-id" role="function">
<title>polkit_action_description_get_action_id&#160;()</title>
<indexterm zone="polkit-action-description-get-action-id"><primary sortas="action_description_get_action_id">polkit_action_description_get_action_id</primary></indexterm>
<programlisting language="C">const <link linkend="gchar"><returnvalue>gchar</returnvalue></link>&#160;*
polkit_action_description_get_action_id
                               (<parameter><link linkend="PolkitActionDescription"><type>PolkitActionDescription</type></link> *action_description</parameter>);</programlisting>
<para>Gets the action id for <parameter>action_description</parameter>
.</para>
<refsect3 id="polkit-action-description-get-action-id.parameters" role="parameters">
<title>Parameters</title>
<informaltable role="parameters_table" pgwide="1" frame="none">
<tgroup cols="3">
<colspec colname="parameters_name" colwidth="150px"/>
<colspec colname="parameters_description"/>
<colspec colname="parameters_annotations" colwidth="200px"/>
<tbody>
<row><entry role="parameter_name"><para>action_description</para></entry>
<entry role="parameter_description"><para>A <link linkend="PolkitActionDescription"><type>PolkitActionDescription</type></link>.</para></entry>
<entry role="parameter_annotations"></entry></row>
</tbody></tgroup></informaltable>
</refsect3><refsect3 id="polkit-action-description-get-action-id.returns" role="returns">
<title>Returns</title>
<para> A string owned by <parameter>action_description</parameter>
. Do not free.</para>
</refsect3></refsect2>
<refsect2 id="polkit-action-description-get-description" role="function">
<title>polkit_action_description_get_description&#160;()</title>
<indexterm zone="polkit-action-description-get-description"><primary sortas="action_description_get_description">polkit_action_description_get_description</primary></indexterm>
<programlisting language="C">const <link linkend="gchar"><returnvalue>gchar</returnvalue></link>&#160;*
polkit_action_description_get_description
                               (<parameter><link linkend="PolkitActionDescription"><type>PolkitActionDescription</type></link> *action_description</parameter>);</programlisting>
<para>Gets the description used for <parameter>action_description</parameter>
.</para>
<refsect3 id="polkit-action-description-get-description.parameters" role="parameters">
<title>Parameters</title>
<informaltable role="parameters_table" pgwide="1" frame="none">
<tgroup cols="3">
<colspec colname="parameters_name" colwidth="150px"/>
<colspec colname="parameters_description"/>
<colspec colname="parameters_annotations" colwidth="200px"/>
<tbody>
<row><entry role="parameter_name"><para>action_description</para></entry>
<entry role="parameter_description"><para>A <link linkend="PolkitActionDescription"><type>PolkitActionDescription</type></link>.</para></entry>
<entry role="parameter_annotations"></entry></row>
</tbody></tgroup></informaltable>
</refsect3><refsect3 id="polkit-action-description-get-description.returns" role="returns">
<title>Returns</title>
<para> A string owned by <parameter>action_description</parameter>
. Do not free.</para>
</refsect3></refsect2>
<refsect2 id="polkit-action-description-get-message" role="function">
<title>polkit_action_description_get_message&#160;()</title>
<indexterm zone="polkit-action-description-get-message"><primary sortas="action_description_get_message">polkit_action_description_get_message</primary></indexterm>
<programlisting language="C">const <link linkend="gchar"><returnvalue>gchar</returnvalue></link>&#160;*
polkit_action_description_get_message (<parameter><link linkend="PolkitActionDescription"><type>PolkitActionDescription</type></link> *action_description</parameter>);</programlisting>
<para>Gets the message used for <parameter>action_description</parameter>
.</para>
<refsect3 id="polkit-action-description-get-message.parameters" role="parameters">
<title>Parameters</title>
<informaltable role="parameters_table" pgwide="1" frame="none">
<tgroup cols="3">
<colspec colname="parameters_name" colwidth="150px"/>
<colspec colname="parameters_description"/>
<colspec colname="parameters_annotations" colwidth="200px"/>
<tbody>
<row><entry role="parameter_name"><para>action_description</para></entry>
<entry role="parameter_description"><para>A <link linkend="PolkitActionDescription"><type>PolkitActionDescription</type></link>.</para></entry>
<entry role="parameter_annotations"></entry></row>
</tbody></tgroup></informaltable>
</refsect3><refsect3 id="polkit-action-description-get-message.returns" role="returns">
<title>Returns</title>
<para> A string owned by <parameter>action_description</parameter>
. Do not free.</para>
</refsect3></refsect2>
<refsect2 id="polkit-action-description-get-vendor-name" role="function">
<title>polkit_action_description_get_vendor_name&#160;()</title>
<indexterm zone="polkit-action-description-get-vendor-name"><primary sortas="action_description_get_vendor_name">polkit_action_description_get_vendor_name</primary></indexterm>
<programlisting language="C">const <link linkend="gchar"><returnvalue>gchar</returnvalue></link>&#160;*
polkit_action_description_get_vendor_name
                               (<parameter><link linkend="PolkitActionDescription"><type>PolkitActionDescription</type></link> *action_description</parameter>);</programlisting>
<para>Gets the vendor name for <parameter>action_description</parameter>
, if any.</para>
<refsect3 id="polkit-action-description-get-vendor-name.parameters" role="parameters">
<title>Parameters</title>
<informaltable role="parameters_table" pgwide="1" frame="none">
<tgroup cols="3">
<colspec colname="parameters_name" colwidth="150px"/>
<colspec colname="parameters_description"/>
<colspec colname="parameters_annotations" colwidth="200px"/>
<tbody>
<row><entry role="parameter_name"><para>action_description</para></entry>
<entry role="parameter_description"><para>A <link linkend="PolkitActionDescription"><type>PolkitActionDescription</type></link>.</para></entry>
<entry role="parameter_annotations"></entry></row>
</tbody></tgroup></informaltable>
</refsect3><refsect3 id="polkit-action-description-get-vendor-name.returns" role="returns">
<title>Returns</title>
<para> A string owned by <parameter>action_description</parameter>
. Do not free.</para>
</refsect3></refsect2>
<refsect2 id="polkit-action-description-get-vendor-url" role="function">
<title>polkit_action_description_get_vendor_url&#160;()</title>
<indexterm zone="polkit-action-description-get-vendor-url"><primary sortas="action_description_get_vendor_url">polkit_action_description_get_vendor_url</primary></indexterm>
<programlisting language="C">const <link linkend="gchar"><returnvalue>gchar</returnvalue></link>&#160;*
polkit_action_description_get_vendor_url
                               (<parameter><link linkend="PolkitActionDescription"><type>PolkitActionDescription</type></link> *action_description</parameter>);</programlisting>
<para>Gets the vendor URL for <parameter>action_description</parameter>
, if any.</para>
<refsect3 id="polkit-action-description-get-vendor-url.parameters" role="parameters">
<title>Parameters</title>
<informaltable role="parameters_table" pgwide="1" frame="none">
<tgroup cols="3">
<colspec colname="parameters_name" colwidth="150px"/>
<colspec colname="parameters_description"/>
<colspec colname="parameters_annotations" colwidth="200px"/>
<tbody>
<row><entry role="parameter_name"><para>action_description</para></entry>
<entry role="parameter_description"><para>A <link linkend="PolkitActionDescription"><type>PolkitActionDescription</type></link>.</para></entry>
<entry role="parameter_annotations"></entry></row>
</tbody></tgroup></informaltable>
</refsect3><refsect3 id="polkit-action-description-get-vendor-url.returns" role="returns">
<title>Returns</title>
<para> A string owned by <parameter>action_description</parameter>
. Do not free.</para>
</refsect3></refsect2>
<refsect2 id="polkit-action-description-get-icon-name" role="function">
<title>polkit_action_description_get_icon_name&#160;()</title>
<indexterm zone="polkit-action-description-get-icon-name"><primary sortas="action_description_get_icon_name">polkit_action_description_get_icon_name</primary></indexterm>
<programlisting language="C">const <link linkend="gchar"><returnvalue>gchar</returnvalue></link>&#160;*
polkit_action_description_get_icon_name
                               (<parameter><link linkend="PolkitActionDescription"><type>PolkitActionDescription</type></link> *action_description</parameter>);</programlisting>
<para>Gets the icon name for <parameter>action_description</parameter>
, if any.</para>
<refsect3 id="polkit-action-description-get-icon-name.parameters" role="parameters">
<title>Parameters</title>
<informaltable role="parameters_table" pgwide="1" frame="none">
<tgroup cols="3">
<colspec colname="parameters_name" colwidth="150px"/>
<colspec colname="parameters_description"/>
<colspec colname="parameters_annotations" colwidth="200px"/>
<tbody>
<row><entry role="parameter_name"><para>action_description</para></entry>
<entry role="parameter_description"><para>A <link linkend="PolkitActionDescription"><type>PolkitActionDescription</type></link>.</para></entry>
<entry role="parameter_annotations"></entry></row>
</tbody></tgroup></informaltable>
</refsect3><refsect3 id="polkit-action-description-get-icon-name.returns" role="returns">
<title>Returns</title>
<para> A string owned by <parameter>action_description</parameter>
. Do not free.</para>
</refsect3></refsect2>
<refsect2 id="polkit-action-description-get-implicit-any" role="function">
<title>polkit_action_description_get_implicit_any&#160;()</title>
<indexterm zone="polkit-action-description-get-implicit-any"><primary sortas="action_description_get_implicit_any">polkit_action_description_get_implicit_any</primary></indexterm>
<programlisting language="C"><link linkend="PolkitImplicitAuthorization"><returnvalue>PolkitImplicitAuthorization</returnvalue></link>
polkit_action_description_get_implicit_any
                               (<parameter><link linkend="PolkitActionDescription"><type>PolkitActionDescription</type></link> *action_description</parameter>);</programlisting>
<para>Gets the implicit authorization for <parameter>action_description</parameter>
 used for
any subject.</para>
<refsect3 id="polkit-action-description-get-implicit-any.parameters" role="parameters">
<title>Parameters</title>
<informaltable role="parameters_table" pgwide="1" frame="none">
<tgroup cols="3">
<colspec colname="parameters_name" colwidth="150px"/>
<colspec colname="parameters_description"/>
<colspec colname="parameters_annotations" colwidth="200px"/>
<tbody>
<row><entry role="parameter_name"><para>action_description</para></entry>
<entry role="parameter_description"><para>A <link linkend="PolkitActionDescription"><type>PolkitActionDescription</type></link>.</para></entry>
<entry role="parameter_annotations"></entry></row>
</tbody></tgroup></informaltable>
</refsect3><refsect3 id="polkit-action-description-get-implicit-any.returns" role="returns">
<title>Returns</title>
<para> A value from the <link linkend="PolkitImplicitAuthorization"><type>PolkitImplicitAuthorization</type></link> enumeration.</para>
</refsect3></refsect2>
<refsect2 id="polkit-action-description-get-implicit-inactive" role="function">
<title>polkit_action_description_get_implicit_inactive&#160;()</title>
<indexterm zone="polkit-action-description-get-implicit-inactive"><primary sortas="action_description_get_implicit_inactive">polkit_action_description_get_implicit_inactive</primary></indexterm>
<programlisting language="C"><link linkend="PolkitImplicitAuthorization"><returnvalue>PolkitImplicitAuthorization</returnvalue></link>
polkit_action_description_get_implicit_inactive
                               (<parameter><link linkend="PolkitActionDescription"><type>PolkitActionDescription</type></link> *action_description</parameter>);</programlisting>
<para>Gets the implicit authorization for <parameter>action_description</parameter>
 used for
subjects in inactive sessions on a local console.</para>
<refsect3 id="polkit-action-description-get-implicit-inactive.parameters" role="parameters">
<title>Parameters</title>
<informaltable role="parameters_table" pgwide="1" frame="none">
<tgroup cols="3">
<colspec colname="parameters_name" colwidth="150px"/>
<colspec colname="parameters_description"/>
<colspec colname="parameters_annotations" colwidth="200px"/>
<tbody>
<row><entry role="parameter_name"><para>action_description</para></entry>
<entry role="parameter_description"><para>A <link linkend="PolkitActionDescription"><type>PolkitActionDescription</type></link>.</para></entry>
<entry role="parameter_annotations"></entry></row>
</tbody></tgroup></informaltable>
</refsect3><refsect3 id="polkit-action-description-get-implicit-inactive.returns" role="returns">
<title>Returns</title>
<para> A value from the <link linkend="PolkitImplicitAuthorization"><type>PolkitImplicitAuthorization</type></link> enumeration.</para>
</refsect3></refsect2>
<refsect2 id="polkit-action-description-get-implicit-active" role="function">
<title>polkit_action_description_get_implicit_active&#160;()</title>
<indexterm zone="polkit-action-description-get-implicit-active"><primary sortas="action_description_get_implicit_active">polkit_action_description_get_implicit_active</primary></indexterm>
<programlisting language="C"><link linkend="PolkitImplicitAuthorization"><returnvalue>PolkitImplicitAuthorization</returnvalue></link>
polkit_action_description_get_implicit_active
                               (<parameter><link linkend="PolkitActionDescription"><type>PolkitActionDescription</type></link> *action_description</parameter>);</programlisting>
<para>Gets the implicit authorization for <parameter>action_description</parameter>
 used for
subjects in active sessions on a local console.</para>
<refsect3 id="polkit-action-description-get-implicit-active.parameters" role="parameters">
<title>Parameters</title>
<informaltable role="parameters_table" pgwide="1" frame="none">
<tgroup cols="3">
<colspec colname="parameters_name" colwidth="150px"/>
<colspec colname="parameters_description"/>
<colspec colname="parameters_annotations" colwidth="200px"/>
<tbody>
<row><entry role="parameter_name"><para>action_description</para></entry>
<entry role="parameter_description"><para>A <link linkend="PolkitActionDescription"><type>PolkitActionDescription</type></link>.</para></entry>
<entry role="parameter_annotations"></entry></row>
</tbody></tgroup></informaltable>
</refsect3><refsect3 id="polkit-action-description-get-implicit-active.returns" role="returns">
<title>Returns</title>
<para> A value from the <link linkend="PolkitImplicitAuthorization"><type>PolkitImplicitAuthorization</type></link> enumeration.</para>
</refsect3></refsect2>
<refsect2 id="polkit-action-description-get-annotation" role="function">
<title>polkit_action_description_get_annotation&#160;()</title>
<indexterm zone="polkit-action-description-get-annotation"><primary sortas="action_description_get_annotation">polkit_action_description_get_annotation</primary></indexterm>
<programlisting language="C">const <link linkend="gchar"><returnvalue>gchar</returnvalue></link>&#160;*
polkit_action_description_get_annotation
                               (<parameter><link linkend="PolkitActionDescription"><type>PolkitActionDescription</type></link> *action_description</parameter>,
                                <parameter>const <link linkend="gchar"><type>gchar</type></link> *key</parameter>);</programlisting>
<para>Get the value of the annotation with <parameter>key</parameter>
.</para>
<refsect3 id="polkit-action-description-get-annotation.parameters" role="parameters">
<title>Parameters</title>
<informaltable role="parameters_table" pgwide="1" frame="none">
<tgroup cols="3">
<colspec colname="parameters_name" colwidth="150px"/>
<colspec colname="parameters_description"/>
<colspec colname="parameters_annotations" colwidth="200px"/>
<tbody>
<row><entry role="parameter_name"><para>action_description</para></entry>
<entry role="parameter_description"><para>A <link linkend="PolkitActionDescription"><type>PolkitActionDescription</type></link>.</para></entry>
<entry role="parameter_annotations"></entry></row>
<row><entry role="parameter_name"><para>key</para></entry>
<entry role="parameter_description"><para>An annotation key.</para></entry>
<entry role="parameter_annotations"></entry></row>
</tbody></tgroup></informaltable>
</refsect3><refsect3 id="polkit-action-description-get-annotation.returns" role="returns">
<title>Returns</title>
<para><link linkend="NULL:CAPS"><literal>NULL</literal></link> if there is no annoation with <parameter>key</parameter>
,
otherwise the annotation value owned by <parameter>action_description</parameter>
. Do not
free. </para>
<para><emphasis role="annotation">[<acronym>allow-none</acronym>]</emphasis></para>
</refsect3></refsect2>
<refsect2 id="polkit-action-description-get-annotation-keys" role="function">
<title>polkit_action_description_get_annotation_keys&#160;()</title>
<indexterm zone="polkit-action-description-get-annotation-keys"><primary sortas="action_description_get_annotation_keys">polkit_action_description_get_annotation_keys</primary></indexterm>
<programlisting language="C">const <link linkend="gchar"><returnvalue>gchar</returnvalue></link>&#160;* const *
polkit_action_description_get_annotation_keys
                               (<parameter><link linkend="PolkitActionDescription"><type>PolkitActionDescription</type></link> *action_description</parameter>);</programlisting>
<para>Gets the keys of annotations defined in <parameter>action_description</parameter>
.</para>
<refsect3 id="polkit-action-description-get-annotation-keys.parameters" role="parameters">
<title>Parameters</title>
<informaltable role="parameters_table" pgwide="1" frame="none">
<tgroup cols="3">
<colspec colname="parameters_name" colwidth="150px"/>
<colspec colname="parameters_description"/>
<colspec colname="parameters_annotations" colwidth="200px"/>
<tbody>
<row><entry role="parameter_name"><para>action_description</para></entry>
<entry role="parameter_description"><para>A <link linkend="PolkitActionDescription"><type>PolkitActionDescription</type></link>.</para></entry>
<entry role="parameter_annotations"></entry></row>
</tbody></tgroup></informaltable>
</refsect3><refsect3 id="polkit-action-description-get-annotation-keys.returns" role="returns">
<title>Returns</title>
<para>The annotation keys owned by <parameter>action_description</parameter>
. Do not free. </para>
<para><emphasis role="annotation">[<acronym>transfer none</acronym>]</emphasis></para>
</refsect3></refsect2>
<refsect2 id="polkit-implicit-authorization-to-string" role="function">
<title>polkit_implicit_authorization_to_string&#160;()</title>
<indexterm zone="polkit-implicit-authorization-to-string"><primary sortas="implicit_authorization_to_string">polkit_implicit_authorization_to_string</primary></indexterm>
<programlisting language="C">const <link linkend="gchar"><returnvalue>gchar</returnvalue></link>&#160;*
polkit_implicit_authorization_to_string
                               (<parameter><link linkend="PolkitImplicitAuthorization"><type>PolkitImplicitAuthorization</type></link> implicit_authorization</parameter>);</programlisting>
</refsect2>
<refsect2 id="polkit-implicit-authorization-from-string" role="function">
<title>polkit_implicit_authorization_from_string&#160;()</title>
<indexterm zone="polkit-implicit-authorization-from-string"><primary sortas="implicit_authorization_from_string">polkit_implicit_authorization_from_string</primary></indexterm>
<programlisting language="C"><link linkend="gboolean"><returnvalue>gboolean</returnvalue></link>
polkit_implicit_authorization_from_string
                               (<parameter>const <link linkend="gchar"><type>gchar</type></link> *string</parameter>,
                                <parameter><link linkend="PolkitImplicitAuthorization"><type>PolkitImplicitAuthorization</type></link> *out_implicit_authorization</parameter>);</programlisting>
<refsect3 id="polkit-implicit-authorization-from-string.parameters" role="parameters">
<title>Parameters</title>
<informaltable role="parameters_table" pgwide="1" frame="none">
<tgroup cols="3">
<colspec colname="parameters_name" colwidth="150px"/>
<colspec colname="parameters_description"/>
<colspec colname="parameters_annotations" colwidth="200px"/>
<tbody>
<row><entry role="parameter_name"><para>string</para></entry>
<entry role="parameter_description"><para>A string</para></entry>
<entry role="parameter_annotations"></entry></row>
<row><entry role="parameter_name"><para>out_implicit_authorization</para></entry>
<entry role="parameter_description"><para>The location of the resulting deserialization. </para></entry>
<entry role="parameter_annotations"><emphasis role="annotation">[<acronym>out caller-allocates</acronym> optional]</emphasis></entry></row>
</tbody></tgroup></informaltable>
</refsect3></refsect2>

</refsect1>
<refsect1 id="PolkitActionDescription.other_details" role="details">
<title role="details.title">Types and Values</title>
<refsect2 id="PolkitActionDescription-struct" role="struct">
<title>PolkitActionDescription</title>
<indexterm zone="PolkitActionDescription-struct"><primary sortas="ActionDescription">PolkitActionDescription</primary></indexterm>
<programlisting language="C">typedef struct _PolkitActionDescription PolkitActionDescription;</programlisting>
<para>The <link linkend="PolkitActionDescription"><type>PolkitActionDescription</type></link> struct should not be accessed directly.</para>
</refsect2>
<refsect2 id="PolkitImplicitAuthorization" role="enum">
<title>enum PolkitImplicitAuthorization</title>
<indexterm zone="PolkitImplicitAuthorization"><primary sortas="ImplicitAuthorization">PolkitImplicitAuthorization</primary></indexterm>
<para>Possible implicit authorizations.</para>
<refsect3 id="PolkitImplicitAuthorization.members" role="enum_members">
<title>Members</title>
<informaltable role="enum_members_table" pgwide="1" frame="none">
<tgroup cols="3">
<colspec colname="enum_members_name" colwidth="300px"/>
<colspec colname="enum_members_description"/>
<colspec colname="enum_members_annotations" colwidth="200px"/>
<tbody>
<row role="constant"><entry role="enum_member_name"><para id="POLKIT-IMPLICIT-AUTHORIZATION-UNKNOWN:CAPS">POLKIT_IMPLICIT_AUTHORIZATION_UNKNOWN</para></entry>
<entry role="enum_member_description"><para>Unknown whether the subject is authorized, never returned in any public API.</para>
</entry>
<entry role="enum_member_annotations"></entry>
</row>
<row role="constant"><entry role="enum_member_name"><para id="POLKIT-IMPLICIT-AUTHORIZATION-NOT-AUTHORIZED:CAPS">POLKIT_IMPLICIT_AUTHORIZATION_NOT_AUTHORIZED</para></entry>
<entry role="enum_member_description"><para>Subject is not authorized.</para>
</entry>
<entry role="enum_member_annotations"></entry>
</row>
<row role="constant"><entry role="enum_member_name"><para id="POLKIT-IMPLICIT-AUTHORIZATION-AUTHENTICATION-REQUIRED:CAPS">POLKIT_IMPLICIT_AUTHORIZATION_AUTHENTICATION_REQUIRED</para></entry>
<entry role="enum_member_description"><para>Authentication is required.</para>
</entry>
<entry role="enum_member_annotations"></entry>
</row>
<row role="constant"><entry role="enum_member_name"><para id="POLKIT-IMPLICIT-AUTHORIZATION-ADMINISTRATOR-AUTHENTICATION-REQUIRED:CAPS">POLKIT_IMPLICIT_AUTHORIZATION_ADMINISTRATOR_AUTHENTICATION_REQUIRED</para></entry>
<entry role="enum_member_description"><para>Authentication as an administrator is required.</para>
</entry>
<entry role="enum_member_annotations"></entry>
</row>
<row role="constant"><entry role="enum_member_name"><para id="POLKIT-IMPLICIT-AUTHORIZATION-AUTHENTICATION-REQUIRED-RETAINED:CAPS">POLKIT_IMPLICIT_AUTHORIZATION_AUTHENTICATION_REQUIRED_RETAINED</para></entry>
<entry role="enum_member_description"><para>Authentication is required. If the authorization is obtained, it is retained.</para>
</entry>
<entry role="enum_member_annotations"></entry>
</row>
<row role="constant"><entry role="enum_member_name"><para id="POLKIT-IMPLICIT-AUTHORIZATION-ADMINISTRATOR-AUTHENTICATION-REQUIRED-RETAINED:CAPS">POLKIT_IMPLICIT_AUTHORIZATION_ADMINISTRATOR_AUTHENTICATION_REQUIRED_RETAINED</para></entry>
<entry role="enum_member_description"><para>Authentication as an administrator is required. If the authorization is obtained, it is retained.</para>
</entry>
<entry role="enum_member_annotations"></entry>
</row>
<row role="constant"><entry role="enum_member_name"><para id="POLKIT-IMPLICIT-AUTHORIZATION-AUTHORIZED:CAPS">POLKIT_IMPLICIT_AUTHORIZATION_AUTHORIZED</para></entry>
<entry role="enum_member_description"><para>The subject is authorized</para>
</entry>
<entry role="enum_member_annotations"></entry>
</row>
</tbody></tgroup></informaltable>
</refsect3></refsect2>

</refsect1>

</refentry>
