<?xml version="1.0"?>
<!DOCTYPE refentry PUBLIC "-//OASIS//DTD DocBook XML V4.1.2//EN"
               "http://www.oasis-open.org/docbook/xml/4.1.2/docbookx.dtd" [
<!ENTITY version SYSTEM "../version.xml">
<!ENTITY extensiondir SYSTEM "../extensiondir.xml">
]>
<refentry id="PolkitTemporaryAuthorization">
<refmeta>
<refentrytitle role="top_of_page" id="PolkitTemporaryAuthorization.top_of_page">PolkitTemporaryAuthorization</refentrytitle>
<manvolnum>3</manvolnum>
<refmiscinfo>POLKIT-1 Library</refmiscinfo>
</refmeta>
<refnamediv>
<refname>PolkitTemporaryAuthorization</refname>
<refpurpose>Temporary Authorizations</refpurpose>
</refnamediv>

<refsect1 id="PolkitTemporaryAuthorization.functions" role="functions_proto">
<title role="functions_proto.title">Functions</title>
<informaltable pgwide="1" frame="none">
<tgroup cols="2">
<colspec colname="functions_proto_type" colwidth="150px"/>
<colspec colname="functions_proto_name"/>
<tbody>
<row><entry role="function_type">const <link linkend="gchar"><returnvalue>gchar</returnvalue></link>&#160;*
</entry><entry role="function_name"><link linkend="polkit-temporary-authorization-get-id">polkit_temporary_authorization_get_id</link>&#160;<phrase role="c_punctuation">()</phrase></entry></row>
<row><entry role="function_type">const <link linkend="gchar"><returnvalue>gchar</returnvalue></link>&#160;*
</entry><entry role="function_name"><link linkend="polkit-temporary-authorization-get-action-id">polkit_temporary_authorization_get_action_id</link>&#160;<phrase role="c_punctuation">()</phrase></entry></row>
<row><entry role="function_type"><link linkend="PolkitSubject"><returnvalue>PolkitSubject</returnvalue></link>&#160;*
</entry><entry role="function_name"><link linkend="polkit-temporary-authorization-get-subject">polkit_temporary_authorization_get_subject</link>&#160;<phrase role="c_punctuation">()</phrase></entry></row>
<row><entry role="function_type"><link linkend="guint64"><returnvalue>guint64</returnvalue></link>
</entry><entry role="function_name"><link linkend="polkit-temporary-authorization-get-time-obtained">polkit_temporary_authorization_get_time_obtained</link>&#160;<phrase role="c_punctuation">()</phrase></entry></row>
<row><entry role="function_type"><link linkend="guint64"><returnvalue>guint64</returnvalue></link>
</entry><entry role="function_name"><link linkend="polkit-temporary-authorization-get-time-expires">polkit_temporary_authorization_get_time_expires</link>&#160;<phrase role="c_punctuation">()</phrase></entry></row>

</tbody>
</tgroup>
</informaltable>
</refsect1>
<refsect1 id="PolkitTemporaryAuthorization.other" role="other_proto">
<title role="other_proto.title">Types and Values</title>
<informaltable pgwide="1" frame="none">
<tgroup cols="2">
<colspec colname="other_proto_type" colwidth="150px"/>
<colspec colname="other_proto_name"/>
<tbody>
<row><entry role="datatype_keyword"></entry><entry role="function_name"><link linkend="PolkitTemporaryAuthorization-struct">PolkitTemporaryAuthorization</link></entry></row>

</tbody>
</tgroup>
</informaltable>
</refsect1>
<refsect1 id="PolkitTemporaryAuthorization.object-hierarchy" role="object_hierarchy">
<title role="object_hierarchy.title">Object Hierarchy</title>
<screen>    <link linkend="GObject">GObject</link>
    <phrase role="lineart">&#9584;&#9472;&#9472;</phrase> PolkitTemporaryAuthorization
</screen>
</refsect1>


<refsect1 id="PolkitTemporaryAuthorization.description" role="desc">
<title role="desc.title">Description</title>
<para>Object used to describe a temporary authorization.</para>

</refsect1>
<refsect1 id="PolkitTemporaryAuthorization.functions_details" role="details">
<title role="details.title">Functions</title>
<refsect2 id="polkit-temporary-authorization-get-id" role="function">
<title>polkit_temporary_authorization_get_id&#160;()</title>
<indexterm zone="polkit-temporary-authorization-get-id"><primary sortas="temporary_authorization_get_id">polkit_temporary_authorization_get_id</primary></indexterm>
<programlisting language="C">const <link linkend="gchar"><returnvalue>gchar</returnvalue></link>&#160;*
polkit_temporary_authorization_get_id (<parameter><link linkend="PolkitTemporaryAuthorization"><type>PolkitTemporaryAuthorization</type></link> *authorization</parameter>);</programlisting>
<para>Gets the opaque identifier for <parameter>authorization</parameter>
.</para>
<refsect3 id="polkit-temporary-authorization-get-id.parameters" role="parameters">
<title>Parameters</title>
<informaltable role="parameters_table" pgwide="1" frame="none">
<tgroup cols="3">
<colspec colname="parameters_name" colwidth="150px"/>
<colspec colname="parameters_description"/>
<colspec colname="parameters_annotations" colwidth="200px"/>
<tbody>
<row><entry role="parameter_name"><para>authorization</para></entry>
<entry role="parameter_description"><para>A <link linkend="PolkitTemporaryAuthorization"><type>PolkitTemporaryAuthorization</type></link>.</para></entry>
<entry role="parameter_annotations"></entry></row>
</tbody></tgroup></informaltable>
</refsect3><refsect3 id="polkit-temporary-authorization-get-id.returns" role="returns">
<title>Returns</title>
<para> A string owned by <parameter>authorization</parameter>
. Do not free.</para>
</refsect3></refsect2>
<refsect2 id="polkit-temporary-authorization-get-action-id" role="function">
<title>polkit_temporary_authorization_get_action_id&#160;()</title>
<indexterm zone="polkit-temporary-authorization-get-action-id"><primary sortas="temporary_authorization_get_action_id">polkit_temporary_authorization_get_action_id</primary></indexterm>
<programlisting language="C">const <link linkend="gchar"><returnvalue>gchar</returnvalue></link>&#160;*
polkit_temporary_authorization_get_action_id
                               (<parameter><link linkend="PolkitTemporaryAuthorization"><type>PolkitTemporaryAuthorization</type></link> *authorization</parameter>);</programlisting>
<para>Gets the action that <parameter>authorization</parameter>
 is for.</para>
<refsect3 id="polkit-temporary-authorization-get-action-id.parameters" role="parameters">
<title>Parameters</title>
<informaltable role="parameters_table" pgwide="1" frame="none">
<tgroup cols="3">
<colspec colname="parameters_name" colwidth="150px"/>
<colspec colname="parameters_description"/>
<colspec colname="parameters_annotations" colwidth="200px"/>
<tbody>
<row><entry role="parameter_name"><para>authorization</para></entry>
<entry role="parameter_description"><para>A <link linkend="PolkitTemporaryAuthorization"><type>PolkitTemporaryAuthorization</type></link>.</para></entry>
<entry role="parameter_annotations"></entry></row>
</tbody></tgroup></informaltable>
</refsect3><refsect3 id="polkit-temporary-authorization-get-action-id.returns" role="returns">
<title>Returns</title>
<para> A string owned by <parameter>authorization</parameter>
. Do not free.</para>
</refsect3></refsect2>
<refsect2 id="polkit-temporary-authorization-get-subject" role="function">
<title>polkit_temporary_authorization_get_subject&#160;()</title>
<indexterm zone="polkit-temporary-authorization-get-subject"><primary sortas="temporary_authorization_get_subject">polkit_temporary_authorization_get_subject</primary></indexterm>
<programlisting language="C"><link linkend="PolkitSubject"><returnvalue>PolkitSubject</returnvalue></link>&#160;*
polkit_temporary_authorization_get_subject
                               (<parameter><link linkend="PolkitTemporaryAuthorization"><type>PolkitTemporaryAuthorization</type></link> *authorization</parameter>);</programlisting>
<para>Gets the subject that <parameter>authorization</parameter>
 is for.</para>
<refsect3 id="polkit-temporary-authorization-get-subject.parameters" role="parameters">
<title>Parameters</title>
<informaltable role="parameters_table" pgwide="1" frame="none">
<tgroup cols="3">
<colspec colname="parameters_name" colwidth="150px"/>
<colspec colname="parameters_description"/>
<colspec colname="parameters_annotations" colwidth="200px"/>
<tbody>
<row><entry role="parameter_name"><para>authorization</para></entry>
<entry role="parameter_description"><para>A <link linkend="PolkitTemporaryAuthorization"><type>PolkitTemporaryAuthorization</type></link>.</para></entry>
<entry role="parameter_annotations"></entry></row>
</tbody></tgroup></informaltable>
</refsect3><refsect3 id="polkit-temporary-authorization-get-subject.returns" role="returns">
<title>Returns</title>
<para>A <link linkend="PolkitSubject"><type>PolkitSubject</type></link>, free with <link linkend="g-object-unref"><function>g_object_unref()</function></link>. </para>
<para><emphasis role="annotation">[<acronym>transfer full</acronym>]</emphasis></para>
</refsect3></refsect2>
<refsect2 id="polkit-temporary-authorization-get-time-obtained" role="function">
<title>polkit_temporary_authorization_get_time_obtained&#160;()</title>
<indexterm zone="polkit-temporary-authorization-get-time-obtained"><primary sortas="temporary_authorization_get_time_obtained">polkit_temporary_authorization_get_time_obtained</primary></indexterm>
<programlisting language="C"><link linkend="guint64"><returnvalue>guint64</returnvalue></link>
polkit_temporary_authorization_get_time_obtained
                               (<parameter><link linkend="PolkitTemporaryAuthorization"><type>PolkitTemporaryAuthorization</type></link> *authorization</parameter>);</programlisting>
<para>Gets the time when <parameter>authorization</parameter>
 was obtained.</para>
<para>(Note that the PolicyKit daemon is using monotonic time internally
so the returned value may change if system time changes.)</para>
<refsect3 id="polkit-temporary-authorization-get-time-obtained.parameters" role="parameters">
<title>Parameters</title>
<informaltable role="parameters_table" pgwide="1" frame="none">
<tgroup cols="3">
<colspec colname="parameters_name" colwidth="150px"/>
<colspec colname="parameters_description"/>
<colspec colname="parameters_annotations" colwidth="200px"/>
<tbody>
<row><entry role="parameter_name"><para>authorization</para></entry>
<entry role="parameter_description"><para>A <link linkend="PolkitTemporaryAuthorization"><type>PolkitTemporaryAuthorization</type></link>.</para></entry>
<entry role="parameter_annotations"></entry></row>
</tbody></tgroup></informaltable>
</refsect3><refsect3 id="polkit-temporary-authorization-get-time-obtained.returns" role="returns">
<title>Returns</title>
<para> Seconds since the Epoch Jan 1. 1970, 0:00 UTC.</para>
</refsect3></refsect2>
<refsect2 id="polkit-temporary-authorization-get-time-expires" role="function">
<title>polkit_temporary_authorization_get_time_expires&#160;()</title>
<indexterm zone="polkit-temporary-authorization-get-time-expires"><primary sortas="temporary_authorization_get_time_expires">polkit_temporary_authorization_get_time_expires</primary></indexterm>
<programlisting language="C"><link linkend="guint64"><returnvalue>guint64</returnvalue></link>
polkit_temporary_authorization_get_time_expires
                               (<parameter><link linkend="PolkitTemporaryAuthorization"><type>PolkitTemporaryAuthorization</type></link> *authorization</parameter>);</programlisting>
<para>Gets the time when <parameter>authorization</parameter>
 will expire.</para>
<para>(Note that the PolicyKit daemon is using monotonic time internally
so the returned value may change if system time changes.)</para>
<refsect3 id="polkit-temporary-authorization-get-time-expires.parameters" role="parameters">
<title>Parameters</title>
<informaltable role="parameters_table" pgwide="1" frame="none">
<tgroup cols="3">
<colspec colname="parameters_name" colwidth="150px"/>
<colspec colname="parameters_description"/>
<colspec colname="parameters_annotations" colwidth="200px"/>
<tbody>
<row><entry role="parameter_name"><para>authorization</para></entry>
<entry role="parameter_description"><para>A <link linkend="PolkitTemporaryAuthorization"><type>PolkitTemporaryAuthorization</type></link>.</para></entry>
<entry role="parameter_annotations"></entry></row>
</tbody></tgroup></informaltable>
</refsect3><refsect3 id="polkit-temporary-authorization-get-time-expires.returns" role="returns">
<title>Returns</title>
<para> Seconds since the Epoch Jan 1. 1970, 0:00 UTC.</para>
</refsect3></refsect2>

</refsect1>
<refsect1 id="PolkitTemporaryAuthorization.other_details" role="details">
<title role="details.title">Types and Values</title>
<refsect2 id="PolkitTemporaryAuthorization-struct" role="struct">
<title>PolkitTemporaryAuthorization</title>
<indexterm zone="PolkitTemporaryAuthorization-struct"><primary sortas="TemporaryAuthorization">PolkitTemporaryAuthorization</primary></indexterm>
<programlisting language="C">typedef struct _PolkitTemporaryAuthorization PolkitTemporaryAuthorization;</programlisting>
<para>The <link linkend="PolkitTemporaryAuthorization"><type>PolkitTemporaryAuthorization</type></link> struct should not be accessed directly.</para>
</refsect2>

</refsect1>

</refentry>
