<?xml version="1.0"?>
<!DOCTYPE refentry PUBLIC "-//OASIS//DTD DocBook XML V4.1.2//EN"
               "http://www.oasis-open.org/docbook/xml/4.1.2/docbookx.dtd" [
<!ENTITY version SYSTEM "../version.xml">
<!ENTITY extensiondir SYSTEM "../extensiondir.xml">
]>
<refentry id="PolkitUnixUser">
<refmeta>
<refentrytitle role="top_of_page" id="PolkitUnixUser.top_of_page">PolkitUnixUser</refentrytitle>
<manvolnum>3</manvolnum>
<refmiscinfo>POLKIT-1 Library</refmiscinfo>
</refmeta>
<refnamediv>
<refname>PolkitUnixUser</refname>
<refpurpose>Unix users</refpurpose>
</refnamediv>

<refsect1 id="PolkitUnixUser.functions" role="functions_proto">
<title role="functions_proto.title">Functions</title>
<informaltable pgwide="1" frame="none">
<tgroup cols="2">
<colspec colname="functions_proto_type" colwidth="150px"/>
<colspec colname="functions_proto_name"/>
<tbody>
<row><entry role="function_type"><link linkend="PolkitIdentity"><returnvalue>PolkitIdentity</returnvalue></link>&#160;*
</entry><entry role="function_name"><link linkend="polkit-unix-user-new">polkit_unix_user_new</link>&#160;<phrase role="c_punctuation">()</phrase></entry></row>
<row><entry role="function_type"><link linkend="PolkitIdentity"><returnvalue>PolkitIdentity</returnvalue></link>&#160;*
</entry><entry role="function_name"><link linkend="polkit-unix-user-new-for-name">polkit_unix_user_new_for_name</link>&#160;<phrase role="c_punctuation">()</phrase></entry></row>
<row><entry role="function_type"><link linkend="gint"><returnvalue>gint</returnvalue></link>
</entry><entry role="function_name"><link linkend="polkit-unix-user-get-uid">polkit_unix_user_get_uid</link>&#160;<phrase role="c_punctuation">()</phrase></entry></row>
<row><entry role="function_type"><link linkend="void"><returnvalue>void</returnvalue></link>
</entry><entry role="function_name"><link linkend="polkit-unix-user-set-uid">polkit_unix_user_set_uid</link>&#160;<phrase role="c_punctuation">()</phrase></entry></row>
<row><entry role="function_type">const <link linkend="gchar"><returnvalue>gchar</returnvalue></link>&#160;*
</entry><entry role="function_name"><link linkend="polkit-unix-user-get-name">polkit_unix_user_get_name</link>&#160;<phrase role="c_punctuation">()</phrase></entry></row>

</tbody>
</tgroup>
</informaltable>
</refsect1>
<refsect1 id="PolkitUnixUser.properties" role="properties">
<title role="properties.title">Properties</title>
<informaltable frame="none">
<tgroup cols="3">
<colspec colname="properties_type" colwidth="150px"/>
<colspec colname="properties_name" colwidth="300px"/>
<colspec colname="properties_flags" colwidth="200px"/>
<tbody>
<row><entry role="property_type"><link linkend="int"><type>int</type></link></entry><entry role="property_name"><link linkend="PolkitUnixUser--uid">uid</link></entry><entry role="property_flags">Read / Write / Construct</entry></row>

</tbody>
</tgroup>
</informaltable>
</refsect1>
<refsect1 id="PolkitUnixUser.other" role="other_proto">
<title role="other_proto.title">Types and Values</title>
<informaltable pgwide="1" frame="none">
<tgroup cols="2">
<colspec colname="other_proto_type" colwidth="150px"/>
<colspec colname="other_proto_name"/>
<tbody>
<row><entry role="datatype_keyword"></entry><entry role="function_name"><link linkend="PolkitUnixUser-struct">PolkitUnixUser</link></entry></row>

</tbody>
</tgroup>
</informaltable>
</refsect1>
<refsect1 id="PolkitUnixUser.object-hierarchy" role="object_hierarchy">
<title role="object_hierarchy.title">Object Hierarchy</title>
<screen>    <link linkend="GObject">GObject</link>
    <phrase role="lineart">&#9584;&#9472;&#9472;</phrase> PolkitUnixUser
</screen>
</refsect1>
<refsect1 id="PolkitUnixUser.implemented-interfaces" role="impl_interfaces">
<title role="impl_interfaces.title">Implemented Interfaces</title>
<para>
PolkitUnixUser implements
 <link linkend="PolkitIdentity">PolkitIdentity</link>.</para>

</refsect1>


<refsect1 id="PolkitUnixUser.description" role="desc">
<title role="desc.title">Description</title>
<para>An object representing a user identity on a UNIX system.</para>

</refsect1>
<refsect1 id="PolkitUnixUser.functions_details" role="details">
<title role="details.title">Functions</title>
<refsect2 id="polkit-unix-user-new" role="function">
<title>polkit_unix_user_new&#160;()</title>
<indexterm zone="polkit-unix-user-new"><primary sortas="unix_user_new">polkit_unix_user_new</primary></indexterm>
<programlisting language="C"><link linkend="PolkitIdentity"><returnvalue>PolkitIdentity</returnvalue></link>&#160;*
polkit_unix_user_new (<parameter><link linkend="gint"><type>gint</type></link> uid</parameter>);</programlisting>
<para>Creates a new <link linkend="PolkitUnixUser"><type>PolkitUnixUser</type></link> object for <parameter>uid</parameter>
.</para>
<refsect3 id="polkit-unix-user-new.parameters" role="parameters">
<title>Parameters</title>
<informaltable role="parameters_table" pgwide="1" frame="none">
<tgroup cols="3">
<colspec colname="parameters_name" colwidth="150px"/>
<colspec colname="parameters_description"/>
<colspec colname="parameters_annotations" colwidth="200px"/>
<tbody>
<row><entry role="parameter_name"><para>uid</para></entry>
<entry role="parameter_description"><para>A UNIX user id.</para></entry>
<entry role="parameter_annotations"></entry></row>
</tbody></tgroup></informaltable>
</refsect3><refsect3 id="polkit-unix-user-new.returns" role="returns">
<title>Returns</title>
<para>A <link linkend="PolkitUnixUser"><type>PolkitUnixUser</type></link> object. Free with <link linkend="g-object-unref"><function>g_object_unref()</function></link>. </para>
<para><emphasis role="annotation">[<acronym>transfer full</acronym>]</emphasis></para>
</refsect3></refsect2>
<refsect2 id="polkit-unix-user-new-for-name" role="function">
<title>polkit_unix_user_new_for_name&#160;()</title>
<indexterm zone="polkit-unix-user-new-for-name"><primary sortas="unix_user_new_for_name">polkit_unix_user_new_for_name</primary></indexterm>
<programlisting language="C"><link linkend="PolkitIdentity"><returnvalue>PolkitIdentity</returnvalue></link>&#160;*
polkit_unix_user_new_for_name (<parameter>const <link linkend="gchar"><type>gchar</type></link> *name</parameter>,
                               <parameter><link linkend="GError"><type>GError</type></link> **error</parameter>);</programlisting>
<para>Creates a new <link linkend="PolkitUnixUser"><type>PolkitUnixUser</type></link> object for a user with the user name
<parameter>name</parameter>
.</para>
<refsect3 id="polkit-unix-user-new-for-name.parameters" role="parameters">
<title>Parameters</title>
<informaltable role="parameters_table" pgwide="1" frame="none">
<tgroup cols="3">
<colspec colname="parameters_name" colwidth="150px"/>
<colspec colname="parameters_description"/>
<colspec colname="parameters_annotations" colwidth="200px"/>
<tbody>
<row><entry role="parameter_name"><para>name</para></entry>
<entry role="parameter_description"><para>A UNIX user name.</para></entry>
<entry role="parameter_annotations"></entry></row>
<row><entry role="parameter_name"><para>error</para></entry>
<entry role="parameter_description"><para>Return location for error.</para></entry>
<entry role="parameter_annotations"></entry></row>
</tbody></tgroup></informaltable>
</refsect3><refsect3 id="polkit-unix-user-new-for-name.returns" role="returns">
<title>Returns</title>
<para>A <link linkend="PolkitUnixUser"><type>PolkitUnixUser</type></link> object or <link linkend="NULL:CAPS"><literal>NULL</literal></link> if <parameter>error</parameter>
is set. </para>
<para><emphasis role="annotation">[<acronym>allow-none</acronym>][<acronym>transfer full</acronym>]</emphasis></para>
</refsect3></refsect2>
<refsect2 id="polkit-unix-user-get-uid" role="function">
<title>polkit_unix_user_get_uid&#160;()</title>
<indexterm zone="polkit-unix-user-get-uid"><primary sortas="unix_user_get_uid">polkit_unix_user_get_uid</primary></indexterm>
<programlisting language="C"><link linkend="gint"><returnvalue>gint</returnvalue></link>
polkit_unix_user_get_uid (<parameter><link linkend="PolkitUnixUser"><type>PolkitUnixUser</type></link> *user</parameter>);</programlisting>
<para>Gets the UNIX user id for <parameter>user</parameter>
.</para>
<refsect3 id="polkit-unix-user-get-uid.parameters" role="parameters">
<title>Parameters</title>
<informaltable role="parameters_table" pgwide="1" frame="none">
<tgroup cols="3">
<colspec colname="parameters_name" colwidth="150px"/>
<colspec colname="parameters_description"/>
<colspec colname="parameters_annotations" colwidth="200px"/>
<tbody>
<row><entry role="parameter_name"><para>user</para></entry>
<entry role="parameter_description"><para>A <link linkend="PolkitUnixUser"><type>PolkitUnixUser</type></link>.</para></entry>
<entry role="parameter_annotations"></entry></row>
</tbody></tgroup></informaltable>
</refsect3><refsect3 id="polkit-unix-user-get-uid.returns" role="returns">
<title>Returns</title>
<para> A UNIX user id.</para>
</refsect3></refsect2>
<refsect2 id="polkit-unix-user-set-uid" role="function">
<title>polkit_unix_user_set_uid&#160;()</title>
<indexterm zone="polkit-unix-user-set-uid"><primary sortas="unix_user_set_uid">polkit_unix_user_set_uid</primary></indexterm>
<programlisting language="C"><link linkend="void"><returnvalue>void</returnvalue></link>
polkit_unix_user_set_uid (<parameter><link linkend="PolkitUnixUser"><type>PolkitUnixUser</type></link> *user</parameter>,
                          <parameter><link linkend="gint"><type>gint</type></link> uid</parameter>);</programlisting>
<para>Sets <parameter>uid</parameter>
 for <parameter>user</parameter>
.</para>
<refsect3 id="polkit-unix-user-set-uid.parameters" role="parameters">
<title>Parameters</title>
<informaltable role="parameters_table" pgwide="1" frame="none">
<tgroup cols="3">
<colspec colname="parameters_name" colwidth="150px"/>
<colspec colname="parameters_description"/>
<colspec colname="parameters_annotations" colwidth="200px"/>
<tbody>
<row><entry role="parameter_name"><para>user</para></entry>
<entry role="parameter_description"><para>A <link linkend="PolkitUnixUser"><type>PolkitUnixUser</type></link>.</para></entry>
<entry role="parameter_annotations"></entry></row>
<row><entry role="parameter_name"><para>uid</para></entry>
<entry role="parameter_description"><para>A UNIX user id.</para></entry>
<entry role="parameter_annotations"></entry></row>
</tbody></tgroup></informaltable>
</refsect3></refsect2>
<refsect2 id="polkit-unix-user-get-name" role="function">
<title>polkit_unix_user_get_name&#160;()</title>
<indexterm zone="polkit-unix-user-get-name"><primary sortas="unix_user_get_name">polkit_unix_user_get_name</primary></indexterm>
<programlisting language="C">const <link linkend="gchar"><returnvalue>gchar</returnvalue></link>&#160;*
polkit_unix_user_get_name (<parameter><link linkend="PolkitUnixUser"><type>PolkitUnixUser</type></link> *user</parameter>);</programlisting>
<para>Get the user's name.</para>
<refsect3 id="polkit-unix-user-get-name.parameters" role="parameters">
<title>Parameters</title>
<informaltable role="parameters_table" pgwide="1" frame="none">
<tgroup cols="3">
<colspec colname="parameters_name" colwidth="150px"/>
<colspec colname="parameters_description"/>
<colspec colname="parameters_annotations" colwidth="200px"/>
<tbody>
<row><entry role="parameter_name"><para>user</para></entry>
<entry role="parameter_description"><para>A <link linkend="PolkitUnixUser"><type>PolkitUnixUser</type></link>.</para></entry>
<entry role="parameter_annotations"></entry></row>
</tbody></tgroup></informaltable>
</refsect3><refsect3 id="polkit-unix-user-get-name.returns" role="returns">
<title>Returns</title>
<para>User name string or <link linkend="NULL:CAPS"><literal>NULL</literal></link> if user uid not found. </para>
<para><emphasis role="annotation">[<acronym>allow-none</acronym>][<acronym>transfer none</acronym>]</emphasis></para>
</refsect3></refsect2>

</refsect1>
<refsect1 id="PolkitUnixUser.other_details" role="details">
<title role="details.title">Types and Values</title>
<refsect2 id="PolkitUnixUser-struct" role="struct">
<title>PolkitUnixUser</title>
<indexterm zone="PolkitUnixUser-struct"><primary sortas="UnixUser">PolkitUnixUser</primary></indexterm>
<programlisting language="C">typedef struct _PolkitUnixUser PolkitUnixUser;</programlisting>
<para>The <link linkend="PolkitUnixUser"><type>PolkitUnixUser</type></link> struct should not be accessed directly.</para>
</refsect2>

</refsect1>
<refsect1 id="PolkitUnixUser.property-details" role="property_details">
<title role="property_details.title">Property Details</title>
<refsect2 id="PolkitUnixUser--uid" role="property"><title>The <literal>“uid”</literal> property</title>
<indexterm zone="PolkitUnixUser--uid"><primary sortas="UnixUser:uid">PolkitUnixUser:uid</primary></indexterm>
<programlisting>  “uid”                      <link linkend="int"><type>int</type></link></programlisting>
<para>The UNIX user id.</para>
<para>Owner: PolkitUnixUser</para>
<para>Flags: Read / Write / Construct</para>
<para>Default value: -1</para>
</refsect2>

</refsect1>

</refentry>
