<?xml version="1.0"?>
<!DOCTYPE refentry PUBLIC "-//OASIS//DTD DocBook XML V4.1.2//EN"
               "http://www.oasis-open.org/docbook/xml/4.1.2/docbookx.dtd" [
<!ENTITY version SYSTEM "../version.xml">
<!ENTITY extensiondir SYSTEM "../extensiondir.xml">
]>
<refentry id="PolkitUnixGroup">
<refmeta>
<refentrytitle role="top_of_page" id="PolkitUnixGroup.top_of_page">PolkitUnixGroup</refentrytitle>
<manvolnum>3</manvolnum>
<refmiscinfo>POLKIT-1 Library</refmiscinfo>
</refmeta>
<refnamediv>
<refname>PolkitUnixGroup</refname>
<refpurpose>Unix groups</refpurpose>
</refnamediv>

<refsect1 id="PolkitUnixGroup.functions" role="functions_proto">
<title role="functions_proto.title">Functions</title>
<informaltable pgwide="1" frame="none">
<tgroup cols="2">
<colspec colname="functions_proto_type" colwidth="150px"/>
<colspec colname="functions_proto_name"/>
<tbody>
<row><entry role="function_type"><link linkend="PolkitIdentity"><returnvalue>PolkitIdentity</returnvalue></link>&#160;*
</entry><entry role="function_name"><link linkend="polkit-unix-group-new">polkit_unix_group_new</link>&#160;<phrase role="c_punctuation">()</phrase></entry></row>
<row><entry role="function_type"><link linkend="PolkitIdentity"><returnvalue>PolkitIdentity</returnvalue></link>&#160;*
</entry><entry role="function_name"><link linkend="polkit-unix-group-new-for-name">polkit_unix_group_new_for_name</link>&#160;<phrase role="c_punctuation">()</phrase></entry></row>
<row><entry role="function_type"><link linkend="gint"><returnvalue>gint</returnvalue></link>
</entry><entry role="function_name"><link linkend="polkit-unix-group-get-gid">polkit_unix_group_get_gid</link>&#160;<phrase role="c_punctuation">()</phrase></entry></row>
<row><entry role="function_type"><link linkend="void"><returnvalue>void</returnvalue></link>
</entry><entry role="function_name"><link linkend="polkit-unix-group-set-gid">polkit_unix_group_set_gid</link>&#160;<phrase role="c_punctuation">()</phrase></entry></row>

</tbody>
</tgroup>
</informaltable>
</refsect1>
<refsect1 id="PolkitUnixGroup.properties" role="properties">
<title role="properties.title">Properties</title>
<informaltable frame="none">
<tgroup cols="3">
<colspec colname="properties_type" colwidth="150px"/>
<colspec colname="properties_name" colwidth="300px"/>
<colspec colname="properties_flags" colwidth="200px"/>
<tbody>
<row><entry role="property_type"><link linkend="int"><type>int</type></link></entry><entry role="property_name"><link linkend="PolkitUnixGroup--gid">gid</link></entry><entry role="property_flags">Read / Write / Construct</entry></row>

</tbody>
</tgroup>
</informaltable>
</refsect1>
<refsect1 id="PolkitUnixGroup.other" role="other_proto">
<title role="other_proto.title">Types and Values</title>
<informaltable pgwide="1" frame="none">
<tgroup cols="2">
<colspec colname="other_proto_type" colwidth="150px"/>
<colspec colname="other_proto_name"/>
<tbody>
<row><entry role="datatype_keyword"></entry><entry role="function_name"><link linkend="PolkitUnixGroup-struct">PolkitUnixGroup</link></entry></row>

</tbody>
</tgroup>
</informaltable>
</refsect1>
<refsect1 id="PolkitUnixGroup.object-hierarchy" role="object_hierarchy">
<title role="object_hierarchy.title">Object Hierarchy</title>
<screen>    <link linkend="GObject">GObject</link>
    <phrase role="lineart">&#9584;&#9472;&#9472;</phrase> PolkitUnixGroup
</screen>
</refsect1>
<refsect1 id="PolkitUnixGroup.implemented-interfaces" role="impl_interfaces">
<title role="impl_interfaces.title">Implemented Interfaces</title>
<para>
PolkitUnixGroup implements
 <link linkend="PolkitIdentity">PolkitIdentity</link>.</para>

</refsect1>


<refsect1 id="PolkitUnixGroup.description" role="desc">
<title role="desc.title">Description</title>
<para>An object representing a group identity on a UNIX system.</para>

</refsect1>
<refsect1 id="PolkitUnixGroup.functions_details" role="details">
<title role="details.title">Functions</title>
<refsect2 id="polkit-unix-group-new" role="function">
<title>polkit_unix_group_new&#160;()</title>
<indexterm zone="polkit-unix-group-new"><primary sortas="unix_group_new">polkit_unix_group_new</primary></indexterm>
<programlisting language="C"><link linkend="PolkitIdentity"><returnvalue>PolkitIdentity</returnvalue></link>&#160;*
polkit_unix_group_new (<parameter><link linkend="gint"><type>gint</type></link> gid</parameter>);</programlisting>
<para>Creates a new <link linkend="PolkitUnixGroup"><type>PolkitUnixGroup</type></link> object for <parameter>gid</parameter>
.</para>
<refsect3 id="polkit-unix-group-new.parameters" role="parameters">
<title>Parameters</title>
<informaltable role="parameters_table" pgwide="1" frame="none">
<tgroup cols="3">
<colspec colname="parameters_name" colwidth="150px"/>
<colspec colname="parameters_description"/>
<colspec colname="parameters_annotations" colwidth="200px"/>
<tbody>
<row><entry role="parameter_name"><para>gid</para></entry>
<entry role="parameter_description"><para>A UNIX group id.</para></entry>
<entry role="parameter_annotations"></entry></row>
</tbody></tgroup></informaltable>
</refsect3><refsect3 id="polkit-unix-group-new.returns" role="returns">
<title>Returns</title>
<para>A <link linkend="PolkitUnixGroup"><type>PolkitUnixGroup</type></link> object. Free with <link linkend="g-object-unref"><function>g_object_unref()</function></link>. </para>
<para><emphasis role="annotation">[<acronym>transfer full</acronym>]</emphasis></para>
</refsect3></refsect2>
<refsect2 id="polkit-unix-group-new-for-name" role="function">
<title>polkit_unix_group_new_for_name&#160;()</title>
<indexterm zone="polkit-unix-group-new-for-name"><primary sortas="unix_group_new_for_name">polkit_unix_group_new_for_name</primary></indexterm>
<programlisting language="C"><link linkend="PolkitIdentity"><returnvalue>PolkitIdentity</returnvalue></link>&#160;*
polkit_unix_group_new_for_name (<parameter>const <link linkend="gchar"><type>gchar</type></link> *name</parameter>,
                                <parameter><link linkend="GError"><type>GError</type></link> **error</parameter>);</programlisting>
<para>Creates a new <link linkend="PolkitUnixGroup"><type>PolkitUnixGroup</type></link> object for a group with the group name
<parameter>name</parameter>
.</para>
<refsect3 id="polkit-unix-group-new-for-name.parameters" role="parameters">
<title>Parameters</title>
<informaltable role="parameters_table" pgwide="1" frame="none">
<tgroup cols="3">
<colspec colname="parameters_name" colwidth="150px"/>
<colspec colname="parameters_description"/>
<colspec colname="parameters_annotations" colwidth="200px"/>
<tbody>
<row><entry role="parameter_name"><para>name</para></entry>
<entry role="parameter_description"><para>A UNIX group name.</para></entry>
<entry role="parameter_annotations"></entry></row>
<row><entry role="parameter_name"><para>error</para></entry>
<entry role="parameter_description"><para>Return location for error.</para></entry>
<entry role="parameter_annotations"></entry></row>
</tbody></tgroup></informaltable>
</refsect3><refsect3 id="polkit-unix-group-new-for-name.returns" role="returns">
<title>Returns</title>
<para>A <link linkend="PolkitUnixGroup"><type>PolkitUnixGroup</type></link> object or <link linkend="NULL:CAPS"><literal>NULL</literal></link> if <parameter>error</parameter>
is set. </para>
<para><emphasis role="annotation">[<acronym>transfer full</acronym>][<acronym>allow-none</acronym>]</emphasis></para>
</refsect3></refsect2>
<refsect2 id="polkit-unix-group-get-gid" role="function">
<title>polkit_unix_group_get_gid&#160;()</title>
<indexterm zone="polkit-unix-group-get-gid"><primary sortas="unix_group_get_gid">polkit_unix_group_get_gid</primary></indexterm>
<programlisting language="C"><link linkend="gint"><returnvalue>gint</returnvalue></link>
polkit_unix_group_get_gid (<parameter><link linkend="PolkitUnixGroup"><type>PolkitUnixGroup</type></link> *group</parameter>);</programlisting>
<para>Gets the UNIX group id for <parameter>group</parameter>
.</para>
<refsect3 id="polkit-unix-group-get-gid.parameters" role="parameters">
<title>Parameters</title>
<informaltable role="parameters_table" pgwide="1" frame="none">
<tgroup cols="3">
<colspec colname="parameters_name" colwidth="150px"/>
<colspec colname="parameters_description"/>
<colspec colname="parameters_annotations" colwidth="200px"/>
<tbody>
<row><entry role="parameter_name"><para>group</para></entry>
<entry role="parameter_description"><para>A <link linkend="PolkitUnixGroup"><type>PolkitUnixGroup</type></link>.</para></entry>
<entry role="parameter_annotations"></entry></row>
</tbody></tgroup></informaltable>
</refsect3><refsect3 id="polkit-unix-group-get-gid.returns" role="returns">
<title>Returns</title>
<para> A UNIX group id.</para>
</refsect3></refsect2>
<refsect2 id="polkit-unix-group-set-gid" role="function">
<title>polkit_unix_group_set_gid&#160;()</title>
<indexterm zone="polkit-unix-group-set-gid"><primary sortas="unix_group_set_gid">polkit_unix_group_set_gid</primary></indexterm>
<programlisting language="C"><link linkend="void"><returnvalue>void</returnvalue></link>
polkit_unix_group_set_gid (<parameter><link linkend="PolkitUnixGroup"><type>PolkitUnixGroup</type></link> *group</parameter>,
                           <parameter><link linkend="gint"><type>gint</type></link> gid</parameter>);</programlisting>
<para>Sets <parameter>gid</parameter>
 for <parameter>group</parameter>
.</para>
<refsect3 id="polkit-unix-group-set-gid.parameters" role="parameters">
<title>Parameters</title>
<informaltable role="parameters_table" pgwide="1" frame="none">
<tgroup cols="3">
<colspec colname="parameters_name" colwidth="150px"/>
<colspec colname="parameters_description"/>
<colspec colname="parameters_annotations" colwidth="200px"/>
<tbody>
<row><entry role="parameter_name"><para>group</para></entry>
<entry role="parameter_description"><para>A <link linkend="PolkitUnixGroup"><type>PolkitUnixGroup</type></link>.</para></entry>
<entry role="parameter_annotations"></entry></row>
<row><entry role="parameter_name"><para>gid</para></entry>
<entry role="parameter_description"><para>A UNIX group id.</para></entry>
<entry role="parameter_annotations"></entry></row>
</tbody></tgroup></informaltable>
</refsect3></refsect2>

</refsect1>
<refsect1 id="PolkitUnixGroup.other_details" role="details">
<title role="details.title">Types and Values</title>
<refsect2 id="PolkitUnixGroup-struct" role="struct">
<title>PolkitUnixGroup</title>
<indexterm zone="PolkitUnixGroup-struct"><primary sortas="UnixGroup">PolkitUnixGroup</primary></indexterm>
<programlisting language="C">typedef struct _PolkitUnixGroup PolkitUnixGroup;</programlisting>
<para>The <link linkend="PolkitUnixGroup"><type>PolkitUnixGroup</type></link> struct should not be accessed directly.</para>
</refsect2>

</refsect1>
<refsect1 id="PolkitUnixGroup.property-details" role="property_details">
<title role="property_details.title">Property Details</title>
<refsect2 id="PolkitUnixGroup--gid" role="property"><title>The <literal>“gid”</literal> property</title>
<indexterm zone="PolkitUnixGroup--gid"><primary sortas="UnixGroup:gid">PolkitUnixGroup:gid</primary></indexterm>
<programlisting>  “gid”                      <link linkend="int"><type>int</type></link></programlisting>
<para>The UNIX group id.</para>
<para>Owner: PolkitUnixGroup</para>
<para>Flags: Read / Write / Construct</para>
<para>Default value: -1</para>
</refsect2>

</refsect1>

</refentry>
