<?xml version="1.0"?>
<!DOCTYPE refentry PUBLIC "-//OASIS//DTD DocBook XML V4.1.2//EN"
               "http://www.oasis-open.org/docbook/xml/4.1.2/docbookx.dtd" [
<!ENTITY version SYSTEM "../version.xml">
<!ENTITY extensiondir SYSTEM "../extensiondir.xml">
]>
<refentry id="PolkitUnixSession">
<refmeta>
<refentrytitle role="top_of_page" id="PolkitUnixSession.top_of_page">PolkitUnixSession</refentrytitle>
<manvolnum>3</manvolnum>
<refmiscinfo>POLKIT-1 Library</refmiscinfo>
</refmeta>
<refnamediv>
<refname>PolkitUnixSession</refname>
<refpurpose>Unix sessions</refpurpose>
</refnamediv>

<refsect1 id="PolkitUnixSession.functions" role="functions_proto">
<title role="functions_proto.title">Functions</title>
<informaltable pgwide="1" frame="none">
<tgroup cols="2">
<colspec colname="functions_proto_type" colwidth="150px"/>
<colspec colname="functions_proto_name"/>
<tbody>
<row><entry role="function_type"><link linkend="PolkitSubject"><returnvalue>PolkitSubject</returnvalue></link>&#160;*
</entry><entry role="function_name"><link linkend="polkit-unix-session-new">polkit_unix_session_new</link>&#160;<phrase role="c_punctuation">()</phrase></entry></row>
<row><entry role="function_type"><link linkend="void"><returnvalue>void</returnvalue></link>
</entry><entry role="function_name"><link linkend="polkit-unix-session-new-for-process">polkit_unix_session_new_for_process</link>&#160;<phrase role="c_punctuation">()</phrase></entry></row>
<row><entry role="function_type"><link linkend="PolkitSubject"><returnvalue>PolkitSubject</returnvalue></link>&#160;*
</entry><entry role="function_name"><link linkend="polkit-unix-session-new-for-process-finish">polkit_unix_session_new_for_process_finish</link>&#160;<phrase role="c_punctuation">()</phrase></entry></row>
<row><entry role="function_type"><link linkend="PolkitSubject"><returnvalue>PolkitSubject</returnvalue></link>&#160;*
</entry><entry role="function_name"><link linkend="polkit-unix-session-new-for-process-sync">polkit_unix_session_new_for_process_sync</link>&#160;<phrase role="c_punctuation">()</phrase></entry></row>
<row><entry role="function_type">const <link linkend="gchar"><returnvalue>gchar</returnvalue></link>&#160;*
</entry><entry role="function_name"><link linkend="polkit-unix-session-get-session-id">polkit_unix_session_get_session_id</link>&#160;<phrase role="c_punctuation">()</phrase></entry></row>
<row><entry role="function_type"><link linkend="void"><returnvalue>void</returnvalue></link>
</entry><entry role="function_name"><link linkend="polkit-unix-session-set-session-id">polkit_unix_session_set_session_id</link>&#160;<phrase role="c_punctuation">()</phrase></entry></row>

</tbody>
</tgroup>
</informaltable>
</refsect1>
<refsect1 id="PolkitUnixSession.properties" role="properties">
<title role="properties.title">Properties</title>
<informaltable frame="none">
<tgroup cols="3">
<colspec colname="properties_type" colwidth="150px"/>
<colspec colname="properties_name" colwidth="300px"/>
<colspec colname="properties_flags" colwidth="200px"/>
<tbody>
<row><entry role="property_type"><link linkend="int"><type>int</type></link></entry><entry role="property_name"><link linkend="PolkitUnixSession--pid">pid</link></entry><entry role="property_flags">Write / Construct&#160;Only</entry></row>
<row><entry role="property_type"><link linkend="char"><type>char</type></link>&#160;*</entry><entry role="property_name"><link linkend="PolkitUnixSession--session-id">session-id</link></entry><entry role="property_flags">Read / Write / Construct</entry></row>

</tbody>
</tgroup>
</informaltable>
</refsect1>
<refsect1 id="PolkitUnixSession.other" role="other_proto">
<title role="other_proto.title">Types and Values</title>
<informaltable pgwide="1" frame="none">
<tgroup cols="2">
<colspec colname="other_proto_type" colwidth="150px"/>
<colspec colname="other_proto_name"/>
<tbody>
<row><entry role="datatype_keyword"></entry><entry role="function_name"><link linkend="PolkitUnixSession-struct">PolkitUnixSession</link></entry></row>

</tbody>
</tgroup>
</informaltable>
</refsect1>
<refsect1 id="PolkitUnixSession.object-hierarchy" role="object_hierarchy">
<title role="object_hierarchy.title">Object Hierarchy</title>
<screen>    <link linkend="GObject">GObject</link>
    <phrase role="lineart">&#9584;&#9472;&#9472;</phrase> PolkitUnixSession
</screen>
</refsect1>
<refsect1 id="PolkitUnixSession.implemented-interfaces" role="impl_interfaces">
<title role="impl_interfaces.title">Implemented Interfaces</title>
<para>
PolkitUnixSession implements
 <link linkend="PolkitSubject">PolkitSubject</link>,  <link linkend="GInitable">GInitable</link> and  <link linkend="GAsyncInitable">GAsyncInitable</link>.</para>

</refsect1>


<refsect1 id="PolkitUnixSession.description" role="desc">
<title role="desc.title">Description</title>
<para>An object that represents an user session.</para>
<para>The session id is an opaque string obtained from ConsoleKit.</para>

</refsect1>
<refsect1 id="PolkitUnixSession.functions_details" role="details">
<title role="details.title">Functions</title>
<refsect2 id="polkit-unix-session-new" role="function">
<title>polkit_unix_session_new&#160;()</title>
<indexterm zone="polkit-unix-session-new"><primary sortas="unix_session_new">polkit_unix_session_new</primary></indexterm>
<programlisting language="C"><link linkend="PolkitSubject"><returnvalue>PolkitSubject</returnvalue></link>&#160;*
polkit_unix_session_new (<parameter>const <link linkend="gchar"><type>gchar</type></link> *session_id</parameter>);</programlisting>
<para>Creates a new <link linkend="PolkitUnixSession"><type>PolkitUnixSession</type></link> for <parameter>session_id</parameter>
.</para>
<refsect3 id="polkit-unix-session-new.parameters" role="parameters">
<title>Parameters</title>
<informaltable role="parameters_table" pgwide="1" frame="none">
<tgroup cols="3">
<colspec colname="parameters_name" colwidth="150px"/>
<colspec colname="parameters_description"/>
<colspec colname="parameters_annotations" colwidth="200px"/>
<tbody>
<row><entry role="parameter_name"><para>session_id</para></entry>
<entry role="parameter_description"><para>The session id.</para></entry>
<entry role="parameter_annotations"></entry></row>
</tbody></tgroup></informaltable>
</refsect3><refsect3 id="polkit-unix-session-new.returns" role="returns">
<title>Returns</title>
<para>A <link linkend="PolkitUnixSession"><type>PolkitUnixSession</type></link>. Free with <link linkend="g-object-unref"><function>g_object_unref()</function></link>. </para>
<para><emphasis role="annotation">[<acronym>transfer full</acronym>]</emphasis></para>
</refsect3></refsect2>
<refsect2 id="polkit-unix-session-new-for-process" role="function">
<title>polkit_unix_session_new_for_process&#160;()</title>
<indexterm zone="polkit-unix-session-new-for-process"><primary sortas="unix_session_new_for_process">polkit_unix_session_new_for_process</primary></indexterm>
<programlisting language="C"><link linkend="void"><returnvalue>void</returnvalue></link>
polkit_unix_session_new_for_process (<parameter><link linkend="gint"><type>gint</type></link> pid</parameter>,
                                     <parameter><link linkend="GCancellable"><type>GCancellable</type></link> *cancellable</parameter>,
                                     <parameter><link linkend="GAsyncReadyCallback"><type>GAsyncReadyCallback</type></link> callback</parameter>,
                                     <parameter><link linkend="gpointer"><type>gpointer</type></link> user_data</parameter>);</programlisting>
<para>Asynchronously creates a new <link linkend="PolkitUnixSession"><type>PolkitUnixSession</type></link> object for the
process with process id <parameter>pid</parameter>
.</para>
<para>When the operation is finished, <parameter>callback</parameter>
 will be invoked in the</para>
<link linkend="g-main-context-push-thread-default">thread-default
main loop</link> of the thread you are calling this method
<para>from. You can then call
<link linkend="polkit-unix-session-new-for-process-finish"><function>polkit_unix_session_new_for_process_finish()</function></link> to get the result of
the operation.</para>
<para>This method constructs the object asynchronously, for the synchronous and blocking version
use <link linkend="polkit-unix-session-new-for-process-sync"><function>polkit_unix_session_new_for_process_sync()</function></link>.</para>
<refsect3 id="polkit-unix-session-new-for-process.parameters" role="parameters">
<title>Parameters</title>
<informaltable role="parameters_table" pgwide="1" frame="none">
<tgroup cols="3">
<colspec colname="parameters_name" colwidth="150px"/>
<colspec colname="parameters_description"/>
<colspec colname="parameters_annotations" colwidth="200px"/>
<tbody>
<row><entry role="parameter_name"><para>pid</para></entry>
<entry role="parameter_description"><para>The process id of the process to get the session for.</para></entry>
<entry role="parameter_annotations"></entry></row>
<row><entry role="parameter_name"><para>cancellable</para></entry>
<entry role="parameter_description"><para>A <link linkend="GCancellable"><type>GCancellable</type></link> or <link linkend="NULL:CAPS"><literal>NULL</literal></link>. </para></entry>
<entry role="parameter_annotations"><emphasis role="annotation">[<acronym>allow-none</acronym>]</emphasis></entry></row>
<row><entry role="parameter_name"><para>callback</para></entry>
<entry role="parameter_description"><para>A <link linkend="GAsyncReadyCallback"><type>GAsyncReadyCallback</type></link> to call when the request is satisfied</para></entry>
<entry role="parameter_annotations"></entry></row>
<row><entry role="parameter_name"><para>user_data</para></entry>
<entry role="parameter_description"><para>The data to pass to <parameter>callback</parameter>
.</para></entry>
<entry role="parameter_annotations"></entry></row>
</tbody></tgroup></informaltable>
</refsect3></refsect2>
<refsect2 id="polkit-unix-session-new-for-process-finish" role="function">
<title>polkit_unix_session_new_for_process_finish&#160;()</title>
<indexterm zone="polkit-unix-session-new-for-process-finish"><primary sortas="unix_session_new_for_process_finish">polkit_unix_session_new_for_process_finish</primary></indexterm>
<programlisting language="C"><link linkend="PolkitSubject"><returnvalue>PolkitSubject</returnvalue></link>&#160;*
polkit_unix_session_new_for_process_finish
                               (<parameter><link linkend="GAsyncResult"><type>GAsyncResult</type></link> *res</parameter>,
                                <parameter><link linkend="GError"><type>GError</type></link> **error</parameter>);</programlisting>
<para>Finishes constructing a <link linkend="PolkitSubject"><type>PolkitSubject</type></link> for a process id.</para>
<refsect3 id="polkit-unix-session-new-for-process-finish.parameters" role="parameters">
<title>Parameters</title>
<informaltable role="parameters_table" pgwide="1" frame="none">
<tgroup cols="3">
<colspec colname="parameters_name" colwidth="150px"/>
<colspec colname="parameters_description"/>
<colspec colname="parameters_annotations" colwidth="200px"/>
<tbody>
<row><entry role="parameter_name"><para>res</para></entry>
<entry role="parameter_description"><para>A <link linkend="GAsyncResult"><type>GAsyncResult</type></link> obtained from the <link linkend="GAsyncReadyCallback"><type>GAsyncReadyCallback</type></link> passed to <link linkend="polkit-unix-session-new-for-process"><function>polkit_unix_session_new_for_process()</function></link>.</para></entry>
<entry role="parameter_annotations"></entry></row>
<row><entry role="parameter_name"><para>error</para></entry>
<entry role="parameter_description"><para>Return location for error. </para></entry>
<entry role="parameter_annotations"><emphasis role="annotation">[<acronym>allow-none</acronym>]</emphasis></entry></row>
</tbody></tgroup></informaltable>
</refsect3><refsect3 id="polkit-unix-session-new-for-process-finish.returns" role="returns">
<title>Returns</title>
<para>A <link linkend="PolkitUnixSession"><type>PolkitUnixSession</type></link> for the <parameter>pid</parameter>
passed to
<link linkend="polkit-unix-session-new-for-process"><function>polkit_unix_session_new_for_process()</function></link> or <link linkend="NULL:CAPS"><literal>NULL</literal></link> if <parameter>error</parameter>
is
set. Free with <link linkend="g-object-unref"><function>g_object_unref()</function></link>. </para>
<para><emphasis role="annotation">[<acronym>transfer full</acronym>][<acronym>allow-none</acronym>]</emphasis></para>
</refsect3></refsect2>
<refsect2 id="polkit-unix-session-new-for-process-sync" role="function">
<title>polkit_unix_session_new_for_process_sync&#160;()</title>
<indexterm zone="polkit-unix-session-new-for-process-sync"><primary sortas="unix_session_new_for_process_sync">polkit_unix_session_new_for_process_sync</primary></indexterm>
<programlisting language="C"><link linkend="PolkitSubject"><returnvalue>PolkitSubject</returnvalue></link>&#160;*
polkit_unix_session_new_for_process_sync
                               (<parameter><link linkend="gint"><type>gint</type></link> pid</parameter>,
                                <parameter><link linkend="GCancellable"><type>GCancellable</type></link> *cancellable</parameter>,
                                <parameter><link linkend="GError"><type>GError</type></link> **error</parameter>);</programlisting>
<para>Creates a new <link linkend="PolkitUnixSession"><type>PolkitUnixSession</type></link> for the process with process id <parameter>pid</parameter>
.</para>
<para>This is a synchronous call - the calling thread is blocked until a
reply is received. For the asynchronous version, see
<link linkend="polkit-unix-session-new-for-process"><function>polkit_unix_session_new_for_process()</function></link>.</para>
<refsect3 id="polkit-unix-session-new-for-process-sync.parameters" role="parameters">
<title>Parameters</title>
<informaltable role="parameters_table" pgwide="1" frame="none">
<tgroup cols="3">
<colspec colname="parameters_name" colwidth="150px"/>
<colspec colname="parameters_description"/>
<colspec colname="parameters_annotations" colwidth="200px"/>
<tbody>
<row><entry role="parameter_name"><para>pid</para></entry>
<entry role="parameter_description"><para>The process id of the process to get the session for.</para></entry>
<entry role="parameter_annotations"></entry></row>
<row><entry role="parameter_name"><para>cancellable</para></entry>
<entry role="parameter_description"><para>A <link linkend="GCancellable"><type>GCancellable</type></link> or <link linkend="NULL:CAPS"><literal>NULL</literal></link>. </para></entry>
<entry role="parameter_annotations"><emphasis role="annotation">[<acronym>allow-none</acronym>]</emphasis></entry></row>
<row><entry role="parameter_name"><para>error</para></entry>
<entry role="parameter_description"><para>Return location for error. </para></entry>
<entry role="parameter_annotations"><emphasis role="annotation">[<acronym>allow-none</acronym>]</emphasis></entry></row>
</tbody></tgroup></informaltable>
</refsect3><refsect3 id="polkit-unix-session-new-for-process-sync.returns" role="returns">
<title>Returns</title>
<para>A <link linkend="PolkitUnixSession"><type>PolkitUnixSession</type></link> for
<parameter>pid</parameter>
or <link linkend="NULL:CAPS"><literal>NULL</literal></link> if <parameter>error</parameter>
is set. Free with <link linkend="g-object-unref"><function>g_object_unref()</function></link>. </para>
<para><emphasis role="annotation">[<acronym>allow-none</acronym>][<acronym>transfer full</acronym>]</emphasis></para>
</refsect3></refsect2>
<refsect2 id="polkit-unix-session-get-session-id" role="function">
<title>polkit_unix_session_get_session_id&#160;()</title>
<indexterm zone="polkit-unix-session-get-session-id"><primary sortas="unix_session_get_session_id">polkit_unix_session_get_session_id</primary></indexterm>
<programlisting language="C">const <link linkend="gchar"><returnvalue>gchar</returnvalue></link>&#160;*
polkit_unix_session_get_session_id (<parameter><link linkend="PolkitUnixSession"><type>PolkitUnixSession</type></link> *session</parameter>);</programlisting>
<para>Gets the session id for <parameter>session</parameter>
.</para>
<refsect3 id="polkit-unix-session-get-session-id.parameters" role="parameters">
<title>Parameters</title>
<informaltable role="parameters_table" pgwide="1" frame="none">
<tgroup cols="3">
<colspec colname="parameters_name" colwidth="150px"/>
<colspec colname="parameters_description"/>
<colspec colname="parameters_annotations" colwidth="200px"/>
<tbody>
<row><entry role="parameter_name"><para>session</para></entry>
<entry role="parameter_description"><para>A <link linkend="PolkitUnixSession"><type>PolkitUnixSession</type></link>.</para></entry>
<entry role="parameter_annotations"></entry></row>
</tbody></tgroup></informaltable>
</refsect3><refsect3 id="polkit-unix-session-get-session-id.returns" role="returns">
<title>Returns</title>
<para> The session id for <parameter>session</parameter>
. Do not free this string, it
is owned by <parameter>session</parameter>
.</para>
</refsect3></refsect2>
<refsect2 id="polkit-unix-session-set-session-id" role="function">
<title>polkit_unix_session_set_session_id&#160;()</title>
<indexterm zone="polkit-unix-session-set-session-id"><primary sortas="unix_session_set_session_id">polkit_unix_session_set_session_id</primary></indexterm>
<programlisting language="C"><link linkend="void"><returnvalue>void</returnvalue></link>
polkit_unix_session_set_session_id (<parameter><link linkend="PolkitUnixSession"><type>PolkitUnixSession</type></link> *session</parameter>,
                                    <parameter>const <link linkend="gchar"><type>gchar</type></link> *session_id</parameter>);</programlisting>
<para>Sets the session id for <parameter>session</parameter>
 to <parameter>session_id</parameter>
.</para>
<refsect3 id="polkit-unix-session-set-session-id.parameters" role="parameters">
<title>Parameters</title>
<informaltable role="parameters_table" pgwide="1" frame="none">
<tgroup cols="3">
<colspec colname="parameters_name" colwidth="150px"/>
<colspec colname="parameters_description"/>
<colspec colname="parameters_annotations" colwidth="200px"/>
<tbody>
<row><entry role="parameter_name"><para>session</para></entry>
<entry role="parameter_description"><para>A <link linkend="PolkitUnixSession"><type>PolkitUnixSession</type></link>.</para></entry>
<entry role="parameter_annotations"></entry></row>
<row><entry role="parameter_name"><para>session_id</para></entry>
<entry role="parameter_description"><para>The session id.</para></entry>
<entry role="parameter_annotations"></entry></row>
</tbody></tgroup></informaltable>
</refsect3></refsect2>

</refsect1>
<refsect1 id="PolkitUnixSession.other_details" role="details">
<title role="details.title">Types and Values</title>
<refsect2 id="PolkitUnixSession-struct" role="struct">
<title>PolkitUnixSession</title>
<indexterm zone="PolkitUnixSession-struct"><primary sortas="UnixSession">PolkitUnixSession</primary></indexterm>
<programlisting language="C">typedef struct _PolkitUnixSession PolkitUnixSession;</programlisting>
<para>The <link linkend="PolkitUnixSession"><type>PolkitUnixSession</type></link> struct should not be accessed directly.</para>
</refsect2>

</refsect1>
<refsect1 id="PolkitUnixSession.property-details" role="property_details">
<title role="property_details.title">Property Details</title>
<refsect2 id="PolkitUnixSession--pid" role="property"><title>The <literal>“pid”</literal> property</title>
<indexterm zone="PolkitUnixSession--pid"><primary sortas="UnixSession:pid">PolkitUnixSession:pid</primary></indexterm>
<programlisting>  “pid”                      <link linkend="int"><type>int</type></link></programlisting>
<para>The UNIX process id to look up the session.</para>
<para>Owner: PolkitUnixSession</para>
<para>Flags: Write / Construct&#160;Only</para>
<para>Allowed values: &gt;= 0</para>
<para>Default value: 0</para>
</refsect2>
<refsect2 id="PolkitUnixSession--session-id" role="property"><title>The <literal>“session-id”</literal> property</title>
<indexterm zone="PolkitUnixSession--session-id"><primary sortas="UnixSession:session-id">PolkitUnixSession:session-id</primary></indexterm>
<programlisting>  “session-id”               <link linkend="char"><type>char</type></link>&#160;*</programlisting>
<para>The UNIX session id.</para>
<para>Owner: PolkitUnixSession</para>
<para>Flags: Read / Write / Construct</para>
<para>Default value: NULL</para>
</refsect2>

</refsect1>

</refentry>
