<?xml version="1.0"?>
<!DOCTYPE refentry PUBLIC "-//OASIS//DTD DocBook XML V4.1.2//EN"
               "http://www.oasis-open.org/docbook/xml/4.1.2/docbookx.dtd" [
<!ENTITY version SYSTEM "../version.xml">
<!ENTITY extensiondir SYSTEM "../extensiondir.xml">
]>
<refentry id="PolkitDetails">
<refmeta>
<refentrytitle role="top_of_page" id="PolkitDetails.top_of_page">PolkitDetails</refentrytitle>
<manvolnum>3</manvolnum>
<refmiscinfo>POLKIT-1 Library</refmiscinfo>
</refmeta>
<refnamediv>
<refname>PolkitDetails</refname>
<refpurpose>Object used for passing details</refpurpose>
</refnamediv>
<refsect1 id="PolkitDetails.stability-level">
<title>Stability Level</title>
<acronym>Stable</acronym>, unless otherwise indicated
</refsect1>

<refsect1 id="PolkitDetails.functions" role="functions_proto">
<title role="functions_proto.title">Functions</title>
<informaltable pgwide="1" frame="none">
<tgroup cols="2">
<colspec colname="functions_proto_type" colwidth="150px"/>
<colspec colname="functions_proto_name"/>
<tbody>
<row><entry role="function_type"><link linkend="PolkitDetails"><returnvalue>PolkitDetails</returnvalue></link>&#160;*
</entry><entry role="function_name"><link linkend="polkit-details-new">polkit_details_new</link>&#160;<phrase role="c_punctuation">()</phrase></entry></row>
<row><entry role="function_type">const <link linkend="gchar"><returnvalue>gchar</returnvalue></link>&#160;*
</entry><entry role="function_name"><link linkend="polkit-details-lookup">polkit_details_lookup</link>&#160;<phrase role="c_punctuation">()</phrase></entry></row>
<row><entry role="function_type"><link linkend="void"><returnvalue>void</returnvalue></link>
</entry><entry role="function_name"><link linkend="polkit-details-insert">polkit_details_insert</link>&#160;<phrase role="c_punctuation">()</phrase></entry></row>
<row><entry role="function_type"><link linkend="gchar"><returnvalue>gchar</returnvalue></link>&#160;**
</entry><entry role="function_name"><link linkend="polkit-details-get-keys">polkit_details_get_keys</link>&#160;<phrase role="c_punctuation">()</phrase></entry></row>

</tbody>
</tgroup>
</informaltable>
</refsect1>
<refsect1 id="PolkitDetails.other" role="other_proto">
<title role="other_proto.title">Types and Values</title>
<informaltable pgwide="1" frame="none">
<tgroup cols="2">
<colspec colname="other_proto_type" colwidth="150px"/>
<colspec colname="other_proto_name"/>
<tbody>
<row><entry role="datatype_keyword"></entry><entry role="function_name"><link linkend="PolkitDetails-struct">PolkitDetails</link></entry></row>

</tbody>
</tgroup>
</informaltable>
</refsect1>
<refsect1 id="PolkitDetails.object-hierarchy" role="object_hierarchy">
<title role="object_hierarchy.title">Object Hierarchy</title>
<screen>    <link linkend="GObject">GObject</link>
    <phrase role="lineart">&#9584;&#9472;&#9472;</phrase> PolkitDetails
</screen>
</refsect1>


<refsect1 id="PolkitDetails.description" role="desc">
<title role="desc.title">Description</title>
<para>An object used for passing details around.</para>

</refsect1>
<refsect1 id="PolkitDetails.functions_details" role="details">
<title role="details.title">Functions</title>
<refsect2 id="polkit-details-new" role="function">
<title>polkit_details_new&#160;()</title>
<indexterm zone="polkit-details-new"><primary sortas="details_new">polkit_details_new</primary></indexterm>
<programlisting language="C"><link linkend="PolkitDetails"><returnvalue>PolkitDetails</returnvalue></link>&#160;*
polkit_details_new (<parameter><type>void</type></parameter>);</programlisting>
<para>Creates a new <link linkend="PolkitDetails"><type>PolkitDetails</type></link> object.</para>
<refsect3 id="polkit-details-new.returns" role="returns">
<title>Returns</title>
<para> A <link linkend="PolkitDetails"><type>PolkitDetails</type></link> object. Free with <link linkend="g-object-unref"><function>g_object_unref()</function></link>.</para>
</refsect3></refsect2>
<refsect2 id="polkit-details-lookup" role="function">
<title>polkit_details_lookup&#160;()</title>
<indexterm zone="polkit-details-lookup"><primary sortas="details_lookup">polkit_details_lookup</primary></indexterm>
<programlisting language="C">const <link linkend="gchar"><returnvalue>gchar</returnvalue></link>&#160;*
polkit_details_lookup (<parameter><link linkend="PolkitDetails"><type>PolkitDetails</type></link> *details</parameter>,
                       <parameter>const <link linkend="gchar"><type>gchar</type></link> *key</parameter>);</programlisting>
<para>Gets the value for <parameter>key</parameter>
 on <parameter>details</parameter>
.</para>
<refsect3 id="polkit-details-lookup.parameters" role="parameters">
<title>Parameters</title>
<informaltable role="parameters_table" pgwide="1" frame="none">
<tgroup cols="3">
<colspec colname="parameters_name" colwidth="150px"/>
<colspec colname="parameters_description"/>
<colspec colname="parameters_annotations" colwidth="200px"/>
<tbody>
<row><entry role="parameter_name"><para>details</para></entry>
<entry role="parameter_description"><para>A <link linkend="PolkitDetails"><type>PolkitDetails</type></link>.</para></entry>
<entry role="parameter_annotations"></entry></row>
<row><entry role="parameter_name"><para>key</para></entry>
<entry role="parameter_description"><para>A key.</para></entry>
<entry role="parameter_annotations"></entry></row>
</tbody></tgroup></informaltable>
</refsect3><refsect3 id="polkit-details-lookup.returns" role="returns">
<title>Returns</title>
<para><link linkend="NULL:CAPS"><literal>NULL</literal></link> if there is no value for <parameter>key</parameter>
, otherwise a string owned by <parameter>details</parameter>
. </para>
<para><emphasis role="annotation">[<acronym>allow-none</acronym>]</emphasis></para>
</refsect3></refsect2>
<refsect2 id="polkit-details-insert" role="function">
<title>polkit_details_insert&#160;()</title>
<indexterm zone="polkit-details-insert"><primary sortas="details_insert">polkit_details_insert</primary></indexterm>
<programlisting language="C"><link linkend="void"><returnvalue>void</returnvalue></link>
polkit_details_insert (<parameter><link linkend="PolkitDetails"><type>PolkitDetails</type></link> *details</parameter>,
                       <parameter>const <link linkend="gchar"><type>gchar</type></link> *key</parameter>,
                       <parameter>const <link linkend="gchar"><type>gchar</type></link> *value</parameter>);</programlisting>
<para>Inserts a copy of <parameter>key</parameter>
 and <parameter>value</parameter>
 on <parameter>details</parameter>
.</para>
<para>If <parameter>value</parameter>
 is <link linkend="NULL:CAPS"><literal>NULL</literal></link>, the key will be removed.</para>
<refsect3 id="polkit-details-insert.parameters" role="parameters">
<title>Parameters</title>
<informaltable role="parameters_table" pgwide="1" frame="none">
<tgroup cols="3">
<colspec colname="parameters_name" colwidth="150px"/>
<colspec colname="parameters_description"/>
<colspec colname="parameters_annotations" colwidth="200px"/>
<tbody>
<row><entry role="parameter_name"><para>details</para></entry>
<entry role="parameter_description"><para>A <link linkend="PolkitDetails"><type>PolkitDetails</type></link>.</para></entry>
<entry role="parameter_annotations"></entry></row>
<row><entry role="parameter_name"><para>key</para></entry>
<entry role="parameter_description"><para>A key.</para></entry>
<entry role="parameter_annotations"></entry></row>
<row><entry role="parameter_name"><para>value</para></entry>
<entry role="parameter_description"><para>A value. </para></entry>
<entry role="parameter_annotations"><emphasis role="annotation">[<acronym>allow-none</acronym>]</emphasis></entry></row>
</tbody></tgroup></informaltable>
</refsect3></refsect2>
<refsect2 id="polkit-details-get-keys" role="function">
<title>polkit_details_get_keys&#160;()</title>
<indexterm zone="polkit-details-get-keys"><primary sortas="details_get_keys">polkit_details_get_keys</primary></indexterm>
<programlisting language="C"><link linkend="gchar"><returnvalue>gchar</returnvalue></link>&#160;**
polkit_details_get_keys (<parameter><link linkend="PolkitDetails"><type>PolkitDetails</type></link> *details</parameter>);</programlisting>
<para>Gets a list of all keys on <parameter>details</parameter>
.</para>
<refsect3 id="polkit-details-get-keys.parameters" role="parameters">
<title>Parameters</title>
<informaltable role="parameters_table" pgwide="1" frame="none">
<tgroup cols="3">
<colspec colname="parameters_name" colwidth="150px"/>
<colspec colname="parameters_description"/>
<colspec colname="parameters_annotations" colwidth="200px"/>
<tbody>
<row><entry role="parameter_name"><para>details</para></entry>
<entry role="parameter_description"><para>A <link linkend="PolkitDetails"><type>PolkitDetails</type></link>.</para></entry>
<entry role="parameter_annotations"></entry></row>
</tbody></tgroup></informaltable>
</refsect3><refsect3 id="polkit-details-get-keys.returns" role="returns">
<title>Returns</title>
<para><link linkend="NULL:CAPS"><literal>NULL</literal></link> if there are no keys
otherwise an array of strings that should be freed with
<link linkend="g-strfreev"><function>g_strfreev()</function></link>. </para>
<para><emphasis role="annotation">[<acronym>transfer full</acronym>][<acronym>allow-none</acronym>]</emphasis></para>
</refsect3></refsect2>

</refsect1>
<refsect1 id="PolkitDetails.other_details" role="details">
<title role="details.title">Types and Values</title>
<refsect2 id="PolkitDetails-struct" role="struct">
<title>PolkitDetails</title>
<indexterm zone="PolkitDetails-struct"><primary sortas="Details">PolkitDetails</primary></indexterm>
<programlisting language="C">typedef struct _PolkitDetails PolkitDetails;</programlisting>
<para>The <link linkend="PolkitDetails"><type>PolkitDetails</type></link> struct should not be accessed directly.</para>
</refsect2>

</refsect1>

</refentry>
