<?xml version="1.0"?>
<!DOCTYPE refentry PUBLIC "-//OASIS//DTD DocBook XML V4.1.2//EN"
               "http://www.oasis-open.org/docbook/xml/4.1.2/docbookx.dtd" [
<!ENTITY version SYSTEM "../version.xml">
<!ENTITY extensiondir SYSTEM "../extensiondir.xml">
]>
<refentry id="PolkitUnixProcess">
<refmeta>
<refentrytitle role="top_of_page" id="PolkitUnixProcess.top_of_page">PolkitUnixProcess</refentrytitle>
<manvolnum>3</manvolnum>
<refmiscinfo>POLKIT-1 Library</refmiscinfo>
</refmeta>
<refnamediv>
<refname>PolkitUnixProcess</refname>
<refpurpose>Unix processs</refpurpose>
</refnamediv>

<refsect1 id="PolkitUnixProcess.functions" role="functions_proto">
<title role="functions_proto.title">Functions</title>
<informaltable pgwide="1" frame="none">
<tgroup cols="2">
<colspec colname="functions_proto_type" colwidth="150px"/>
<colspec colname="functions_proto_name"/>
<tbody>
<row><entry role="function_type"><link linkend="PolkitSubject"><returnvalue>PolkitSubject</returnvalue></link>&#160;*
</entry><entry role="function_name"><link linkend="polkit-unix-process-new">polkit_unix_process_new</link>&#160;<phrase role="c_punctuation">()</phrase></entry></row>
<row><entry role="function_type"><link linkend="PolkitSubject"><returnvalue>PolkitSubject</returnvalue></link>&#160;*
</entry><entry role="function_name"><link linkend="polkit-unix-process-new-full">polkit_unix_process_new_full</link>&#160;<phrase role="c_punctuation">()</phrase></entry></row>
<row><entry role="function_type"><link linkend="PolkitSubject"><returnvalue>PolkitSubject</returnvalue></link>&#160;*
</entry><entry role="function_name"><link linkend="polkit-unix-process-new-for-owner">polkit_unix_process_new_for_owner</link>&#160;<phrase role="c_punctuation">()</phrase></entry></row>
<row><entry role="function_type"><link linkend="void"><returnvalue>void</returnvalue></link>
</entry><entry role="function_name"><link linkend="polkit-unix-process-set-pid">polkit_unix_process_set_pid</link>&#160;<phrase role="c_punctuation">()</phrase></entry></row>
<row><entry role="function_type"><link linkend="gint"><returnvalue>gint</returnvalue></link>
</entry><entry role="function_name"><link linkend="polkit-unix-process-get-pid">polkit_unix_process_get_pid</link>&#160;<phrase role="c_punctuation">()</phrase></entry></row>
<row><entry role="function_type"><link linkend="void"><returnvalue>void</returnvalue></link>
</entry><entry role="function_name"><link linkend="polkit-unix-process-set-start-time">polkit_unix_process_set_start_time</link>&#160;<phrase role="c_punctuation">()</phrase></entry></row>
<row><entry role="function_type"><link linkend="guint64"><returnvalue>guint64</returnvalue></link>
</entry><entry role="function_name"><link linkend="polkit-unix-process-get-start-time">polkit_unix_process_get_start_time</link>&#160;<phrase role="c_punctuation">()</phrase></entry></row>
<row><entry role="function_type"><link linkend="void"><returnvalue>void</returnvalue></link>
</entry><entry role="function_name"><link linkend="polkit-unix-process-set-uid">polkit_unix_process_set_uid</link>&#160;<phrase role="c_punctuation">()</phrase></entry></row>
<row><entry role="function_type"><link linkend="gint"><returnvalue>gint</returnvalue></link>
</entry><entry role="function_name"><link linkend="polkit-unix-process-get-uid">polkit_unix_process_get_uid</link>&#160;<phrase role="c_punctuation">()</phrase></entry></row>
<row><entry role="function_type"><link linkend="gint"><returnvalue>gint</returnvalue></link>
</entry><entry role="function_name"><link linkend="polkit-unix-process-get-owner">polkit_unix_process_get_owner</link>&#160;<phrase role="c_punctuation">()</phrase></entry></row>

</tbody>
</tgroup>
</informaltable>
</refsect1>
<refsect1 id="PolkitUnixProcess.properties" role="properties">
<title role="properties.title">Properties</title>
<informaltable frame="none">
<tgroup cols="3">
<colspec colname="properties_type" colwidth="150px"/>
<colspec colname="properties_name" colwidth="300px"/>
<colspec colname="properties_flags" colwidth="200px"/>
<tbody>
<row><entry role="property_type"><link linkend="GArray"><type>GArray</type></link>&#160;*</entry><entry role="property_name"><link linkend="PolkitUnixProcess--gids">gids</link></entry><entry role="property_flags">Read / Write / Construct</entry></row>
<row><entry role="property_type"><link linkend="int"><type>int</type></link></entry><entry role="property_name"><link linkend="PolkitUnixProcess--pid">pid</link></entry><entry role="property_flags">Read / Write / Construct</entry></row>
<row><entry role="property_type"><link linkend="int"><type>int</type></link></entry><entry role="property_name"><link linkend="PolkitUnixProcess--pidfd">pidfd</link></entry><entry role="property_flags">Read / Write / Construct</entry></row>
<row><entry role="property_type"><link linkend="gboolean"><type>gboolean</type></link></entry><entry role="property_name"><link linkend="PolkitUnixProcess--pidfd-is-safe">pidfd-is-safe</link></entry><entry role="property_flags">Read</entry></row>
<row><entry role="property_type"><link linkend="guint64"><type>guint64</type></link></entry><entry role="property_name"><link linkend="PolkitUnixProcess--start-time">start-time</link></entry><entry role="property_flags">Read / Write / Construct</entry></row>
<row><entry role="property_type"><link linkend="int"><type>int</type></link></entry><entry role="property_name"><link linkend="PolkitUnixProcess--uid">uid</link></entry><entry role="property_flags">Read / Write / Construct</entry></row>

</tbody>
</tgroup>
</informaltable>
</refsect1>
<refsect1 id="PolkitUnixProcess.other" role="other_proto">
<title role="other_proto.title">Types and Values</title>
<informaltable pgwide="1" frame="none">
<tgroup cols="2">
<colspec colname="other_proto_type" colwidth="150px"/>
<colspec colname="other_proto_name"/>
<tbody>
<row><entry role="datatype_keyword"></entry><entry role="function_name"><link linkend="PolkitUnixProcess-struct">PolkitUnixProcess</link></entry></row>

</tbody>
</tgroup>
</informaltable>
</refsect1>
<refsect1 id="PolkitUnixProcess.object-hierarchy" role="object_hierarchy">
<title role="object_hierarchy.title">Object Hierarchy</title>
<screen>    <link linkend="GObject">GObject</link>
    <phrase role="lineart">&#9584;&#9472;&#9472;</phrase> PolkitUnixProcess
</screen>
</refsect1>
<refsect1 id="PolkitUnixProcess.implemented-interfaces" role="impl_interfaces">
<title role="impl_interfaces.title">Implemented Interfaces</title>
<para>
PolkitUnixProcess implements
 <link linkend="PolkitSubject">PolkitSubject</link>.</para>

</refsect1>


<refsect1 id="PolkitUnixProcess.description" role="desc">
<title role="desc.title">Description</title>
<para>An object for representing a UNIX process. In order to be reliable and
race-free, this requires support for PID File Descriptors in the kernel,
dbus-daemon/broker and systemd. With this functionality, we can reliably
track processes without risking PID reuse and race conditions, and compare
them.</para>
<para>NOTE: If PID FDs are not available, this object will fall back to using
PIDs, and this designed is now known broken; a mechanism to exploit a delay
in start time in the Linux kernel was identified.  Avoid
calling <link linkend="polkit-subject-equal"><function>polkit_subject_equal()</function></link> to compare two processes.</para>
<para>To uniquely identify processes, both the process id and the start
time of the process (a monotonic increasing value representing the
time since the kernel was started) is used.</para>
<para>NOTE: This object stores, and provides access to, the real UID of the
process.  That value can change over time (with set*uid*(2) and exec*(2)).
Checks whether an operation is allowed need to take care to use the UID
value as of the time when the operation was made (or, following the <link linkend="open"><function>open()</function></link>
privilege check model, when the connection making the operation possible
was initiated).  That is usually done by initializing this with
<link linkend="polkit-unix-process-new-for-owner"><function>polkit_unix_process_new_for_owner()</function></link> with trusted data.</para>

</refsect1>
<refsect1 id="PolkitUnixProcess.functions_details" role="details">
<title role="details.title">Functions</title>
<refsect2 id="polkit-unix-process-new" role="function" condition="deprecated:">
<title>polkit_unix_process_new&#160;()</title>
<indexterm zone="polkit-unix-process-new" role="deprecated"><primary sortas="unix_process_new">polkit_unix_process_new</primary></indexterm>
<programlisting language="C"><link linkend="PolkitSubject"><returnvalue>PolkitSubject</returnvalue></link>&#160;*
polkit_unix_process_new (<parameter><link linkend="gint"><type>gint</type></link> pid</parameter>);</programlisting>
<warning><para><literal>polkit_unix_process_new</literal> is deprecated and should not be used in newly-written code.</para></warning>
<para>Creates a new <link linkend="PolkitUnixProcess"><type>PolkitUnixProcess</type></link> for <parameter>pid</parameter>
.</para>
<para>The uid and start time of the process will be looked up in using
e.g. the <filename>/proc</filename> filesystem depending on the
platform in use.</para>
<refsect3 id="polkit-unix-process-new.parameters" role="parameters">
<title>Parameters</title>
<informaltable role="parameters_table" pgwide="1" frame="none">
<tgroup cols="3">
<colspec colname="parameters_name" colwidth="150px"/>
<colspec colname="parameters_description"/>
<colspec colname="parameters_annotations" colwidth="200px"/>
<tbody>
<row><entry role="parameter_name"><para>pid</para></entry>
<entry role="parameter_description"><para>The process id.</para></entry>
<entry role="parameter_annotations"></entry></row>
</tbody></tgroup></informaltable>
</refsect3><refsect3 id="polkit-unix-process-new.returns" role="returns">
<title>Returns</title>
<para>A <link linkend="PolkitSubject"><type>PolkitSubject</type></link>. Free with <link linkend="g-object-unref"><function>g_object_unref()</function></link>. </para>
<para><emphasis role="annotation">[<acronym>transfer full</acronym>]</emphasis></para>
</refsect3></refsect2>
<refsect2 id="polkit-unix-process-new-full" role="function" condition="deprecated:">
<title>polkit_unix_process_new_full&#160;()</title>
<indexterm zone="polkit-unix-process-new-full" role="deprecated"><primary sortas="unix_process_new_full">polkit_unix_process_new_full</primary></indexterm>
<programlisting language="C"><link linkend="PolkitSubject"><returnvalue>PolkitSubject</returnvalue></link>&#160;*
polkit_unix_process_new_full (<parameter><link linkend="gint"><type>gint</type></link> pid</parameter>,
                              <parameter><link linkend="guint64"><type>guint64</type></link> start_time</parameter>);</programlisting>
<warning><para><literal>polkit_unix_process_new_full</literal> is deprecated and should not be used in newly-written code.</para></warning>
<para>Creates a new <link linkend="PolkitUnixProcess"><type>PolkitUnixProcess</type></link> object for <parameter>pid</parameter>
 and <parameter>start_time</parameter>
.</para>
<para>The uid of the process will be looked up in using e.g. the
<filename>/proc</filename> filesystem depending on the platform in
use.</para>
<refsect3 id="polkit-unix-process-new-full.parameters" role="parameters">
<title>Parameters</title>
<informaltable role="parameters_table" pgwide="1" frame="none">
<tgroup cols="3">
<colspec colname="parameters_name" colwidth="150px"/>
<colspec colname="parameters_description"/>
<colspec colname="parameters_annotations" colwidth="200px"/>
<tbody>
<row><entry role="parameter_name"><para>pid</para></entry>
<entry role="parameter_description"><para>The process id.</para></entry>
<entry role="parameter_annotations"></entry></row>
<row><entry role="parameter_name"><para>start_time</para></entry>
<entry role="parameter_description"><para>The start time for <parameter>pid</parameter>
.</para></entry>
<entry role="parameter_annotations"></entry></row>
</tbody></tgroup></informaltable>
</refsect3><refsect3 id="polkit-unix-process-new-full.returns" role="returns">
<title>Returns</title>
<para>A <link linkend="PolkitSubject"><type>PolkitSubject</type></link>. Free with <link linkend="g-object-unref"><function>g_object_unref()</function></link>. </para>
<para><emphasis role="annotation">[<acronym>transfer full</acronym>]</emphasis></para>
</refsect3></refsect2>
<refsect2 id="polkit-unix-process-new-for-owner" role="function">
<title>polkit_unix_process_new_for_owner&#160;()</title>
<indexterm zone="polkit-unix-process-new-for-owner"><primary sortas="unix_process_new_for_owner">polkit_unix_process_new_for_owner</primary></indexterm>
<programlisting language="C"><link linkend="PolkitSubject"><returnvalue>PolkitSubject</returnvalue></link>&#160;*
polkit_unix_process_new_for_owner (<parameter><link linkend="gint"><type>gint</type></link> pid</parameter>,
                                   <parameter><link linkend="guint64"><type>guint64</type></link> start_time</parameter>,
                                   <parameter><link linkend="gint"><type>gint</type></link> uid</parameter>);</programlisting>
<para>Creates a new <link linkend="PolkitUnixProcess"><type>PolkitUnixProcess</type></link> object for <parameter>pid</parameter>
, <parameter>start_time</parameter>
 and <parameter>uid</parameter>
.</para>
<refsect3 id="polkit-unix-process-new-for-owner.parameters" role="parameters">
<title>Parameters</title>
<informaltable role="parameters_table" pgwide="1" frame="none">
<tgroup cols="3">
<colspec colname="parameters_name" colwidth="150px"/>
<colspec colname="parameters_description"/>
<colspec colname="parameters_annotations" colwidth="200px"/>
<tbody>
<row><entry role="parameter_name"><para>pid</para></entry>
<entry role="parameter_description"><para>The process id.</para></entry>
<entry role="parameter_annotations"></entry></row>
<row><entry role="parameter_name"><para>start_time</para></entry>
<entry role="parameter_description"><para>The start time for <parameter>pid</parameter>
or 0 to look it up in e.g. <filename>/proc</filename>.</para></entry>
<entry role="parameter_annotations"></entry></row>
<row><entry role="parameter_name"><para>uid</para></entry>
<entry role="parameter_description"><para>The (real, not effective) uid of the owner of <parameter>pid</parameter>
or -1 to look it up in e.g. <filename>/proc</filename>.</para></entry>
<entry role="parameter_annotations"></entry></row>
</tbody></tgroup></informaltable>
</refsect3><refsect3 id="polkit-unix-process-new-for-owner.returns" role="returns">
<title>Returns</title>
<para>A <link linkend="PolkitSubject"><type>PolkitSubject</type></link>. Free with <link linkend="g-object-unref"><function>g_object_unref()</function></link>. </para>
<para><emphasis role="annotation">[<acronym>transfer full</acronym>]</emphasis></para>
</refsect3></refsect2>
<refsect2 id="polkit-unix-process-set-pid" role="function">
<title>polkit_unix_process_set_pid&#160;()</title>
<indexterm zone="polkit-unix-process-set-pid"><primary sortas="unix_process_set_pid">polkit_unix_process_set_pid</primary></indexterm>
<programlisting language="C"><link linkend="void"><returnvalue>void</returnvalue></link>
polkit_unix_process_set_pid (<parameter><link linkend="PolkitUnixProcess"><type>PolkitUnixProcess</type></link> *process</parameter>,
                             <parameter><link linkend="gint"><type>gint</type></link> pid</parameter>);</programlisting>
<para>Sets <parameter>pid</parameter>
 for <parameter>process</parameter>
.</para>
<refsect3 id="polkit-unix-process-set-pid.parameters" role="parameters">
<title>Parameters</title>
<informaltable role="parameters_table" pgwide="1" frame="none">
<tgroup cols="3">
<colspec colname="parameters_name" colwidth="150px"/>
<colspec colname="parameters_description"/>
<colspec colname="parameters_annotations" colwidth="200px"/>
<tbody>
<row><entry role="parameter_name"><para>process</para></entry>
<entry role="parameter_description"><para>A <link linkend="PolkitUnixProcess"><type>PolkitUnixProcess</type></link>.</para></entry>
<entry role="parameter_annotations"></entry></row>
<row><entry role="parameter_name"><para>pid</para></entry>
<entry role="parameter_description"><para>A process id.</para></entry>
<entry role="parameter_annotations"></entry></row>
</tbody></tgroup></informaltable>
</refsect3></refsect2>
<refsect2 id="polkit-unix-process-get-pid" role="function">
<title>polkit_unix_process_get_pid&#160;()</title>
<indexterm zone="polkit-unix-process-get-pid"><primary sortas="unix_process_get_pid">polkit_unix_process_get_pid</primary></indexterm>
<programlisting language="C"><link linkend="gint"><returnvalue>gint</returnvalue></link>
polkit_unix_process_get_pid (<parameter><link linkend="PolkitUnixProcess"><type>PolkitUnixProcess</type></link> *process</parameter>);</programlisting>
<para>Gets the process id for <parameter>process</parameter>
.</para>
<refsect3 id="polkit-unix-process-get-pid.parameters" role="parameters">
<title>Parameters</title>
<informaltable role="parameters_table" pgwide="1" frame="none">
<tgroup cols="3">
<colspec colname="parameters_name" colwidth="150px"/>
<colspec colname="parameters_description"/>
<colspec colname="parameters_annotations" colwidth="200px"/>
<tbody>
<row><entry role="parameter_name"><para>process</para></entry>
<entry role="parameter_description"><para>A <link linkend="PolkitUnixProcess"><type>PolkitUnixProcess</type></link>.</para></entry>
<entry role="parameter_annotations"></entry></row>
</tbody></tgroup></informaltable>
</refsect3><refsect3 id="polkit-unix-process-get-pid.returns" role="returns">
<title>Returns</title>
<para> The process id for <parameter>process</parameter>
.</para>
</refsect3></refsect2>
<refsect2 id="polkit-unix-process-set-start-time" role="function">
<title>polkit_unix_process_set_start_time&#160;()</title>
<indexterm zone="polkit-unix-process-set-start-time"><primary sortas="unix_process_set_start_time">polkit_unix_process_set_start_time</primary></indexterm>
<programlisting language="C"><link linkend="void"><returnvalue>void</returnvalue></link>
polkit_unix_process_set_start_time (<parameter><link linkend="PolkitUnixProcess"><type>PolkitUnixProcess</type></link> *process</parameter>,
                                    <parameter><link linkend="guint64"><type>guint64</type></link> start_time</parameter>);</programlisting>
<para>Set the start time of <parameter>process</parameter>
.</para>
<refsect3 id="polkit-unix-process-set-start-time.parameters" role="parameters">
<title>Parameters</title>
<informaltable role="parameters_table" pgwide="1" frame="none">
<tgroup cols="3">
<colspec colname="parameters_name" colwidth="150px"/>
<colspec colname="parameters_description"/>
<colspec colname="parameters_annotations" colwidth="200px"/>
<tbody>
<row><entry role="parameter_name"><para>process</para></entry>
<entry role="parameter_description"><para>A <link linkend="PolkitUnixProcess"><type>PolkitUnixProcess</type></link>.</para></entry>
<entry role="parameter_annotations"></entry></row>
<row><entry role="parameter_name"><para>start_time</para></entry>
<entry role="parameter_description"><para>The start time for <parameter>pid</parameter>
.</para></entry>
<entry role="parameter_annotations"></entry></row>
</tbody></tgroup></informaltable>
</refsect3></refsect2>
<refsect2 id="polkit-unix-process-get-start-time" role="function">
<title>polkit_unix_process_get_start_time&#160;()</title>
<indexterm zone="polkit-unix-process-get-start-time"><primary sortas="unix_process_get_start_time">polkit_unix_process_get_start_time</primary></indexterm>
<programlisting language="C"><link linkend="guint64"><returnvalue>guint64</returnvalue></link>
polkit_unix_process_get_start_time (<parameter><link linkend="PolkitUnixProcess"><type>PolkitUnixProcess</type></link> *process</parameter>);</programlisting>
<para>Gets the start time of <parameter>process</parameter>
.</para>
<refsect3 id="polkit-unix-process-get-start-time.parameters" role="parameters">
<title>Parameters</title>
<informaltable role="parameters_table" pgwide="1" frame="none">
<tgroup cols="3">
<colspec colname="parameters_name" colwidth="150px"/>
<colspec colname="parameters_description"/>
<colspec colname="parameters_annotations" colwidth="200px"/>
<tbody>
<row><entry role="parameter_name"><para>process</para></entry>
<entry role="parameter_description"><para>A <link linkend="PolkitUnixProcess"><type>PolkitUnixProcess</type></link>.</para></entry>
<entry role="parameter_annotations"></entry></row>
</tbody></tgroup></informaltable>
</refsect3><refsect3 id="polkit-unix-process-get-start-time.returns" role="returns">
<title>Returns</title>
<para> The start time of <parameter>process</parameter>
.</para>
</refsect3></refsect2>
<refsect2 id="polkit-unix-process-set-uid" role="function">
<title>polkit_unix_process_set_uid&#160;()</title>
<indexterm zone="polkit-unix-process-set-uid"><primary sortas="unix_process_set_uid">polkit_unix_process_set_uid</primary></indexterm>
<programlisting language="C"><link linkend="void"><returnvalue>void</returnvalue></link>
polkit_unix_process_set_uid (<parameter><link linkend="PolkitUnixProcess"><type>PolkitUnixProcess</type></link> *process</parameter>,
                             <parameter><link linkend="gint"><type>gint</type></link> uid</parameter>);</programlisting>
<para>Sets the (real, not effective) user id for <parameter>process</parameter>
.</para>
<refsect3 id="polkit-unix-process-set-uid.parameters" role="parameters">
<title>Parameters</title>
<informaltable role="parameters_table" pgwide="1" frame="none">
<tgroup cols="3">
<colspec colname="parameters_name" colwidth="150px"/>
<colspec colname="parameters_description"/>
<colspec colname="parameters_annotations" colwidth="200px"/>
<tbody>
<row><entry role="parameter_name"><para>process</para></entry>
<entry role="parameter_description"><para>A <link linkend="PolkitUnixProcess"><type>PolkitUnixProcess</type></link>.</para></entry>
<entry role="parameter_annotations"></entry></row>
<row><entry role="parameter_name"><para>uid</para></entry>
<entry role="parameter_description"><para>The user id to set for <parameter>process</parameter>
or -1 to unset it.</para></entry>
<entry role="parameter_annotations"></entry></row>
</tbody></tgroup></informaltable>
</refsect3></refsect2>
<refsect2 id="polkit-unix-process-get-uid" role="function">
<title>polkit_unix_process_get_uid&#160;()</title>
<indexterm zone="polkit-unix-process-get-uid"><primary sortas="unix_process_get_uid">polkit_unix_process_get_uid</primary></indexterm>
<programlisting language="C"><link linkend="gint"><returnvalue>gint</returnvalue></link>
polkit_unix_process_get_uid (<parameter><link linkend="PolkitUnixProcess"><type>PolkitUnixProcess</type></link> *process</parameter>);</programlisting>
<para>Gets the user id for <parameter>process</parameter>
. Note that this is the real user-id,
not the effective user-id.</para>
<para>NOTE: The UID may change over time, so the returned value may not match the
current state of the underlying process; or the UID may have been set by
<link linkend="polkit-unix-process-new-for-owner"><function>polkit_unix_process_new_for_owner()</function></link> or <link linkend="polkit-unix-process-set-uid"><function>polkit_unix_process_set_uid()</function></link>,
in which case it may not correspond to the actual UID of the referenced
process at all (at any point in time).</para>
<refsect3 id="polkit-unix-process-get-uid.parameters" role="parameters">
<title>Parameters</title>
<informaltable role="parameters_table" pgwide="1" frame="none">
<tgroup cols="3">
<colspec colname="parameters_name" colwidth="150px"/>
<colspec colname="parameters_description"/>
<colspec colname="parameters_annotations" colwidth="200px"/>
<tbody>
<row><entry role="parameter_name"><para>process</para></entry>
<entry role="parameter_description"><para>A <link linkend="PolkitUnixProcess"><type>PolkitUnixProcess</type></link>.</para></entry>
<entry role="parameter_annotations"></entry></row>
</tbody></tgroup></informaltable>
</refsect3><refsect3 id="polkit-unix-process-get-uid.returns" role="returns">
<title>Returns</title>
<para> The user id for <parameter>process</parameter>
or -1 if unknown.</para>
</refsect3></refsect2>
<refsect2 id="polkit-unix-process-get-owner" role="function" condition="deprecated:">
<title>polkit_unix_process_get_owner&#160;()</title>
<indexterm zone="polkit-unix-process-get-owner" role="deprecated"><primary sortas="unix_process_get_owner">polkit_unix_process_get_owner</primary></indexterm>
<programlisting language="C"><link linkend="gint"><returnvalue>gint</returnvalue></link>
polkit_unix_process_get_owner (<parameter><link linkend="PolkitUnixProcess"><type>PolkitUnixProcess</type></link> *process</parameter>,
                               <parameter><link linkend="GError"><type>GError</type></link> **error</parameter>);</programlisting>
<warning><para><literal>polkit_unix_process_get_owner</literal> is deprecated and should not be used in newly-written code.</para></warning>
<para>(deprecated)</para>
<refsect3 id="polkit-unix-process-get-owner.parameters" role="parameters">
<title>Parameters</title>
<informaltable role="parameters_table" pgwide="1" frame="none">
<tgroup cols="3">
<colspec colname="parameters_name" colwidth="150px"/>
<colspec colname="parameters_description"/>
<colspec colname="parameters_annotations" colwidth="200px"/>
<tbody>
<row><entry role="parameter_name"><para>process</para></entry>
<entry role="parameter_description"><para>A <link linkend="PolkitUnixProcess"><type>PolkitUnixProcess</type></link>.</para></entry>
<entry role="parameter_annotations"></entry></row>
<row><entry role="parameter_name"><para>error</para></entry>
<entry role="parameter_description"><para>Return location for error.</para></entry>
<entry role="parameter_annotations"></entry></row>
</tbody></tgroup></informaltable>
</refsect3></refsect2>

</refsect1>
<refsect1 id="PolkitUnixProcess.other_details" role="details">
<title role="details.title">Types and Values</title>
<refsect2 id="PolkitUnixProcess-struct" role="struct">
<title>PolkitUnixProcess</title>
<indexterm zone="PolkitUnixProcess-struct"><primary sortas="UnixProcess">PolkitUnixProcess</primary></indexterm>
<programlisting language="C">typedef struct _PolkitUnixProcess PolkitUnixProcess;</programlisting>
<para>The <link linkend="PolkitUnixProcess"><type>PolkitUnixProcess</type></link> struct should not be accessed directly.</para>
</refsect2>

</refsect1>
<refsect1 id="PolkitUnixProcess.property-details" role="property_details">
<title role="property_details.title">Property Details</title>
<refsect2 id="PolkitUnixProcess--gids" role="property"><title>The <literal>“gids”</literal> property</title>
<indexterm zone="PolkitUnixProcess--gids"><primary sortas="UnixProcess:gids">PolkitUnixProcess:gids</primary></indexterm>
<programlisting>  “gids”                     <link linkend="GArray"><type>GArray</type></link>&#160;*</programlisting>
<para>The UNIX group ids of the process.</para>
<para>Owner: PolkitUnixProcess</para>
<para>Flags: Read / Write / Construct</para>
</refsect2>
<refsect2 id="PolkitUnixProcess--pid" role="property"><title>The <literal>“pid”</literal> property</title>
<indexterm zone="PolkitUnixProcess--pid"><primary sortas="UnixProcess:pid">PolkitUnixProcess:pid</primary></indexterm>
<programlisting>  “pid”                      <link linkend="int"><type>int</type></link></programlisting>
<para>The UNIX process id.</para>
<para>Owner: PolkitUnixProcess</para>
<para>Flags: Read / Write / Construct</para>
<para>Allowed values: &gt;= 0</para>
<para>Default value: 0</para>
</refsect2>
<refsect2 id="PolkitUnixProcess--pidfd" role="property"><title>The <literal>“pidfd”</literal> property</title>
<indexterm zone="PolkitUnixProcess--pidfd"><primary sortas="UnixProcess:pidfd">PolkitUnixProcess:pidfd</primary></indexterm>
<programlisting>  “pidfd”                    <link linkend="int"><type>int</type></link></programlisting>
<para>The UNIX process id file descriptor.</para>
<para>Owner: PolkitUnixProcess</para>
<para>Flags: Read / Write / Construct</para>
<para>Allowed values: &gt;= -1</para>
<para>Default value: -1</para>
</refsect2>
<refsect2 id="PolkitUnixProcess--pidfd-is-safe" role="property"><title>The <literal>“pidfd-is-safe”</literal> property</title>
<indexterm zone="PolkitUnixProcess--pidfd-is-safe"><primary sortas="UnixProcess:pidfd-is-safe">PolkitUnixProcess:pidfd-is-safe</primary></indexterm>
<programlisting>  “pidfd-is-safe”            <link linkend="gboolean"><type>gboolean</type></link></programlisting>
<para>Whether the UNIX process ID file descriptor is safe.</para><para>Owner: PolkitUnixProcess</para>
<para>Flags: Read</para>
<para>Default value: FALSE</para>
</refsect2>
<refsect2 id="PolkitUnixProcess--start-time" role="property"><title>The <literal>“start-time”</literal> property</title>
<indexterm zone="PolkitUnixProcess--start-time"><primary sortas="UnixProcess:start-time">PolkitUnixProcess:start-time</primary></indexterm>
<programlisting>  “start-time”               <link linkend="guint64"><type>guint64</type></link></programlisting>
<para>The start time of the process.</para>
<para>Owner: PolkitUnixProcess</para>
<para>Flags: Read / Write / Construct</para>
<para>Default value: 0</para>
</refsect2>
<refsect2 id="PolkitUnixProcess--uid" role="property"><title>The <literal>“uid”</literal> property</title>
<indexterm zone="PolkitUnixProcess--uid"><primary sortas="UnixProcess:uid">PolkitUnixProcess:uid</primary></indexterm>
<programlisting>  “uid”                      <link linkend="int"><type>int</type></link></programlisting>
<para>The UNIX user id of the process or -1 if unknown.</para>
<para>Note that this is the real user-id, not the effective user-id.</para>
<para>Owner: PolkitUnixProcess</para>
<para>Flags: Read / Write / Construct</para>
<para>Default value: -1</para>
</refsect2>

</refsect1>

</refentry>
